ID,GRANGE,SR,MPH,name,LOCATION,N,mean,sd,se,cv,SERIES
ActivPal3,2,20,1,Proposed,DominantWaist,12,365.52842992393,77.832081141444,22.4681864993008,0.212930307931565,ActivPal3: 20Hz, 2g
ActivPal3,2,20,1,Proposed with narrow passband (0.25-2.5Hz) 
 and without extrapolation,DominantWaist,12,309.070923605189,71.5417066670237,20.6523118012457,0.231473429569234,ActivPal3: 20Hz, 2g
ActivPal3,2,20,1,Proposed without extrapolation,DominantWaist,12,365.528429986754,77.8320810076156,22.4681864606678,0.212930307528846,ActivPal3: 20Hz, 2g
ActivPal3,2,20,1.9,Proposed,DominantWaist,20,479.129796351622,64.4217499064908,14.4051412020404,0.134455737040435,ActivPal3: 20Hz, 2g
ActivPal3,2,20,1.9,Proposed with narrow passband (0.25-2.5Hz) 
 and without extrapolation,DominantWaist,20,377.272452272369,51.7025523247686,11.5610421608422,0.137043009669421,ActivPal3: 20Hz, 2g
ActivPal3,2,20,1.9,Proposed without extrapolation,DominantWaist,20,479.129796362476,64.4217499001372,14.4051412006197,0.134455737024128,ActivPal3: 20Hz, 2g
ActivPal3,2,20,2,Proposed,DominantWaist,12,477.63234397692,55.3491371202519,15.9779196078955,0.115882305330073,ActivPal3: 20Hz, 2g
ActivPal3,2,20,2,Proposed with narrow passband (0.25-2.5Hz) 
 and without extrapolation,DominantWaist,12,396.103055854477,46.3525380864302,13.3808251709114,0.117021409962208,ActivPal3: 20Hz, 2g
ActivPal3,2,20,2,Proposed without extrapolation,DominantWaist,12,477.632344082176,55.3491370765388,15.9779195952766,0.115882305213016,ActivPal3: 20Hz, 2g
ActivPal3,2,20,3,Proposed,DominantWaist,12,677.792029927247,37.8105418973865,10.9149632713309,0.055784872391381,ActivPal3: 20Hz, 2g
ActivPal3,2,20,3,Proposed with narrow passband (0.25-2.5Hz) 
 and without extrapolation,DominantWaist,12,573.903967554578,25.4522532313273,7.34743262729467,0.0443493243996554,ActivPal3: 20Hz, 2g
ActivPal3,2,20,3,Proposed without extrapolation,DominantWaist,12,677.792029874111,37.8105418211126,10.9149632493125,0.0557848722832213,ActivPal3: 20Hz, 2g
ActivPal3,2,20,3.1,Proposed,DominantWaist,20,735.645703510846,44.2021164957198,9.88389372337943,0.0600861478355227,ActivPal3: 20Hz, 2g
ActivPal3,2,20,3.1,Proposed with narrow passband (0.25-2.5Hz) 
 and without extrapolation,DominantWaist,20,608.945720013679,29.246451983378,6.53970547355167,0.0480280114009521,ActivPal3: 20Hz, 2g
ActivPal3,2,20,3.1,Proposed without extrapolation,DominantWaist,20,734.370628194285,45.2086000338208,10.1089502843223,0.0615610133332572,ActivPal3: 20Hz, 2g
ActivPal3,2,20,4,Proposed,DominantWaist,12,1083.49934966773,33.8497550549204,9.7715825964806,0.0312411401680129,ActivPal3: 20Hz, 2g
ActivPal3,2,20,4,Proposed with narrow passband (0.25-2.5Hz) 
 and without extrapolation,DominantWaist,12,854.203031715381,30.3321928237923,8.75614984596406,0.0355093481263819,ActivPal3: 20Hz, 2g
ActivPal3,2,20,4,Proposed without extrapolation,DominantWaist,12,1078.01367743247,34.8482819527213,10.0598324830998,0.0323263820137425,ActivPal3: 20Hz, 2g
ActivPal3,2,20,4.4,Proposed,DominantWaist,20,1224.71219330487,77.9621691245891,17.4328709835916,0.0636575430136031,ActivPal3: 20Hz, 2g
ActivPal3,2,20,4.4,Proposed with narrow passband (0.25-2.5Hz) 
 and without extrapolation,DominantWaist,20,956.952717898598,71.8930786329087,16.0757810934921,0.0751270959246356,ActivPal3: 20Hz, 2g
ActivPal3,2,20,4.4,Proposed without extrapolation,DominantWaist,20,1215.7038870752,77.0093332423639,17.219810403186,0.0633454692882794,ActivPal3: 20Hz, 2g
ActivPal3,2,20,5,Proposed,DominantWaist,32,1490.85058410611,239.961590649697,42.4196169931778,0.160956163687976,ActivPal3: 20Hz, 2g
ActivPal3,2,20,5,Proposed with narrow passband (0.25-2.5Hz) 
 and without extrapolation,DominantWaist,32,774.24500668691,141.820843639529,25.070620062777,0.18317308140791,ActivPal3: 20Hz, 2g
ActivPal3,2,20,5,Proposed without extrapolation,DominantWaist,32,1450.43453752535,215.033364736672,38.0128875966652,0.148254443184695,ActivPal3: 20Hz, 2g
ActivPal3,2,20,6,Proposed,DominantWaist,12,1938.47841776775,102.714608834048,29.6511535300223,0.0529872336429356,ActivPal3: 20Hz, 2g
ActivPal3,2,20,6,Proposed with narrow passband (0.25-2.5Hz) 
 and without extrapolation,DominantWaist,12,893.337686216298,61.7419294157654,17.8233597842395,0.0691137633264654,ActivPal3: 20Hz, 2g
ActivPal3,2,20,6,Proposed without extrapolation,DominantWaist,12,1818.35088453888,54.5191650653386,15.7383273132334,0.0299827527948019,ActivPal3: 20Hz, 2g
ActivPal3,2,20,6.3,Proposed,DominantWaist,20,1632.32489858193,223.161776965855,49.9004903275298,0.13671406786708,ActivPal3: 20Hz, 2g
ActivPal3,2,20,6.3,Proposed with narrow passband (0.25-2.5Hz) 
 and without extrapolation,DominantWaist,20,792.557452821765,137.909823920398,30.8375741051037,0.17400609057349,ActivPal3: 20Hz, 2g
ActivPal3,2,20,6.3,Proposed without extrapolation,DominantWaist,20,1576.82895443767,186.376949530859,41.6751528590049,0.118197315572078,ActivPal3: 20Hz, 2g
ActivPal3,2,20,7,Proposed,DominantWaist,12,2123.3323617011,109.969338386977,31.7454135601631,0.0517909208989192,ActivPal3: 20Hz, 2g
ActivPal3,2,20,7,Proposed with narrow passband (0.25-2.5Hz) 
 and without extrapolation,DominantWaist,12,949.149805886819,71.7939492721805,20.7251279692399,0.0756402717746976,ActivPal3: 20Hz, 2g
ActivPal3,2,20,7,Proposed without extrapolation,DominantWaist,12,1951.97487231925,59.773065402086,17.2549977000917,0.0306218416280463,ActivPal3: 20Hz, 2g
ActivPal3,2,20,7.5,Proposed,DominantWaist,20,1824.47255205616,270.893193593875,60.5735595517914,0.148477538502063,ActivPal3: 20Hz, 2g
ActivPal3,2,20,7.5,Proposed with narrow passband (0.25-2.5Hz) 
 and without extrapolation,DominantWaist,20,841.810113719565,137.071494491605,30.6501179460717,0.162829469802816,ActivPal3: 20Hz, 2g
ActivPal3,2,20,7.5,Proposed without extrapolation,DominantWaist,20,1733.51067502474,206.162712674271,46.0993839965428,0.118927858734604,ActivPal3: 20Hz, 2g
ActivPal3,2,20,8,Proposed,DominantWaist,12,2248.22898696933,174.729364404773,50.4400227872138,0.0777186689689968,ActivPal3: 20Hz, 2g
ActivPal3,2,20,8,Proposed with narrow passband (0.25-2.5Hz) 
 and without extrapolation,DominantWaist,12,963.654777817785,102.886868210357,29.7008805286634,0.106767351315734,ActivPal3: 20Hz, 2g
ActivPal3,2,20,8,Proposed without extrapolation,DominantWaist,12,2055.59290097541,87.1075818226274,25.1457929068756,0.042375891540243,ActivPal3: 20Hz, 2g
ActivPal3,2,20,8.8,Proposed,DominantWaist,20,1992.78344274966,312.853690405858,69.9562118759173,0.156993320846835,ActivPal3: 20Hz, 2g
ActivPal3,2,20,8.8,Proposed with narrow passband (0.25-2.5Hz) 
 and without extrapolation,DominantWaist,20,867.600125477635,114.087534713007,25.5107483003652,0.131497831043074,ActivPal3: 20Hz, 2g
ActivPal3,2,20,8.8,Proposed without extrapolation,DominantWaist,20,1854.81277220086,206.262927340905,46.1217926772364,0.111204176740793,ActivPal3: 20Hz, 2g
ActivPal3,2,20,9,Proposed,DominantWaist,12,2351.42746727078,89.317289874299,25.7836806761072,0.0379842844899513,ActivPal3: 20Hz, 2g
ActivPal3,2,20,9,Proposed with narrow passband (0.25-2.5Hz) 
 and without extrapolation,DominantWaist,12,1048.50260194782,89.4315925632969,25.8166770202382,0.0852945833392863,ActivPal3: 20Hz, 2g
ActivPal3,2,20,9,Proposed without extrapolation,DominantWaist,12,2131.29276302508,61.8711523151787,17.8606632221204,0.0290298702217527,ActivPal3: 20Hz, 2g
ActivPal3,2,20,10,Proposed,DominantWaist,4,2153.06698233564,83.8572540984713,41.9286270492356,0.0389478148085775,ActivPal3: 20Hz, 2g
ActivPal3,2,20,10,Proposed with narrow passband (0.25-2.5Hz) 
 and without extrapolation,DominantWaist,4,889.778919790964,55.2332471154559,27.616623557728,0.0620752480047874,ActivPal3: 20Hz, 2g
ActivPal3,2,20,10,Proposed without extrapolation,DominantWaist,4,2014.20947591767,73.744044119005,36.8720220595025,0.0366119040748765,ActivPal3: 20Hz, 2g
ActivPal3,2,20,11.3,Proposed,DominantWaist,4,2274.48860941944,69.4404581045214,34.7202290522607,0.0305301410686097,ActivPal3: 20Hz, 2g
ActivPal3,2,20,11.3,Proposed with narrow passband (0.25-2.5Hz) 
 and without extrapolation,DominantWaist,4,933.554575923917,67.0775387739686,33.5387693869843,0.0718517593977658,ActivPal3: 20Hz, 2g
ActivPal3,2,20,11.3,Proposed without extrapolation,DominantWaist,4,2192.65576213939,86.7484347658336,43.3742173829168,0.0395631800776573,ActivPal3: 20Hz, 2g
ActivPal3,2,20,12.5,Proposed,DominantWaist,4,2367.10788214001,43.8546826559251,21.9273413279626,0.0185266936867608,ActivPal3: 20Hz, 2g
ActivPal3,2,20,12.5,Proposed with narrow passband (0.25-2.5Hz) 
 and without extrapolation,DominantWaist,4,950.843743283829,35.553753626681,17.7768768133405,0.0373917942646315,ActivPal3: 20Hz, 2g
ActivPal3,2,20,12.5,Proposed without extrapolation,DominantWaist,4,2287.05498766147,35.1348492456245,17.5674246228123,0.0153624855699469,ActivPal3: 20Hz, 2g
GT3X,3,30,1,Proposed,DominantWaist,12,366.590723155892,76.1361148668008,21.9786032066998,0.207686965483914,GT3X: 30Hz, 3g
GT3X,3,30,1,Proposed with narrow passband (0.25-2.5Hz) 
 and without extrapolation,DominantWaist,12,310.226959226202,68.8745193089837,19.8823611316739,0.222013326890665,GT3X: 30Hz, 3g
GT3X,3,30,1,Proposed without extrapolation,DominantWaist,12,366.590723158933,76.1361148645964,21.9786032060635,0.207686965476178,GT3X: 30Hz, 3g
GT3X,3,30,1.9,Proposed,DominantWaist,20,472.622811018624,65.3228012180885,14.6066224004352,0.138213390668345,GT3X: 30Hz, 3g
GT3X,3,30,1.9,Proposed with narrow passband (0.25-2.5Hz) 
 and without extrapolation,DominantWaist,20,372.83362777056,51.3160216511139,11.4746112746742,0.13763785728763,GT3X: 30Hz, 3g
GT3X,3,30,1.9,Proposed without extrapolation,DominantWaist,20,472.622811029949,65.3228013965096,14.6066224403314,0.138213391042546,GT3X: 30Hz, 3g
GT3X,3,30,2,Proposed,DominantWaist,12,477.095829552265,55.5433581128078,16.0339863790627,0.116419709987683,GT3X: 30Hz, 3g
GT3X,3,30,2,Proposed with narrow passband (0.25-2.5Hz) 
 and without extrapolation,DominantWaist,12,393.761427513177,45.3668506236286,13.0962817099188,0.115214054637463,GT3X: 30Hz, 3g
GT3X,3,30,2,Proposed without extrapolation,DominantWaist,12,477.09582892898,55.5433570906515,16.0339860839916,0.116419707997321,GT3X: 30Hz, 3g
GT3X,3,30,3,Proposed,DominantWaist,12,669.833839529963,39.3538140795716,11.3604675762396,0.0587516063792583,GT3X: 30Hz, 3g
GT3X,3,30,3,Proposed with narrow passband (0.25-2.5Hz) 
 and without extrapolation,DominantWaist,12,571.339718662576,25.8220145526327,7.45417352649046,0.0451955530294276,GT3X: 30Hz, 3g
GT3X,3,30,3,Proposed without extrapolation,DominantWaist,12,669.833839542513,39.3538140462268,11.3604675666138,0.0587516063283767,GT3X: 30Hz, 3g
GT3X,3,30,3.1,Proposed,DominantWaist,20,726.882378297609,42.201200589019,9.43647532491506,0.0580578121701836,GT3X: 30Hz, 3g
GT3X,3,30,3.1,Proposed with narrow passband (0.25-2.5Hz) 
 and without extrapolation,DominantWaist,20,603.992894178534,25.9164163892257,5.79508687794982,0.0429084789556564,GT3X: 30Hz, 3g
GT3X,3,30,3.1,Proposed without extrapolation,DominantWaist,20,726.882378157962,42.2012004179967,9.43647528667332,0.0580578119460557,GT3X: 30Hz, 3g
GT3X,3,30,4,Proposed,DominantWaist,12,1074.22135261272,30.1350744892233,8.69924668420125,0.0280529468306778,GT3X: 30Hz, 3g
GT3X,3,30,4,Proposed with narrow passband (0.25-2.5Hz) 
 and without extrapolation,DominantWaist,12,858.190513332681,29.1508939515067,8.41513823501033,0.0339678585333025,GT3X: 30Hz, 3g
GT3X,3,30,4,Proposed without extrapolation,DominantWaist,12,1074.2213524366,30.1350741388081,8.6992465830451,0.028052946509073,GT3X: 30Hz, 3g
GT3X,3,30,4.4,Proposed,DominantWaist,20,1210.82301856153,91.5477719363222,20.4707041238264,0.0756078886285808,GT3X: 30Hz, 3g
GT3X,3,30,4.4,Proposed with narrow passband (0.25-2.5Hz) 
 and without extrapolation,DominantWaist,20,958.622313826515,63.9206272380888,14.2930867668791,0.0666796780297529,GT3X: 30Hz, 3g
GT3X,3,30,4.4,Proposed without extrapolation,DominantWaist,20,1210.52895912639,91.3152928187366,20.4187202127993,0.0754342076084133,GT3X: 30Hz, 3g
GT3X,3,30,5,Proposed,DominantWaist,32,1492.177084393,277.473031277866,49.0507655032415,0.18595181106855,GT3X: 30Hz, 3g
GT3X,3,30,5,Proposed with narrow passband (0.25-2.5Hz) 
 and without extrapolation,DominantWaist,32,784.380144378369,171.253911937633,30.273700608956,0.218330248623713,GT3X: 30Hz, 3g
GT3X,3,30,5,Proposed without extrapolation,DominantWaist,32,1491.21447691557,276.78753680547,48.9295860557673,0.185612157801725,GT3X: 30Hz, 3g
GT3X,3,30,6,Proposed,DominantWaist,12,2014.76688276003,50.8628691763412,14.6828456053587,0.0252450393202137,GT3X: 30Hz, 3g
GT3X,3,30,6,Proposed with narrow passband (0.25-2.5Hz) 
 and without extrapolation,DominantWaist,12,960.663206706736,68.3500656303396,19.7309643954026,0.0711488325493921,GT3X: 30Hz, 3g
GT3X,3,30,6,Proposed without extrapolation,DominantWaist,12,2005.77939719805,52.5772158553163,15.177734863654,0.0262128606609299,GT3X: 30Hz, 3g
GT3X,3,30,6.3,Proposed,DominantWaist,20,1674.16357307178,258.73848670463,57.8556844666979,0.154547913278206,GT3X: 30Hz, 3g
GT3X,3,30,6.3,Proposed with narrow passband (0.25-2.5Hz) 
 and without extrapolation,DominantWaist,20,789.058816326226,189.577965757192,42.3909218469209,0.240258345556351,GT3X: 30Hz, 3g
GT3X,3,30,6.3,Proposed without extrapolation,DominantWaist,20,1667.93871123013,255.807578446918,57.2003134566919,0.15336749289682,GT3X: 30Hz, 3g
GT3X,3,30,7,Proposed,DominantWaist,12,2226.15633949866,67.9745738994936,19.6225692694614,0.0305345014154764,GT3X: 30Hz, 3g
GT3X,3,30,7,Proposed with narrow passband (0.25-2.5Hz) 
 and without extrapolation,DominantWaist,12,1032.8034076034,62.3852109040983,18.0090591544664,0.0604037616886471,GT3X: 30Hz, 3g
GT3X,3,30,7,Proposed without extrapolation,DominantWaist,12,2200.52622755458,58.7292634049385,16.9536780180748,0.0266887359348603,GT3X: 30Hz, 3g
GT3X,3,30,7.5,Proposed,DominantWaist,20,1886.84752285505,305.631694040199,68.3413243952302,0.161980070110667,GT3X: 30Hz, 3g
GT3X,3,30,7.5,Proposed with narrow passband (0.25-2.5Hz) 
 and without extrapolation,DominantWaist,20,831.341095904904,217.150357832433,48.5562961451724,0.261204887984116,GT3X: 30Hz, 3g
GT3X,3,30,7.5,Proposed without extrapolation,DominantWaist,20,1865.22967435346,299.424227041306,66.9532925774692,0.160529414236933,GT3X: 30Hz, 3g
GT3X,3,30,8,Proposed,DominantWaist,12,2340.75416229472,89.047347348459,25.7057549811274,0.038042161275562,GT3X: 30Hz, 3g
GT3X,3,30,8,Proposed with narrow passband (0.25-2.5Hz) 
 and without extrapolation,DominantWaist,12,989.742828982094,90.8086618194223,26.2142026730966,0.0917497547446895,GT3X: 30Hz, 3g
GT3X,3,30,8,Proposed without extrapolation,DominantWaist,12,2299.79200844701,84.7817629350047,24.474386826448,0.0368649697988366,GT3X: 30Hz, 3g
GT3X,3,30,8.8,Proposed,DominantWaist,20,2017.6476659208,329.313006475517,73.6366268354084,0.163216309783813,GT3X: 30Hz, 3g
GT3X,3,30,8.8,Proposed with narrow passband (0.25-2.5Hz) 
 and without extrapolation,DominantWaist,20,823.874939960539,205.856465742654,46.0309051008432,0.249863730231331,GT3X: 30Hz, 3g
GT3X,3,30,8.8,Proposed without extrapolation,DominantWaist,20,1986.48251359455,316.326071127265,70.7326598095999,0.159239293053162,GT3X: 30Hz, 3g
GT3X,3,30,9,Proposed,DominantWaist,12,2403.3590786595,90.3563137553127,26.083621034806,0.0375958443154112,GT3X: 30Hz, 3g
GT3X,3,30,9,Proposed with narrow passband (0.25-2.5Hz) 
 and without extrapolation,DominantWaist,12,1006.22906524295,67.7637853608929,19.5617198597098,0.0673442933637895,GT3X: 30Hz, 3g
GT3X,3,30,9,Proposed without extrapolation,DominantWaist,12,2359.74316015247,76.2388109915111,22.008249024323,0.032308097033147,GT3X: 30Hz, 3g
GT3X,3,30,10,Proposed,DominantWaist,4,2207.58425836396,67.9050009061744,33.9525004530872,0.0307598682355612,GT3X: 30Hz, 3g
GT3X,3,30,10,Proposed with narrow passband (0.25-2.5Hz) 
 and without extrapolation,DominantWaist,4,926.377121331787,31.0992630093504,15.5496315046752,0.0335708452780453,GT3X: 30Hz, 3g
GT3X,3,30,10,Proposed without extrapolation,DominantWaist,4,2180.60003724549,61.8360498806747,30.9180249403374,0.0283573552345644,GT3X: 30Hz, 3g
GT3X,3,30,11.3,Proposed,DominantWaist,4,2332.69959613526,29.7711303795066,14.8855651897533,0.0127625221990995,GT3X: 30Hz, 3g
GT3X,3,30,11.3,Proposed with narrow passband (0.25-2.5Hz) 
 and without extrapolation,DominantWaist,4,869.048081794728,33.6997514078086,16.8498757039043,0.0387777754922525,GT3X: 30Hz, 3g
GT3X,3,30,11.3,Proposed without extrapolation,DominantWaist,4,2284.00753818363,25.064643622317,12.5323218111585,0.0109739758749876,GT3X: 30Hz, 3g
GT3X,3,30,12.5,Proposed,DominantWaist,4,2396.68450341492,73.0370664844273,36.5185332422137,0.0304742098429561,GT3X: 30Hz, 3g
GT3X,3,30,12.5,Proposed with narrow passband (0.25-2.5Hz) 
 and without extrapolation,DominantWaist,4,799.893162900342,27.8408687328653,13.9204343664326,0.0348057340956844,GT3X: 30Hz, 3g
GT3X,3,30,12.5,Proposed without extrapolation,DominantWaist,4,2316.63338710477,35.7976637747109,17.8988318873555,0.0154524509462627,GT3X: 30Hz, 3g
GT3XBT,6,40,1,Proposed,DominantWaist,12,366.387588701345,75.7460633511713,21.8660050329266,0.206737525197434,GT3XBT: 40Hz, 6g
GT3XBT,6,40,1,Proposed with narrow passband (0.25-2.5Hz) 
 and without extrapolation,DominantWaist,12,310.073336947256,68.514960781219,19.7785655252767,0.220963728954462,GT3XBT: 40Hz, 6g
GT3XBT,6,40,1,Proposed without extrapolation,DominantWaist,12,366.387588706254,75.7460633715987,21.8660050388235,0.206737525250418,GT3XBT: 40Hz, 6g
GT3XBT,6,40,1.9,Proposed,DominantWaist,20,472.60263851217,65.2713673337567,14.5951214342639,0.13811045900895,GT3XBT: 40Hz, 6g
GT3XBT,6,40,1.9,Proposed with narrow passband (0.25-2.5Hz) 
 and without extrapolation,DominantWaist,20,372.558485506461,51.320999353254,11.4757243227099,0.1377528665962,GT3XBT: 40Hz, 6g
GT3XBT,6,40,1.9,Proposed without extrapolation,DominantWaist,20,472.602638755617,65.2713676763346,14.5951215108667,0.138110459662682,GT3XBT: 40Hz, 6g
GT3XBT,6,40,2,Proposed,DominantWaist,12,476.403494708191,55.520172183782,16.0272931778805,0.116540228609762,GT3XBT: 40Hz, 6g
GT3XBT,6,40,2,Proposed with narrow passband (0.25-2.5Hz) 
 and without extrapolation,DominantWaist,12,393.133268085338,45.6751845875062,13.1852900584413,0.116182445738963,GT3XBT: 40Hz, 6g
GT3XBT,6,40,2,Proposed without extrapolation,DominantWaist,12,476.403494710852,55.5201723281101,16.0272932195444,0.116540228912064,GT3XBT: 40Hz, 6g
GT3XBT,6,40,3,Proposed,DominantWaist,12,668.541745849945,37.2227791901564,10.7452907927114,0.0556775690092973,GT3XBT: 40Hz, 6g
GT3XBT,6,40,3,Proposed with narrow passband (0.25-2.5Hz) 
 and without extrapolation,DominantWaist,12,570.096177593911,25.1242618975773,7.25274968487845,0.0440702163687786,GT3XBT: 40Hz, 6g
GT3XBT,6,40,3,Proposed without extrapolation,DominantWaist,12,668.541745862769,37.2227791326782,10.7452907761189,0.0556775689222537,GT3XBT: 40Hz, 6g
GT3XBT,6,40,3.1,Proposed,DominantWaist,20,726.883889792472,42.5108084026661,9.50570573668306,0.0584836299161935,GT3XBT: 40Hz, 6g
GT3XBT,6,40,3.1,Proposed with narrow passband (0.25-2.5Hz) 
 and without extrapolation,DominantWaist,20,604.130586167133,25.9678437207089,5.80658637885961,0.0429838255425208,GT3XBT: 40Hz, 6g
GT3XBT,6,40,3.1,Proposed without extrapolation,DominantWaist,20,726.88388987786,42.5108084222812,9.50570574106913,0.0584836299363085,GT3XBT: 40Hz, 6g
GT3XBT,6,40,4,Proposed,DominantWaist,12,1074.04976205416,31.5071903675929,9.09534242006927,0.0293349446931903,GT3XBT: 40Hz, 6g
GT3XBT,6,40,4,Proposed with narrow passband (0.25-2.5Hz) 
 and without extrapolation,DominantWaist,12,858.966791041014,30.7901106354847,8.88833933188772,0.0358455192408183,GT3XBT: 40Hz, 6g
GT3XBT,6,40,4,Proposed without extrapolation,DominantWaist,12,1074.04976226946,31.5071905870327,9.09534248341608,0.0293349448916205,GT3XBT: 40Hz, 6g
GT3XBT,6,40,4.4,Proposed,DominantWaist,20,1211.68038694285,89.5568366460731,20.0255174590464,0.0739112703408783,GT3XBT: 40Hz, 6g
GT3XBT,6,40,4.4,Proposed with narrow passband (0.25-2.5Hz) 
 and without extrapolation,DominantWaist,20,959.720506840863,66.0772307474737,14.775317971629,0.0688504937390385,GT3XBT: 40Hz, 6g
GT3XBT,6,40,4.4,Proposed without extrapolation,DominantWaist,20,1211.68038660576,89.5568365572164,20.0255174391774,0.0739112702881071,GT3XBT: 40Hz, 6g
GT3XBT,6,40,5,Proposed,DominantWaist,32,1491.60986391528,280.143286645939,49.5228044228076,0.187812707211924,GT3XBT: 40Hz, 6g
GT3XBT,6,40,5,Proposed with narrow passband (0.25-2.5Hz) 
 and without extrapolation,DominantWaist,32,779.730113659438,174.989263316301,30.9340236814486,0.224422861514273,GT3XBT: 40Hz, 6g
GT3XBT,6,40,5,Proposed without extrapolation,DominantWaist,32,1491.60986393028,280.143286728506,49.5228044374035,0.18781270726539,GT3XBT: 40Hz, 6g
GT3XBT,6,40,6,Proposed,DominantWaist,12,2020.20562784436,50.8971238830494,14.6927340874281,0.0251940313310376,GT3XBT: 40Hz, 6g
GT3XBT,6,40,6,Proposed with narrow passband (0.25-2.5Hz) 
 and without extrapolation,DominantWaist,12,968.718061897476,65.6746564151475,18.9586402801108,0.0677954288232299,GT3XBT: 40Hz, 6g
GT3XBT,6,40,6,Proposed without extrapolation,DominantWaist,12,2020.20562773162,50.8971238497053,14.6927340778025,0.0251940313159384,GT3XBT: 40Hz, 6g
GT3XBT,6,40,6.3,Proposed,DominantWaist,20,1676.54497258144,267.842717522362,59.8914523658275,0.159758743071445,GT3XBT: 40Hz, 6g
GT3XBT,6,40,6.3,Proposed with narrow passband (0.25-2.5Hz) 
 and without extrapolation,DominantWaist,20,791.144289859442,197.874998439667,44.246194755876,0.250112401714765,GT3XBT: 40Hz, 6g
GT3XBT,6,40,6.3,Proposed without extrapolation,DominantWaist,20,1676.54497256717,267.842717549742,59.8914523719499,0.159758743089136,GT3XBT: 40Hz, 6g
GT3XBT,6,40,7,Proposed,DominantWaist,12,2262.5076433741,61.6250623147088,17.7896231581123,0.0272375045870814,GT3XBT: 40Hz, 6g
GT3XBT,6,40,7,Proposed with narrow passband (0.25-2.5Hz) 
 and without extrapolation,DominantWaist,12,1061.63165601064,67.9075611573008,19.6032243570893,0.0639652753126085,GT3XBT: 40Hz, 6g
GT3XBT,6,40,7,Proposed without extrapolation,DominantWaist,12,2262.50764352332,61.6250620380792,17.7896230782562,0.0272375044630181,GT3XBT: 40Hz, 6g
GT3XBT,6,40,7.5,Proposed,DominantWaist,20,1917.50266298945,329.618590935283,73.7049575978989,0.171899939070435,GT3XBT: 40Hz, 6g
GT3XBT,6,40,7.5,Proposed with narrow passband (0.25-2.5Hz) 
 and without extrapolation,DominantWaist,20,848.785143788182,233.706977433122,52.2584688356471,0.275342917042672,GT3XBT: 40Hz, 6g
GT3XBT,6,40,7.5,Proposed without extrapolation,DominantWaist,20,1917.50266298707,329.6185910459,73.7049576226336,0.171899939128337,GT3XBT: 40Hz, 6g
GT3XBT,6,40,8,Proposed,DominantWaist,12,2437.24370083655,96.6565173662554,27.9023331601697,0.039658125830043,GT3XBT: 40Hz, 6g
GT3XBT,6,40,8,Proposed with narrow passband (0.25-2.5Hz) 
 and without extrapolation,DominantWaist,12,1046.05174123073,95.4547585195658,27.555415263351,0.0912524254366793,GT3XBT: 40Hz, 6g
GT3XBT,6,40,8,Proposed without extrapolation,DominantWaist,12,2437.24370124461,96.6565173355542,27.902333151307,0.0396581258108064,GT3XBT: 40Hz, 6g
GT3XBT,6,40,8.8,Proposed,DominantWaist,20,2089.42002813943,378.013334269815,84.5263511828658,0.180917828478186,GT3XBT: 40Hz, 6g
GT3XBT,6,40,8.8,Proposed with narrow passband (0.25-2.5Hz) 
 and without extrapolation,DominantWaist,20,853.037563540114,230.378110934183,51.5141116576822,0.270067955715938,GT3XBT: 40Hz, 6g
GT3XBT,6,40,8.8,Proposed without extrapolation,DominantWaist,20,2089.42002808303,378.013334297596,84.5263511890777,0.180917828496365,GT3XBT: 40Hz, 6g
GT3XBT,6,40,9,Proposed,DominantWaist,12,2531.13065937782,86.4981692823493,24.9698706597871,0.03417372744543,GT3XBT: 40Hz, 6g
GT3XBT,6,40,9,Proposed with narrow passband (0.25-2.5Hz) 
 and without extrapolation,DominantWaist,12,1070.36032235033,83.024082159804,23.9669880920922,0.0775664796481781,GT3XBT: 40Hz, 6g
GT3XBT,6,40,9,Proposed without extrapolation,DominantWaist,12,2531.1306593425,86.4981693324975,24.9698706742636,0.0341737274657195,GT3XBT: 40Hz, 6g
GT3XBT,6,40,10,Proposed,DominantWaist,4,2229.98728275716,55.1040727136233,27.5520363568117,0.0247104874273062,GT3XBT: 40Hz, 6g
GT3XBT,6,40,10,Proposed with narrow passband (0.25-2.5Hz) 
 and without extrapolation,DominantWaist,4,946.764810738229,32.0905639106584,16.0452819553292,0.0338949690004175,GT3XBT: 40Hz, 6g
GT3XBT,6,40,10,Proposed without extrapolation,DominantWaist,4,2229.98728226873,55.1040726555769,27.5520363277884,0.0247104874066884,GT3XBT: 40Hz, 6g
GT3XBT,6,40,11.3,Proposed,DominantWaist,4,2369.90854145122,43.2977342053369,21.6488671026685,0.0182697911957494,GT3XBT: 40Hz, 6g
GT3XBT,6,40,11.3,Proposed with narrow passband (0.25-2.5Hz) 
 and without extrapolation,DominantWaist,4,910.830841828732,28.1929152477584,14.0964576238792,0.0309529650875169,GT3XBT: 40Hz, 6g
GT3XBT,6,40,11.3,Proposed without extrapolation,DominantWaist,4,2369.90854172544,43.2977346244831,21.6488673122416,0.0182697913704972,GT3XBT: 40Hz, 6g
GT3XBT,6,40,12.5,Proposed,DominantWaist,4,2421.45401934664,59.788992920266,29.894496460133,0.0246913600021191,GT3XBT: 40Hz, 6g
GT3XBT,6,40,12.5,Proposed with narrow passband (0.25-2.5Hz) 
 and without extrapolation,DominantWaist,4,842.791910389514,30.2720169866511,15.1360084933255,0.0359187322676843,GT3XBT: 40Hz, 6g
GT3XBT,6,40,12.5,Proposed without extrapolation,DominantWaist,4,2421.45401931096,59.7889929722221,29.8944964861111,0.0246913600239394,GT3XBT: 40Hz, 6g
GT3XBT,6,80,1,Proposed,DominantWaist,12,366.397579718472,75.749039864717,21.866864278375,0.206740011554989,GT3XBT: 80Hz, 6g
GT3XBT,6,80,1,Proposed with narrow passband (0.25-2.5Hz) 
 and without extrapolation,DominantWaist,12,310.021852650692,68.4795111630749,19.7683321019876,0.220886078118604,GT3XBT: 80Hz, 6g
GT3XBT,6,80,1,Proposed without extrapolation,DominantWaist,12,366.397579745453,75.7490398431598,21.866864272152,0.20674001148093,GT3XBT: 80Hz, 6g
GT3XBT,6,80,1.9,Proposed,DominantWaist,20,472.915630689065,65.0964197125886,14.5560019569205,0.137649118549411,GT3XBT: 80Hz, 6g
GT3XBT,6,80,1.9,Proposed with narrow passband (0.25-2.5Hz) 
 and without extrapolation,DominantWaist,20,372.737853929247,51.0703964267826,11.4196878048148,0.137014247113406,GT3XBT: 80Hz, 6g
GT3XBT,6,80,1.9,Proposed without extrapolation,DominantWaist,20,472.915630635351,65.0964196749884,14.5560019485129,0.137649118485538,GT3XBT: 80Hz, 6g
GT3XBT,6,80,2,Proposed,DominantWaist,12,476.590806585153,55.4360195031773,16.0030003914804,0.116317853255259,GT3XBT: 80Hz, 6g
GT3XBT,6,80,2,Proposed with narrow passband (0.25-2.5Hz) 
 and without extrapolation,DominantWaist,12,393.205122382735,45.6697957022069,13.1837344212522,0.116147509537664,GT3XBT: 80Hz, 6g
GT3XBT,6,80,2,Proposed without extrapolation,DominantWaist,12,476.590806707093,55.4360195150972,16.0030003949213,0.116317853250509,GT3XBT: 80Hz, 6g
GT3XBT,6,80,3,Proposed,DominantWaist,12,669.123540974647,37.2866453163937,10.763727355299,0.0557246054474214,GT3XBT: 80Hz, 6g
GT3XBT,6,80,3,Proposed with narrow passband (0.25-2.5Hz) 
 and without extrapolation,DominantWaist,12,570.59388755428,25.1029937107477,7.24661008818284,0.0439945016206639,GT3XBT: 80Hz, 6g
GT3XBT,6,80,3,Proposed without extrapolation,DominantWaist,12,669.123540892805,37.2866453345231,10.7637273605325,0.0557246054813314,GT3XBT: 80Hz, 6g
GT3XBT,6,80,3.1,Proposed,DominantWaist,20,726.6864447202,42.4207119596085,9.48555955956229,0.0583755377134383,GT3XBT: 80Hz, 6g
GT3XBT,6,80,3.1,Proposed with narrow passband (0.25-2.5Hz) 
 and without extrapolation,DominantWaist,20,603.943405184575,25.90813591055,5.79323530662933,0.0428982843229029,GT3XBT: 80Hz, 6g
GT3XBT,6,80,3.1,Proposed without extrapolation,DominantWaist,20,726.686444763197,42.4207121629738,9.48555960503615,0.0583755379898372,GT3XBT: 80Hz, 6g
GT3XBT,6,80,4,Proposed,DominantWaist,12,1073.85521788842,31.2044752168329,9.00795608317975,0.029058363452563,GT3XBT: 80Hz, 6g
GT3XBT,6,80,4,Proposed with narrow passband (0.25-2.5Hz) 
 and without extrapolation,DominantWaist,12,858.790535069246,30.4517478898129,8.79066242073905,0.0354588769278384,GT3XBT: 80Hz, 6g
GT3XBT,6,80,4,Proposed without extrapolation,DominantWaist,12,1073.85521806341,31.2044751286425,9.00795605772137,0.0290583633657027,GT3XBT: 80Hz, 6g
GT3XBT,6,80,4.4,Proposed,DominantWaist,20,1211.72094593909,90.0639539836498,20.1389123429854,0.0743273063699085,GT3XBT: 80Hz, 6g
GT3XBT,6,80,4.4,Proposed with narrow passband (0.25-2.5Hz) 
 and without extrapolation,DominantWaist,20,959.914164336778,65.3289292309164,14.6079926657602,0.0680570530762542,GT3XBT: 80Hz, 6g
GT3XBT,6,80,4.4,Proposed without extrapolation,DominantWaist,20,1211.72094586552,90.0639538217039,20.1389123067732,0.0743273062407716,GT3XBT: 80Hz, 6g
GT3XBT,6,80,5,Proposed,DominantWaist,32,1491.72743221704,279.835468398585,49.4683893302883,0.187591554834309,GT3XBT: 80Hz, 6g
GT3XBT,6,80,5,Proposed with narrow passband (0.25-2.5Hz) 
 and without extrapolation,DominantWaist,32,779.682385567189,174.35192206099,30.8213566005586,0.22361916248006,GT3XBT: 80Hz, 6g
GT3XBT,6,80,5,Proposed without extrapolation,DominantWaist,32,1491.72743200296,279.835468492595,49.4683893469071,0.187591554924251,GT3XBT: 80Hz, 6g
GT3XBT,6,80,6,Proposed,DominantWaist,12,2020.12494003413,50.2356116871402,14.5017719652379,0.0248675765996392,GT3XBT: 80Hz, 6g
GT3XBT,6,80,6,Proposed with narrow passband (0.25-2.5Hz) 
 and without extrapolation,DominantWaist,12,968.218833000039,66.1320064436477,19.090665861145,0.0683027474674675,GT3XBT: 80Hz, 6g
GT3XBT,6,80,6,Proposed without extrapolation,DominantWaist,12,2020.12494013517,50.2356119527667,14.5017720419177,0.0248675767298856,GT3XBT: 80Hz, 6g
GT3XBT,6,80,6.3,Proposed,DominantWaist,20,1676.84020524796,267.609645238067,59.839335818692,0.159591620239387,GT3XBT: 80Hz, 6g
GT3XBT,6,80,6.3,Proposed with narrow passband (0.25-2.5Hz) 
 and without extrapolation,DominantWaist,20,789.923119598224,198.140528301502,44.3055690379879,0.250835205839122,GT3XBT: 80Hz, 6g
GT3XBT,6,80,6.3,Proposed without extrapolation,DominantWaist,20,1676.8402053312,267.609645370775,59.8393358483665,0.159591620310605,GT3XBT: 80Hz, 6g
GT3XBT,6,80,7,Proposed,DominantWaist,12,2261.8488148158,61.3645659597304,17.7144243377775,0.0271302686358937,GT3XBT: 80Hz, 6g
GT3XBT,6,80,7,Proposed with narrow passband (0.25-2.5Hz) 
 and without extrapolation,DominantWaist,12,1061.82258668373,67.2841108229236,19.4232497478998,0.0633666223215918,GT3XBT: 80Hz, 6g
GT3XBT,6,80,7,Proposed without extrapolation,DominantWaist,12,2261.84881489824,61.3645660078806,17.7144243516772,0.0271302686561928,GT3XBT: 80Hz, 6g
GT3XBT,6,80,7.5,Proposed,DominantWaist,20,1916.426180805,331.477576894338,74.1206394952653,0.172966524990334,GT3XBT: 80Hz, 6g
GT3XBT,6,80,7.5,Proposed with narrow passband (0.25-2.5Hz) 
 and without extrapolation,DominantWaist,20,848.000882133146,234.76475754545,52.4949956592882,0.276844944966211,GT3XBT: 80Hz, 6g
GT3XBT,6,80,7.5,Proposed without extrapolation,DominantWaist,20,1916.4261806222,331.477577205787,74.1206395649075,0.172966525169348,GT3XBT: 80Hz, 6g
GT3XBT,6,80,8,Proposed,DominantWaist,12,2434.59368970553,96.0489602217297,27.7269465196996,0.0394517412198448,GT3XBT: 80Hz, 6g
GT3XBT,6,80,8,Proposed with narrow passband (0.25-2.5Hz) 
 and without extrapolation,DominantWaist,12,1041.5962330951,93.2365490431325,26.9150733441821,0.089513139622328,GT3XBT: 80Hz, 6g
GT3XBT,6,80,8,Proposed without extrapolation,DominantWaist,12,2434.59368990288,96.0489601661301,27.7269465036494,0.0394517411938095,GT3XBT: 80Hz, 6g
GT3XBT,6,80,8.8,Proposed,DominantWaist,20,2088.31753792449,379.672466255805,84.8973443732976,0.181807823456365,GT3XBT: 80Hz, 6g
GT3XBT,6,80,8.8,Proposed with narrow passband (0.25-2.5Hz) 
 and without extrapolation,DominantWaist,20,851.424167630082,232.495769527768,51.9876345145213,0.273066913492618,GT3XBT: 80Hz, 6g
GT3XBT,6,80,8.8,Proposed without extrapolation,DominantWaist,20,2088.31753783023,379.672466126273,84.8973443443333,0.181807823402544,GT3XBT: 80Hz, 6g
GT3XBT,6,80,9,Proposed,DominantWaist,12,2530.49157973783,87.8599891302763,25.3629941876813,0.0347205222233456,GT3XBT: 80Hz, 6g
GT3XBT,6,80,9,Proposed with narrow passband (0.25-2.5Hz) 
 and without extrapolation,DominantWaist,12,1070.39946656686,81.9415321063894,23.6544828097171,0.0765522916124051,GT3XBT: 80Hz, 6g
GT3XBT,6,80,9,Proposed without extrapolation,DominantWaist,12,2530.49157960742,87.8599891338926,25.3629941887252,0.0347205222265641,GT3XBT: 80Hz, 6g
GT3XBT,6,80,10,Proposed,DominantWaist,4,2229.70836026019,57.8257078801708,28.9128539400854,0.0259342023875369,GT3XBT: 80Hz, 6g
GT3XBT,6,80,10,Proposed with narrow passband (0.25-2.5Hz) 
 and without extrapolation,DominantWaist,4,946.774990324692,32.5292829299289,16.2646414649644,0.0343579871271981,GT3XBT: 80Hz, 6g
GT3XBT,6,80,10,Proposed without extrapolation,DominantWaist,4,2229.70836106232,57.8257077517206,28.9128538758603,0.0259342023205987,GT3XBT: 80Hz, 6g
GT3XBT,6,80,11.3,Proposed,DominantWaist,4,2368.76078759286,43.3523499023764,21.6761749511882,0.0183017002516456,GT3XBT: 80Hz, 6g
GT3XBT,6,80,11.3,Proposed with narrow passband (0.25-2.5Hz) 
 and without extrapolation,DominantWaist,4,910.223713069824,28.2115816938173,14.1057908469087,0.0309941185762683,GT3XBT: 80Hz, 6g
GT3XBT,6,80,11.3,Proposed without extrapolation,DominantWaist,4,2368.76078731669,43.3523497635817,21.6761748817908,0.0183017001951855,GT3XBT: 80Hz, 6g
GT3XBT,6,80,12.5,Proposed,DominantWaist,4,2424.60537896676,66.0658566879627,33.0329283439813,0.0272480863323485,GT3XBT: 80Hz, 6g
GT3XBT,6,80,12.5,Proposed with narrow passband (0.25-2.5Hz) 
 and without extrapolation,DominantWaist,4,842.957821800672,33.3305941650924,16.6652970825462,0.0395400496953616,GT3XBT: 80Hz, 6g
GT3XBT,6,80,12.5,Proposed without extrapolation,DominantWaist,4,2424.6053782774,66.0658571545673,33.0329285772837,0.0272480865325412,GT3XBT: 80Hz, 6g
GT9X,8,100,1,Proposed,DominantWaist,12,366.461518760309,75.6011197369894,21.824163415594,0.206300295847537,GT9X: 100Hz, 8g
GT9X,8,100,1,Proposed with narrow passband (0.25-2.5Hz) 
 and without extrapolation,DominantWaist,12,310.143284571426,68.3063941615519,19.7183575282723,0.220241409566361,GT9X: 100Hz, 8g
GT9X,8,100,1,Proposed without extrapolation,DominantWaist,12,366.461518823317,75.6011197277806,21.8241634129356,0.206300295786937,GT9X: 100Hz, 8g
GT9X,8,100,1.9,Proposed,DominantWaist,20,472.961357294342,64.9839461900708,14.5308521127187,0.137398003426375,GT9X: 100Hz, 8g
GT9X,8,100,1.9,Proposed with narrow passband (0.25-2.5Hz) 
 and without extrapolation,DominantWaist,20,372.812761578334,50.9409143592079,11.3907347343184,0.136639406182195,GT9X: 100Hz, 8g
GT9X,8,100,1.9,Proposed without extrapolation,DominantWaist,20,472.961357241721,64.9839461752753,14.5308521094103,0.137398003410379,GT9X: 100Hz, 8g
GT9X,8,100,2,Proposed,DominantWaist,12,476.933938043187,55.1571142171073,15.9224873704849,0.115649379961115,GT9X: 100Hz, 8g
GT9X,8,100,2,Proposed with narrow passband (0.25-2.5Hz) 
 and without extrapolation,DominantWaist,12,393.348761609365,45.515832506137,13.139289074904,0.115713679432754,GT9X: 100Hz, 8g
GT9X,8,100,2,Proposed without extrapolation,DominantWaist,12,476.933938087236,55.1571146735669,15.9224875022534,0.115649380907504,GT9X: 100Hz, 8g
GT9X,8,100,3,Proposed,DominantWaist,12,669.392274818055,36.7533849065161,10.6097883347035,0.0549056006308198,GT9X: 100Hz, 8g
GT9X,8,100,3,Proposed with narrow passband (0.25-2.5Hz) 
 and without extrapolation,DominantWaist,12,570.790188241377,24.9571483925074,7.20450817130979,0.0437238566931243,GT9X: 100Hz, 8g
GT9X,8,100,3,Proposed without extrapolation,DominantWaist,12,669.392274857564,36.7533849306956,10.6097883416835,0.0549056006637007,GT9X: 100Hz, 8g
GT9X,8,100,3.1,Proposed,DominantWaist,20,726.921513167636,42.3273595041296,9.46468531593055,0.0582282388640332,GT9X: 100Hz, 8g
GT9X,8,100,3.1,Proposed with narrow passband (0.25-2.5Hz) 
 and without extrapolation,DominantWaist,20,604.148902313068,25.9643170004719,5.80579778024086,0.0429766848885496,GT9X: 100Hz, 8g
GT9X,8,100,3.1,Proposed without extrapolation,DominantWaist,20,726.921513134212,42.3273594910349,9.46468531300249,0.0582282388486967,GT9X: 100Hz, 8g
GT9X,8,100,4,Proposed,DominantWaist,12,1074.33081013863,31.0722899387339,8.96979748023307,0.0289224600518759,GT9X: 100Hz, 8g
GT9X,8,100,4,Proposed with narrow passband (0.25-2.5Hz) 
 and without extrapolation,DominantWaist,12,859.302178797887,30.4999205987004,8.80456868396096,0.0354938243510194,GT9X: 100Hz, 8g
GT9X,8,100,4,Proposed without extrapolation,DominantWaist,12,1074.33081029979,31.0722900865589,8.96979752290645,0.0289224601851343,GT9X: 100Hz, 8g
GT9X,8,100,4.4,Proposed,DominantWaist,20,1212.46036389744,90.2498751149499,20.1804855717895,0.0744353199512789,GT9X: 100Hz, 8g
GT9X,8,100,4.4,Proposed with narrow passband (0.25-2.5Hz) 
 and without extrapolation,DominantWaist,20,960.08075641293,65.5759144450755,14.6632202385899,0.0683024985211467,GT9X: 100Hz, 8g
GT9X,8,100,4.4,Proposed without extrapolation,DominantWaist,20,1212.46036378917,90.2498749918849,20.1804855442713,0.0744353198564252,GT9X: 100Hz, 8g
GT9X,8,100,5,Proposed,DominantWaist,32,1492.21501328747,279.847646782355,49.4705421847252,0.187538420596526,GT9X: 100Hz, 8g
GT9X,8,100,5,Proposed with narrow passband (0.25-2.5Hz) 
 and without extrapolation,DominantWaist,32,779.955376600383,174.596705071194,30.8646285321673,0.223854736193005,GT9X: 100Hz, 8g
GT9X,8,100,5,Proposed without extrapolation,DominantWaist,32,1492.21501330319,279.847646755918,49.4705421800517,0.187538420576833,GT9X: 100Hz, 8g
GT9X,8,100,6,Proposed,DominantWaist,12,2021.67975633779,50.73649224932,14.6463637289411,0.0250962063058037,GT9X: 100Hz, 8g
GT9X,8,100,6,Proposed with narrow passband (0.25-2.5Hz) 
 and without extrapolation,DominantWaist,12,968.549332654728,66.2277871746742,19.1183153765657,0.06837833132686,GT9X: 100Hz, 8g
GT9X,8,100,6,Proposed without extrapolation,DominantWaist,12,2021.67975622715,50.7364920730536,14.6463636780574,0.025096206219989,GT9X: 100Hz, 8g
GT9X,8,100,6.3,Proposed,DominantWaist,20,1677.53246404099,267.610719293979,59.8395759848951,0.159526402636247,GT9X: 100Hz, 8g
GT9X,8,100,6.3,Proposed with narrow passband (0.25-2.5Hz) 
 and without extrapolation,DominantWaist,20,790.433725126384,198.631177971695,44.415281639557,0.251293905684421,GT9X: 100Hz, 8g
GT9X,8,100,6.3,Proposed without extrapolation,DominantWaist,20,1677.53246409489,267.610719250955,59.8395759752748,0.159526402605475,GT9X: 100Hz, 8g
GT9X,8,100,7,Proposed,DominantWaist,12,2262.21514821078,61.683173686258,17.8063984661158,0.0272667141032293,GT9X: 100Hz, 8g
GT9X,8,100,7,Proposed with narrow passband (0.25-2.5Hz) 
 and without extrapolation,DominantWaist,12,1062.60327131682,68.2426661926317,19.6999608482668,0.0642221495404044,GT9X: 100Hz, 8g
GT9X,8,100,7,Proposed without extrapolation,DominantWaist,12,2262.21514811085,61.6831739437024,17.8063985404335,0.0272667142182357,GT9X: 100Hz, 8g
GT9X,8,100,7.5,Proposed,DominantWaist,20,1917.23646313969,331.2722510341,74.0747272371622,0.172786329387667,GT9X: 100Hz, 8g
GT9X,8,100,7.5,Proposed with narrow passband (0.25-2.5Hz) 
 and without extrapolation,DominantWaist,20,848.228324298207,234.762287535725,52.4944433483233,0.276767800379643,GT9X: 100Hz, 8g
GT9X,8,100,7.5,Proposed without extrapolation,DominantWaist,20,1917.2364630594,331.272251103038,74.0747272525773,0.17278632943086,GT9X: 100Hz, 8g
GT9X,8,100,8,Proposed,DominantWaist,12,2434.7419063086,97.0896208478155,28.0273593660025,0.0398767608986599,GT9X: 100Hz, 8g
GT9X,8,100,8,Proposed with narrow passband (0.25-2.5Hz) 
 and without extrapolation,DominantWaist,12,1041.8054077677,93.2396047506758,26.9159554509685,0.0894981001782881,GT9X: 100Hz, 8g
GT9X,8,100,8,Proposed without extrapolation,DominantWaist,12,2434.74190668068,97.089620757636,28.0273593399699,0.0398767608555273,GT9X: 100Hz, 8g
GT9X,8,100,8.8,Proposed,DominantWaist,20,2089.26779637645,380.210530498794,85.017659195656,0.181982669315162,GT9X: 100Hz, 8g
GT9X,8,100,8.8,Proposed with narrow passband (0.25-2.5Hz) 
 and without extrapolation,DominantWaist,20,851.629555743858,232.664046164798,52.0252623144637,0.27319865145072,GT9X: 100Hz, 8g
GT9X,8,100,8.8,Proposed without extrapolation,DominantWaist,20,2089.26779597182,380.210530973719,85.0176593018524,0.181982669577723,GT9X: 100Hz, 8g
GT9X,8,100,9,Proposed,DominantWaist,12,2531.06996880699,89.4145037330565,25.8117438998685,0.0353267609489285,GT9X: 100Hz, 8g
GT9X,8,100,9,Proposed with narrow passband (0.25-2.5Hz) 
 and without extrapolation,DominantWaist,12,1070.82702649635,81.9908907569179,23.6687314248019,0.0765678197581403,GT9X: 100Hz, 8g
GT9X,8,100,9,Proposed without extrapolation,DominantWaist,12,2531.06996906872,89.4145039645145,25.8117439666847,0.0353267610367222,GT9X: 100Hz, 8g
GT9X,8,100,10,Proposed,DominantWaist,4,2229.89034538701,55.384808616159,27.6924043080795,0.0248374583668358,GT9X: 100Hz, 8g
GT9X,8,100,10,Proposed with narrow passband (0.25-2.5Hz) 
 and without extrapolation,DominantWaist,4,947.080685253816,30.8584512452696,15.4292256226348,0.0325827057036852,GT9X: 100Hz, 8g
GT9X,8,100,10,Proposed without extrapolation,DominantWaist,4,2229.89034531063,55.3848087628975,27.6924043814488,0.0248374584334918,GT9X: 100Hz, 8g
GT9X,8,100,11.3,Proposed,DominantWaist,4,2368.55189519975,42.1434336774662,21.0717168387331,0.0177929112563996,GT9X: 100Hz, 8g
GT9X,8,100,11.3,Proposed with narrow passband (0.25-2.5Hz) 
 and without extrapolation,DominantWaist,4,910.984444998276,26.1279227944926,13.0639613972463,0.0286809757707137,GT9X: 100Hz, 8g
GT9X,8,100,11.3,Proposed without extrapolation,DominantWaist,4,2368.551895037,42.1434331743,21.07171658715,0.017792911045186,GT9X: 100Hz, 8g
GT9X,8,100,12.5,Proposed,DominantWaist,4,2425.24847724968,63.6450467695553,31.8225233847777,0.0262426911578689,GT9X: 100Hz, 8g
GT9X,8,100,12.5,Proposed with narrow passband (0.25-2.5Hz) 
 and without extrapolation,DominantWaist,4,843.203759915259,32.3462462014226,16.1731231007113,0.038361126621012,GT9X: 100Hz, 8g
GT9X,8,100,12.5,Proposed without extrapolation,DominantWaist,4,2425.24847747312,63.6450457737866,31.8225228868933,0.0262426907448669,GT9X: 100Hz, 8g
GT9X,8,60,1,Proposed,DominantWaist,12,366.423405207002,75.7502109862899,21.8672023520527,0.206728636625973,GT9X: 60Hz, 8g
GT9X,8,60,1,Proposed with narrow passband (0.25-2.5Hz) 
 and without extrapolation,DominantWaist,12,310.060740778076,68.4788437441603,19.7681394347426,0.220856221823883,GT9X: 60Hz, 8g
GT9X,8,60,1,Proposed without extrapolation,DominantWaist,12,366.423405126865,75.7502110528571,21.867202371269,0.206728636852852,GT9X: 60Hz, 8g
GT9X,8,60,1.9,Proposed,DominantWaist,20,472.8948007017,65.1410629984553,14.5659844991142,0.137749585958222,GT9X: 60Hz, 8g
GT9X,8,60,1.9,Proposed with narrow passband (0.25-2.5Hz) 
 and without extrapolation,DominantWaist,20,372.720647294465,51.1328539047442,11.4336537214574,0.137188144193008,GT9X: 60Hz, 8g
GT9X,8,60,1.9,Proposed without extrapolation,DominantWaist,20,472.894800749198,65.1410629208155,14.5659844817535,0.137749585780207,GT9X: 60Hz, 8g
GT9X,8,60,2,Proposed,DominantWaist,12,476.581468901575,55.4498117831477,16.0069818797572,0.116349072302262,GT9X: 60Hz, 8g
GT9X,8,60,2,Proposed with narrow passband (0.25-2.5Hz) 
 and without extrapolation,DominantWaist,12,393.212267303905,45.6676599087708,13.1831178707945,0.116139967407159,GT9X: 60Hz, 8g
GT9X,8,60,2,Proposed without extrapolation,DominantWaist,12,476.581469057173,55.4498119324832,16.0069819228666,0.116349072577623,GT9X: 60Hz, 8g
GT9X,8,60,3,Proposed,DominantWaist,12,669.026573957187,37.3012882003215,10.7679543917877,0.0557545688801122,GT9X: 60Hz, 8g
GT9X,8,60,3,Proposed with narrow passband (0.25-2.5Hz) 
 and without extrapolation,DominantWaist,12,570.530970558748,25.1423685794678,7.25797663371026,0.04406836767309,GT9X: 60Hz, 8g
GT9X,8,60,3,Proposed without extrapolation,DominantWaist,12,669.026573626296,37.3012878822864,10.7679542999789,0.0557545684323178,GT9X: 60Hz, 8g
GT9X,8,60,3.1,Proposed,DominantWaist,20,726.75884009118,42.4392163328195,9.48969726320038,0.0583951841954823,GT9X: 60Hz, 8g
GT9X,8,60,3.1,Proposed with narrow passband (0.25-2.5Hz) 
 and without extrapolation,DominantWaist,20,604.018872564677,25.9110574690514,5.79388858697025,0.0428977613878727,GT9X: 60Hz, 8g
GT9X,8,60,3.1,Proposed without extrapolation,DominantWaist,20,726.75883993608,42.4392161947361,9.48969723232398,0.0583951840179456,GT9X: 60Hz, 8g
GT9X,8,60,4,Proposed,DominantWaist,12,1073.97753153131,31.2614404804362,9.02440053831766,0.0291080954327439,GT9X: 60Hz, 8g
GT9X,8,60,4,Proposed with narrow passband (0.25-2.5Hz) 
 and without extrapolation,DominantWaist,12,858.902301015,30.5283185448858,8.81276646489822,0.0355434122237293,GT9X: 60Hz, 8g
GT9X,8,60,4,Proposed without extrapolation,DominantWaist,12,1073.97753145825,31.2614405408807,9.02440055576646,0.029108095491005,GT9X: 60Hz, 8g
GT9X,8,60,4.4,Proposed,DominantWaist,20,1211.73181604667,90.0016178966965,20.1249735701975,0.0742751958022618,GT9X: 60Hz, 8g
GT9X,8,60,4.4,Proposed with narrow passband (0.25-2.5Hz) 
 and without extrapolation,DominantWaist,20,959.901432255142,65.4349292872796,14.6316949989249,0.0681683838449436,GT9X: 60Hz, 8g
GT9X,8,60,4.4,Proposed without extrapolation,DominantWaist,20,1211.73181586817,90.0016175850192,20.1249735005043,0.0742751955559866,GT9X: 60Hz, 8g
GT9X,8,60,5,Proposed,DominantWaist,32,1491.73757811189,279.98935929533,49.4955936544511,0.187693441127705,GT9X: 60Hz, 8g
GT9X,8,60,5,Proposed with narrow passband (0.25-2.5Hz) 
 and without extrapolation,DominantWaist,32,779.689197872377,174.570608266287,30.860015225238,0.223897687363961,GT9X: 60Hz, 8g
GT9X,8,60,5,Proposed without extrapolation,DominantWaist,32,1491.73757791524,279.989359378067,49.4955936690771,0.187693441207911,GT9X: 60Hz, 8g
GT9X,8,60,6,Proposed,DominantWaist,12,2020.15717759312,50.2802777375161,14.514665943342,0.0248892899499145,GT9X: 60Hz, 8g
GT9X,8,60,6,Proposed with narrow passband (0.25-2.5Hz) 
 and without extrapolation,DominantWaist,12,968.253770091432,66.0073523369783,19.0546813201244,0.0681715417754017,GT9X: 60Hz, 8g
GT9X,8,60,6,Proposed without extrapolation,DominantWaist,12,2020.15717771452,50.2802777223393,14.5146659389609,0.0248892899409061,GT9X: 60Hz, 8g
GT9X,8,60,6.3,Proposed,DominantWaist,20,1676.82632386449,267.690226371323,59.8573543078585,0.159640997139401,GT9X: 60Hz, 8g
GT9X,8,60,6.3,Proposed with narrow passband (0.25-2.5Hz) 
 and without extrapolation,DominantWaist,20,790.130006606825,198.194923726502,44.3177322247843,0.250838370988643,GT9X: 60Hz, 8g
GT9X,8,60,6.3,Proposed without extrapolation,DominantWaist,20,1676.82632400161,267.690225927581,59.8573542086348,0.159640996861715,GT9X: 60Hz, 8g
GT9X,8,60,7,Proposed,DominantWaist,12,2261.78783143822,61.4170111544774,17.7295639614299,0.0271541876301561,GT9X: 60Hz, 8g
GT9X,8,60,7,Proposed with narrow passband (0.25-2.5Hz) 
 and without extrapolation,DominantWaist,12,1061.65171251652,67.4138533585238,19.4607031918268,0.0634990294498061,GT9X: 60Hz, 8g
GT9X,8,60,7,Proposed without extrapolation,DominantWaist,12,2261.7878317355,61.417011121662,17.7295639519569,0.0271541876120786,GT9X: 60Hz, 8g
GT9X,8,60,7.5,Proposed,DominantWaist,20,1916.60726189593,331.148543101696,74.0470653025411,0.17277850798401,GT9X: 60Hz, 8g
GT9X,8,60,7.5,Proposed with narrow passband (0.25-2.5Hz) 
 and without extrapolation,DominantWaist,20,848.021204164777,234.687495428912,52.4777193248218,0.276747201928822,GT9X: 60Hz, 8g
GT9X,8,60,7.5,Proposed without extrapolation,DominantWaist,20,1916.60726220609,331.148543042352,74.0470652892715,0.172778507925086,GT9X: 60Hz, 8g
GT9X,8,60,8,Proposed,DominantWaist,12,2434.82977023786,96.2410265572559,27.7823912949588,0.0395267988479762,GT9X: 60Hz, 8g
GT9X,8,60,8,Proposed with narrow passband (0.25-2.5Hz) 
 and without extrapolation,DominantWaist,12,1042.23063149162,93.5676604134548,27.0106569635758,0.0897763485223443,GT9X: 60Hz, 8g
GT9X,8,60,8,Proposed without extrapolation,DominantWaist,12,2434.82977045996,96.24102655099,27.78239129315,0.0395267988417973,GT9X: 60Hz, 8g
GT9X,8,60,8.8,Proposed,DominantWaist,20,2088.16101640174,379.38972343226,84.8341211559377,0.181686048370931,GT9X: 60Hz, 8g
GT9X,8,60,8.8,Proposed with narrow passband (0.25-2.5Hz) 
 and without extrapolation,DominantWaist,20,851.504431784245,232.138945255558,51.9078461816531,0.272622122199803,GT9X: 60Hz, 8g
GT9X,8,60,8.8,Proposed without extrapolation,DominantWaist,20,2088.16101626523,379.389723139184,84.834121090404,0.181686048242458,GT9X: 60Hz, 8g
GT9X,8,60,9,Proposed,DominantWaist,12,2530.24187172458,87.3839509424024,25.2255737997246,0.0345358093702096,GT9X: 60Hz, 8g
GT9X,8,60,9,Proposed with narrow passband (0.25-2.5Hz) 
 and without extrapolation,DominantWaist,12,1070.07241224802,82.0927915067903,23.6981476374866,0.0767170432273166,GT9X: 60Hz, 8g
GT9X,8,60,9,Proposed without extrapolation,DominantWaist,12,2530.24187187334,87.3839508803224,25.2255737818036,0.0345358093436439,GT9X: 60Hz, 8g
GT9X,8,60,10,Proposed,DominantWaist,4,2229.87928205321,57.6795828048417,28.8397914024208,0.0258666840259316,GT9X: 60Hz, 8g
GT9X,8,60,10,Proposed with narrow passband (0.25-2.5Hz) 
 and without extrapolation,DominantWaist,4,946.744877383857,32.5194748708262,16.2597374354131,0.034348720175479,GT9X: 60Hz, 8g
GT9X,8,60,10,Proposed without extrapolation,DominantWaist,4,2229.87928191731,57.6795831697943,28.8397915848971,0.0258666841911729,GT9X: 60Hz, 8g
GT9X,8,60,11.3,Proposed,DominantWaist,4,2368.64130263393,43.1739046710354,21.5869523355177,0.0182272869357745,GT9X: 60Hz, 8g
GT9X,8,60,11.3,Proposed with narrow passband (0.25-2.5Hz) 
 and without extrapolation,DominantWaist,4,910.127387357891,28.2227761728144,14.1113880864072,0.0310096988233103,GT9X: 60Hz, 8g
GT9X,8,60,11.3,Proposed without extrapolation,DominantWaist,4,2368.64130287407,43.1739053661142,21.5869526830571,0.018227287227377,GT9X: 60Hz, 8g
GT9X,8,60,12.5,Proposed,DominantWaist,4,2424.45118829609,65.3883992893771,32.6941996446885,0.0269703921469058,GT9X: 60Hz, 8g
GT9X,8,60,12.5,Proposed with narrow passband (0.25-2.5Hz) 
 and without extrapolation,DominantWaist,4,842.789847274268,32.9191304319835,16.4595652159918,0.0390597140419404,GT9X: 60Hz, 8g
GT9X,8,60,12.5,Proposed without extrapolation,DominantWaist,4,2424.45118820585,65.388398027177,32.6941990135885,0.0269703916272969,GT9X: 60Hz, 8g
LG Urbane R,2,100,1,Proposed,DominantWaist,12,366.461518760309,75.6011197369894,21.824163415594,0.206300295847537,LG Urbane R: 100Hz, 2g
LG Urbane R,2,100,1,Proposed with narrow passband (0.25-2.5Hz) 
 and without extrapolation,DominantWaist,12,310.143284571426,68.3063941615519,19.7183575282723,0.220241409566361,LG Urbane R: 100Hz, 2g
LG Urbane R,2,100,1,Proposed without extrapolation,DominantWaist,12,366.461518823317,75.6011197277806,21.8241634129356,0.206300295786937,LG Urbane R: 100Hz, 2g
LG Urbane R,2,100,1.9,Proposed,DominantWaist,20,472.961357294342,64.9839461900708,14.5308521127187,0.137398003426375,LG Urbane R: 100Hz, 2g
LG Urbane R,2,100,1.9,Proposed with narrow passband (0.25-2.5Hz) 
 and without extrapolation,DominantWaist,20,372.812761578334,50.9409143592079,11.3907347343184,0.136639406182195,LG Urbane R: 100Hz, 2g
LG Urbane R,2,100,1.9,Proposed without extrapolation,DominantWaist,20,472.961357241721,64.9839461752753,14.5308521094103,0.137398003410379,LG Urbane R: 100Hz, 2g
LG Urbane R,2,100,2,Proposed,DominantWaist,12,476.933938043187,55.1571142171073,15.9224873704849,0.115649379961115,LG Urbane R: 100Hz, 2g
LG Urbane R,2,100,2,Proposed with narrow passband (0.25-2.5Hz) 
 and without extrapolation,DominantWaist,12,393.348761609365,45.515832506137,13.139289074904,0.115713679432754,LG Urbane R: 100Hz, 2g
LG Urbane R,2,100,2,Proposed without extrapolation,DominantWaist,12,476.933938087236,55.1571146735669,15.9224875022534,0.115649380907504,LG Urbane R: 100Hz, 2g
LG Urbane R,2,100,3,Proposed,DominantWaist,12,669.398956838509,36.7521120537225,10.609420893752,0.0549031510704742,LG Urbane R: 100Hz, 2g
LG Urbane R,2,100,3,Proposed with narrow passband (0.25-2.5Hz) 
 and without extrapolation,DominantWaist,12,570.72409731687,25.0214217741965,7.22306229841975,0.0438415372538658,LG Urbane R: 100Hz, 2g
LG Urbane R,2,100,3,Proposed without extrapolation,DominantWaist,12,669.392060261138,36.7543380077484,10.61006347133,0.0549070420605379,LG Urbane R: 100Hz, 2g
LG Urbane R,2,100,3.1,Proposed,DominantWaist,20,729.709819364565,41.6239731797273,9.30740335234983,0.0570418159042641,LG Urbane R: 100Hz, 2g
LG Urbane R,2,100,3.1,Proposed with narrow passband (0.25-2.5Hz) 
 and without extrapolation,DominantWaist,20,602.20718436956,26.668652964096,5.96329208960699,0.0442848469036697,LG Urbane R: 100Hz, 2g
LG Urbane R,2,100,3.1,Proposed without extrapolation,DominantWaist,20,724.329818084877,44.2027790199927,9.88404186831053,0.0610257619061778,LG Urbane R: 100Hz, 2g
LG Urbane R,2,100,4,Proposed,DominantWaist,12,1080.94872630263,29.8626356742137,8.6206003726095,0.02762632023848,LG Urbane R: 100Hz, 2g
LG Urbane R,2,100,4,Proposed with narrow passband (0.25-2.5Hz) 
 and without extrapolation,DominantWaist,12,849.468276520446,29.1001023776265,8.40047597058415,0.0342568441717742,LG Urbane R: 100Hz, 2g
LG Urbane R,2,100,4,Proposed without extrapolation,DominantWaist,12,1059.61308983933,32.8583163750336,9.48537890212178,0.0310097305234461,LG Urbane R: 100Hz, 2g
LG Urbane R,2,100,4.4,Proposed,DominantWaist,20,1195.4892389765,95.3039887333087,21.3106197334552,0.0797196542019081,LG Urbane R: 100Hz, 2g
LG Urbane R,2,100,4.4,Proposed with narrow passband (0.25-2.5Hz) 
 and without extrapolation,DominantWaist,20,926.862276006444,64.6359661253669,14.4530414047694,0.0697363219958232,LG Urbane R: 100Hz, 2g
LG Urbane R,2,100,4.4,Proposed without extrapolation,DominantWaist,20,1166.78547584921,77.2791374836431,17.2801404655978,0.0662325158164981,LG Urbane R: 100Hz, 2g
LG Urbane R,2,100,5,Proposed,DominantWaist,32,1501.10659573407,287.623601923771,50.8451498373997,0.191607713097229,LG Urbane R: 100Hz, 2g
LG Urbane R,2,100,5,Proposed with narrow passband (0.25-2.5Hz) 
 and without extrapolation,DominantWaist,32,740.704600851352,153.362232256529,27.1108686016244,0.207049115234679,LG Urbane R: 100Hz, 2g
LG Urbane R,2,100,5,Proposed without extrapolation,DominantWaist,32,1409.40548383351,235.55119006474,41.6399609528347,0.167128049923612,LG Urbane R: 100Hz, 2g
LG Urbane R,2,100,6,Proposed,DominantWaist,12,2119.68368711441,77.9204155432953,22.4936864446445,0.0367603977975462,LG Urbane R: 100Hz, 2g
LG Urbane R,2,100,6,Proposed with narrow passband (0.25-2.5Hz) 
 and without extrapolation,DominantWaist,12,851.270042927719,62.5627696870335,18.0603159600287,0.0734934468877412,LG Urbane R: 100Hz, 2g
LG Urbane R,2,100,6,Proposed without extrapolation,DominantWaist,12,1775.99633279307,52.6240285643224,15.191248528727,0.0296307078976687,LG Urbane R: 100Hz, 2g
LG Urbane R,2,100,6.3,Proposed,DominantWaist,20,1646.14628636427,260.296083336242,58.2039736616787,0.158124515112894,LG Urbane R: 100Hz, 2g
LG Urbane R,2,100,6.3,Proposed with narrow passband (0.25-2.5Hz) 
 and without extrapolation,DominantWaist,20,726.729359791308,182.213026752813,40.7440714205278,0.250730239941233,LG Urbane R: 100Hz, 2g
LG Urbane R,2,100,6.3,Proposed without extrapolation,DominantWaist,20,1531.35576868779,213.450477808989,47.7289778210711,0.139386602495313,LG Urbane R: 100Hz, 2g
LG Urbane R,2,100,7,Proposed,DominantWaist,12,2349.68221780531,117.212496619813,33.8363332379187,0.0498844038277203,LG Urbane R: 100Hz, 2g
LG Urbane R,2,100,7,Proposed with narrow passband (0.25-2.5Hz) 
 and without extrapolation,DominantWaist,12,881.760940743745,44.5180124663578,12.8512432406194,0.0504876213146931,LG Urbane R: 100Hz, 2g
LG Urbane R,2,100,7,Proposed without extrapolation,DominantWaist,12,1879.39537817099,33.8544701451566,9.77294372578917,0.0180134901566606,LG Urbane R: 100Hz, 2g
LG Urbane R,2,100,7.5,Proposed,DominantWaist,20,1820.33334018926,323.689786608979,72.3792366480077,0.177818962858377,LG Urbane R: 100Hz, 2g
LG Urbane R,2,100,7.5,Proposed with narrow passband (0.25-2.5Hz) 
 and without extrapolation,DominantWaist,20,738.642350986587,194.140931779233,43.4112320673513,0.262834823267205,LG Urbane R: 100Hz, 2g
LG Urbane R,2,100,7.5,Proposed without extrapolation,DominantWaist,20,1646.89894681064,239.732845304613,53.6058938540556,0.145566214471674,LG Urbane R: 100Hz, 2g
LG Urbane R,2,100,8,Proposed,DominantWaist,12,2429.17312730306,162.700497225456,46.9675879352015,0.0669777280988165,LG Urbane R: 100Hz, 2g
LG Urbane R,2,100,8,Proposed with narrow passband (0.25-2.5Hz) 
 and without extrapolation,DominantWaist,12,827.459646489376,67.1892518040179,19.3958663078497,0.081199430194667,LG Urbane R: 100Hz, 2g
LG Urbane R,2,100,8,Proposed without extrapolation,DominantWaist,12,1923.29149638703,59.9325329657164,17.3010320204862,0.0311614402072186,LG Urbane R: 100Hz, 2g
LG Urbane R,2,100,8.8,Proposed,DominantWaist,20,1963.11096033179,340.353692962047,76.105399385623,0.173374658814255,LG Urbane R: 100Hz, 2g
LG Urbane R,2,100,8.8,Proposed with narrow passband (0.25-2.5Hz) 
 and without extrapolation,DominantWaist,20,728.854238166464,165.792016397207,37.0722218790915,0.227469372770995,LG Urbane R: 100Hz, 2g
LG Urbane R,2,100,8.8,Proposed without extrapolation,DominantWaist,20,1721.68125723012,227.432155251283,50.8553759411155,0.132098873874704,LG Urbane R: 100Hz, 2g
LG Urbane R,2,100,9,Proposed,DominantWaist,12,2380.5087138483,181.830763744651,52.4900201974647,0.0763831540237069,LG Urbane R: 100Hz, 2g
LG Urbane R,2,100,9,Proposed with narrow passband (0.25-2.5Hz) 
 and without extrapolation,DominantWaist,12,831.817264915299,59.6484436269593,17.2190224923836,0.0717085905075955,LG Urbane R: 100Hz, 2g
LG Urbane R,2,100,9,Proposed without extrapolation,DominantWaist,12,1946.36978247557,61.7720787279153,17.8320631409823,0.0317370724124929,LG Urbane R: 100Hz, 2g
LG Urbane R,2,100,10,Proposed,DominantWaist,4,2388.33502528362,53.6504181947596,26.8252090973798,0.0224635227582397,LG Urbane R: 100Hz, 2g
LG Urbane R,2,100,10,Proposed with narrow passband (0.25-2.5Hz) 
 and without extrapolation,DominantWaist,4,816.012511727899,23.7545134165429,11.8772567082715,0.0291104769536474,LG Urbane R: 100Hz, 2g
LG Urbane R,2,100,10,Proposed without extrapolation,DominantWaist,4,1955.77484590663,44.4901116165384,22.2450558082692,0.0227480743551104,LG Urbane R: 100Hz, 2g
LG Urbane R,2,100,11.3,Proposed,DominantWaist,4,2453.92315750279,35.9624576625425,17.9812288312713,0.0146550871214482,LG Urbane R: 100Hz, 2g
LG Urbane R,2,100,11.3,Proposed with narrow passband (0.25-2.5Hz) 
 and without extrapolation,DominantWaist,4,782.597027660737,24.7951528455242,12.3975764227621,0.0316831676701347,LG Urbane R: 100Hz, 2g
LG Urbane R,2,100,11.3,Proposed without extrapolation,DominantWaist,4,2058.92376497349,28.8950483347509,14.4475241673755,0.0140340545028014,LG Urbane R: 100Hz, 2g
LG Urbane R,2,100,12.5,Proposed,DominantWaist,4,2567.24450571121,56.4622454920117,28.2311227460058,0.0219933260608419,LG Urbane R: 100Hz, 2g
LG Urbane R,2,100,12.5,Proposed with narrow passband (0.25-2.5Hz) 
 and without extrapolation,DominantWaist,4,743.871365702982,31.0560281020316,15.5280140510158,0.0417491915052848,LG Urbane R: 100Hz, 2g
LG Urbane R,2,100,12.5,Proposed without extrapolation,DominantWaist,4,2112.01247291352,33.5593078304937,16.7796539152469,0.0158897299428344,LG Urbane R: 100Hz, 2g
Nexus 4,4,50,1,Proposed,DominantWaist,12,366.371501832637,75.6806367899411,21.8471180115574,0.206568022925847,Nexus 4: 50Hz, 4g
Nexus 4,4,50,1,Proposed with narrow passband (0.25-2.5Hz) 
 and without extrapolation,DominantWaist,12,309.989536342517,68.4939798095763,19.7725088404638,0.22095578004896,Nexus 4: 50Hz, 4g
Nexus 4,4,50,1,Proposed without extrapolation,DominantWaist,12,366.371501653771,75.680636795728,21.8471180132279,0.206568023042491,Nexus 4: 50Hz, 4g
Nexus 4,4,50,1.9,Proposed,DominantWaist,20,472.763554866525,65.1556228104116,14.5692401720416,0.137818624425918,Nexus 4: 50Hz, 4g
Nexus 4,4,50,1.9,Proposed with narrow passband (0.25-2.5Hz) 
 and without extrapolation,DominantWaist,20,372.609624210734,51.0838724808946,11.4227011421211,0.137097565821337,Nexus 4: 50Hz, 4g
Nexus 4,4,50,1.9,Proposed without extrapolation,DominantWaist,20,472.763554815463,65.1556227660683,14.5692401621262,0.137818624347008,Nexus 4: 50Hz, 4g
Nexus 4,4,50,2,Proposed,DominantWaist,12,476.54827213804,55.4507934006644,16.0072652483259,0.116359237128032,Nexus 4: 50Hz, 4g
Nexus 4,4,50,2,Proposed with narrow passband (0.25-2.5Hz) 
 and without extrapolation,DominantWaist,12,393.239402516336,45.686398620456,13.1885272709124,0.116179605421301,Nexus 4: 50Hz, 4g
Nexus 4,4,50,2,Proposed without extrapolation,DominantWaist,12,476.548272209952,55.4507933345629,16.0072652292441,0.116359236971765,Nexus 4: 50Hz, 4g
Nexus 4,4,50,3,Proposed,DominantWaist,12,669.054091132611,37.3245704820708,10.7746754076054,0.0557870745829919,Nexus 4: 50Hz, 4g
Nexus 4,4,50,3,Proposed with narrow passband (0.25-2.5Hz) 
 and without extrapolation,DominantWaist,12,570.39311116802,25.003799386073,7.21797515315631,0.043836082337796,Nexus 4: 50Hz, 4g
Nexus 4,4,50,3,Proposed without extrapolation,DominantWaist,12,669.054091069694,37.3245704487096,10.7746753979748,0.0557870745383747,Nexus 4: 50Hz, 4g
Nexus 4,4,50,3.1,Proposed,DominantWaist,20,726.575041120783,42.5299916517445,9.50999524157993,0.0585348921236541,Nexus 4: 50Hz, 4g
Nexus 4,4,50,3.1,Proposed with narrow passband (0.25-2.5Hz) 
 and without extrapolation,DominantWaist,20,603.883281004452,25.9028023019692,5.79204267549412,0.0428937232024118,Nexus 4: 50Hz, 4g
Nexus 4,4,50,3.1,Proposed without extrapolation,DominantWaist,20,726.575041178627,42.5299916674283,9.50999524508693,0.0585348921405799,Nexus 4: 50Hz, 4g
Nexus 4,4,50,4,Proposed,DominantWaist,12,1074.01145508595,31.8670326312011,9.19921993394928,0.0296710360772186,Nexus 4: 50Hz, 4g
Nexus 4,4,50,4,Proposed with narrow passband (0.25-2.5Hz) 
 and without extrapolation,DominantWaist,12,858.866114757275,30.810330752351,8.89417637684563,0.0358732638567984,Nexus 4: 50Hz, 4g
Nexus 4,4,50,4,Proposed without extrapolation,DominantWaist,12,1074.01145520537,31.8670327878371,9.1992199791662,0.0296710362197613,Nexus 4: 50Hz, 4g
Nexus 4,4,50,4.4,Proposed,DominantWaist,20,1211.81786010977,90.6168308898654,20.2625393775342,0.0747775997307525,Nexus 4: 50Hz, 4g
Nexus 4,4,50,4.4,Proposed with narrow passband (0.25-2.5Hz) 
 and without extrapolation,DominantWaist,20,959.912956009088,65.4152911923639,14.6273037874069,0.0681471072797403,Nexus 4: 50Hz, 4g
Nexus 4,4,50,4.4,Proposed without extrapolation,DominantWaist,20,1211.81786002309,90.6168307339813,20.2625393426774,0.0747775996074644,Nexus 4: 50Hz, 4g
Nexus 4,4,50,5,Proposed,DominantWaist,32,1491.51495790489,279.752299011331,49.4536869208597,0.18756251657328,Nexus 4: 50Hz, 4g
Nexus 4,4,50,5,Proposed with narrow passband (0.25-2.5Hz) 
 and without extrapolation,DominantWaist,32,779.644206543896,174.387168209114,30.8275872981459,0.223675321057229,Nexus 4: 50Hz, 4g
Nexus 4,4,50,5,Proposed without extrapolation,DominantWaist,32,1491.51495793322,279.7522990695,49.4536869311426,0.187562516608718,Nexus 4: 50Hz, 4g
Nexus 4,4,50,6,Proposed,DominantWaist,12,2020.76712861923,49.615043463597,14.3226293497813,0.0245525784544498,Nexus 4: 50Hz, 4g
Nexus 4,4,50,6,Proposed with narrow passband (0.25-2.5Hz) 
 and without extrapolation,DominantWaist,12,968.339180706539,65.9617453138761,19.041515706592,0.0681184306368227,Nexus 4: 50Hz, 4g
Nexus 4,4,50,6,Proposed without extrapolation,DominantWaist,12,2020.76712857902,49.6150434882986,14.3226293569121,0.0245525784671622,Nexus 4: 50Hz, 4g
Nexus 4,4,50,6.3,Proposed,DominantWaist,20,1676.53201819088,267.375933016082,59.787076177139,0.159481554849518,Nexus 4: 50Hz, 4g
Nexus 4,4,50,6.3,Proposed with narrow passband (0.25-2.5Hz) 
 and without extrapolation,DominantWaist,20,789.781131786847,198.104299789548,44.2974680964428,0.250834429712629,Nexus 4: 50Hz, 4g
Nexus 4,4,50,6.3,Proposed without extrapolation,DominantWaist,20,1676.49958792233,267.352321297483,59.7817964363536,0.159470555927073,Nexus 4: 50Hz, 4g
Nexus 4,4,50,7,Proposed,DominantWaist,12,2260.80537220109,58.4804923016401,16.8818639863469,0.0258671060413769,Nexus 4: 50Hz, 4g
Nexus 4,4,50,7,Proposed with narrow passband (0.25-2.5Hz) 
 and without extrapolation,DominantWaist,12,1059.97303908941,65.4668411055637,18.8986491676458,0.0617627417786062,Nexus 4: 50Hz, 4g
Nexus 4,4,50,7,Proposed without extrapolation,DominantWaist,12,2258.78472883681,58.1410204035756,16.7838668904819,0.0257399563850939,Nexus 4: 50Hz, 4g
Nexus 4,4,50,7.5,Proposed,DominantWaist,20,1916.12523093635,329.965458026573,73.782519437427,0.172204536895185,Nexus 4: 50Hz, 4g
Nexus 4,4,50,7.5,Proposed with narrow passband (0.25-2.5Hz) 
 and without extrapolation,DominantWaist,20,846.633718340142,233.316881486764,52.1712407302668,0.275581844229157,Nexus 4: 50Hz, 4g
Nexus 4,4,50,7.5,Proposed without extrapolation,DominantWaist,20,1913.25097972828,327.31701727364,73.1903100816331,0.171078975388857,Nexus 4: 50Hz, 4g
Nexus 4,4,50,8,Proposed,DominantWaist,12,2434.60560299511,98.3829300739466,28.4007055809286,0.0404102126245473,Nexus 4: 50Hz, 4g
Nexus 4,4,50,8,Proposed with narrow passband (0.25-2.5Hz) 
 and without extrapolation,DominantWaist,12,1037.13042076423,93.59636156268,27.0189422716914,0.0902455078829064,Nexus 4: 50Hz, 4g
Nexus 4,4,50,8,Proposed without extrapolation,DominantWaist,12,2425.38472620512,94.9899605561181,27.4212396486934,0.0391649042437669,Nexus 4: 50Hz, 4g
Nexus 4,4,50,8.8,Proposed,DominantWaist,20,2078.86382827442,370.623780307048,82.8739966844508,0.178281893824035,Nexus 4: 50Hz, 4g
Nexus 4,4,50,8.8,Proposed with narrow passband (0.25-2.5Hz) 
 and without extrapolation,DominantWaist,20,843.991892628267,228.532816547908,51.1014912890611,0.270776080367592,Nexus 4: 50Hz, 4g
Nexus 4,4,50,8.8,Proposed without extrapolation,DominantWaist,20,2069.81608818651,364.493864244027,81.5033057831224,0.176099638187362,Nexus 4: 50Hz, 4g
Nexus 4,4,50,9,Proposed,DominantWaist,12,2524.91569961458,86.5971247874977,24.9984366535547,0.0342970360557846,Nexus 4: 50Hz, 4g
Nexus 4,4,50,9,Proposed with narrow passband (0.25-2.5Hz) 
 and without extrapolation,DominantWaist,12,1061.20106586939,80.9378241431694,23.3647372783407,0.0762700177622428,Nexus 4: 50Hz, 4g
Nexus 4,4,50,9,Proposed without extrapolation,DominantWaist,12,2509.95217448845,85.72420401966,24.7464461334086,0.0341537200951375,Nexus 4: 50Hz, 4g
Nexus 4,4,50,10,Proposed,DominantWaist,4,2232.57838873261,59.7630753970571,29.8815376985286,0.0267686347313356,Nexus 4: 50Hz, 4g
Nexus 4,4,50,10,Proposed with narrow passband (0.25-2.5Hz) 
 and without extrapolation,DominantWaist,4,947.802153612281,33.1986242914163,16.5993121457082,0.0350269559579381,Nexus 4: 50Hz, 4g
Nexus 4,4,50,10,Proposed without extrapolation,DominantWaist,4,2231.72824706219,61.1444019147434,30.5722009573717,0.0273977810673109,Nexus 4: 50Hz, 4g
Nexus 4,4,50,11.3,Proposed,DominantWaist,4,2372.76938024738,41.6574823506895,20.8287411753447,0.017556481762398,Nexus 4: 50Hz, 4g
Nexus 4,4,50,11.3,Proposed with narrow passband (0.25-2.5Hz) 
 and without extrapolation,DominantWaist,4,910.330435895696,30.3478004859338,15.1739002429669,0.0333371260470643,Nexus 4: 50Hz, 4g
Nexus 4,4,50,11.3,Proposed without extrapolation,DominantWaist,4,2368.9077396753,39.8902364302731,19.9451182151365,0.016839084005754,Nexus 4: 50Hz, 4g
Nexus 4,4,50,12.5,Proposed,DominantWaist,4,2419.28203429186,62.0701442817997,31.0350721408998,0.0256564317024609,Nexus 4: 50Hz, 4g
Nexus 4,4,50,12.5,Proposed with narrow passband (0.25-2.5Hz) 
 and without extrapolation,DominantWaist,4,839.943416478254,30.7623185279706,15.3811592639853,0.0366242748314548,Nexus 4: 50Hz, 4g
Nexus 4,4,50,12.5,Proposed without extrapolation,DominantWaist,4,2415.32174064984,61.4169854870011,30.7084927435005,0.0254280762903566,Nexus 4: 50Hz, 4g
GT3X,3,30,1,Actigraph count algorithm,DominantWaist,14,217.049327686537,20.6532748595479,5.51981988852144,0.095154751593497,GT3X: 30Hz, 3g
GT3X,3,30,1.9,Actigraph count algorithm,DominantWaist,24,242.806373222378,18.8051368355471,3.83858248252556,0.0774491072288457,GT3X: 30Hz, 3g
GT3X,3,30,2,Actigraph count algorithm,DominantWaist,14,264.310630407196,9.54531360047693,2.55109236730702,0.0361139980854022,GT3X: 30Hz, 3g
GT3X,3,30,3,Actigraph count algorithm,DominantWaist,14,335.231662304721,23.5376232997158,6.29069443474886,0.0702130077388705,GT3X: 30Hz, 3g
GT3X,3,30,3.1,Actigraph count algorithm,DominantWaist,24,370.57942040196,24.4846324378047,4.99790466768491,0.0660712146703848,GT3X: 30Hz, 3g
GT3X,3,30,4,Actigraph count algorithm,DominantWaist,14,495.89894882532,16.8870814420452,4.51326235847725,0.0340534729546152,GT3X: 30Hz, 3g
GT3X,3,30,4.4,Actigraph count algorithm,DominantWaist,24,585.455950380976,55.403627225554,11.3092180501648,0.0946332976708172,GT3X: 30Hz, 3g
GT3X,3,30,5,Actigraph count algorithm,DominantWaist,38,494.629091817368,115.093421285821,18.6706183637874,0.232686316251525,GT3X: 30Hz, 3g
GT3X,3,30,6,Actigraph count algorithm,DominantWaist,14,648.138857652438,32.9034681523665,8.79382176162738,0.0507660785399336,GT3X: 30Hz, 3g
GT3X,3,30,6.3,Actigraph count algorithm,DominantWaist,24,523.784993071644,117.502774211564,23.9851533483161,0.224333983916739,GT3X: 30Hz, 3g
GT3X,3,30,7,Actigraph count algorithm,DominantWaist,14,718.364287969164,44.7183465944009,11.9514808470898,0.06225023618702,GT3X: 30Hz, 3g
GT3X,3,30,7.5,Actigraph count algorithm,DominantWaist,24,565.783649392706,136.83561860176,27.9314536843667,0.241851489961992,GT3X: 30Hz, 3g
GT3X,3,30,8,Actigraph count algorithm,DominantWaist,14,716.099931916526,60.7089051432818,16.2251373837371,0.0847771413422763,GT3X: 30Hz, 3g
GT3X,3,30,8.8,Actigraph count algorithm,DominantWaist,24,591.302163070288,142.479753979228,29.0835579938658,0.240959297763116,GT3X: 30Hz, 3g
GT3X,3,30,9,Actigraph count algorithm,DominantWaist,14,736.85452978081,48.2546348359967,12.896593634299,0.0654873287544977,GT3X: 30Hz, 3g
GT3X,3,30,10,Actigraph count algorithm,DominantWaist,5,652.819421990148,18.6145867684979,8.32469627748588,0.0285141436382982,GT3X: 30Hz, 3g
GT3X,3,30,11.3,Actigraph count algorithm,DominantWaist,5,646.04949199546,19.9014412922881,8.90019511595548,0.0308048246130777,GT3X: 30Hz, 3g
GT3X,3,30,12.5,Actigraph count algorithm,DominantWaist,5,607.64983653022,10.587502349299,4.73487499299424,0.017423689949059,GT3X: 30Hz, 3g
LG Urbane R,2,100,1,Actigraph count algorithm,DominantWaist,14,221.119748519643,22.2551556767289,5.94794054511689,0.100647526174044,LG Urbane R: 100Hz, 2g
LG Urbane R,2,100,1.9,Actigraph count algorithm,DominantWaist,24,250.641301576322,22.5730800224035,4.60771066482511,0.0900612942896399,LG Urbane R: 100Hz, 2g
LG Urbane R,2,100,2,Actigraph count algorithm,DominantWaist,14,277.964014202014,15.6084181474022,4.17152521836313,0.0561526577179827,LG Urbane R: 100Hz, 2g
LG Urbane R,2,100,3,Actigraph count algorithm,DominantWaist,14,365.563472476505,32.0466802227327,8.56483555549787,0.0876637920239484,LG Urbane R: 100Hz, 2g
LG Urbane R,2,100,3.1,Actigraph count algorithm,DominantWaist,24,404.368523800709,26.6526179655828,5.44044286041781,0.065911702807804,LG Urbane R: 100Hz, 2g
LG Urbane R,2,100,4,Actigraph count algorithm,DominantWaist,14,515.680552157459,22.4977841167005,6.01278572330699,0.0436273658616294,LG Urbane R: 100Hz, 2g
LG Urbane R,2,100,4.4,Actigraph count algorithm,DominantWaist,24,618.885851591656,40.6214040774197,8.2918093854242,0.0656363430719077,LG Urbane R: 100Hz, 2g
LG Urbane R,2,100,5,Actigraph count algorithm,DominantWaist,38,503.360976448707,76.8674958133831,12.4695544096099,0.15270849233426,LG Urbane R: 100Hz, 2g
LG Urbane R,2,100,6,Actigraph count algorithm,DominantWaist,14,594.475424724393,46.8759176997591,12.5281159802222,0.0788525744718402,LG Urbane R: 100Hz, 2g
LG Urbane R,2,100,6.3,Actigraph count algorithm,DominantWaist,24,549.130687172907,74.2448129414234,15.1551589795727,0.135204268629856,LG Urbane R: 100Hz, 2g
LG Urbane R,2,100,7,Actigraph count algorithm,DominantWaist,14,640.605938300322,57.7916984996085,15.4454811132338,0.0902141161116044,LG Urbane R: 100Hz, 2g
LG Urbane R,2,100,7.5,Actigraph count algorithm,DominantWaist,24,572.974585288903,93.3646406190447,19.057977461249,0.162947263310062,LG Urbane R: 100Hz, 2g
LG Urbane R,2,100,8,Actigraph count algorithm,DominantWaist,14,648.376087643762,43.6888346982314,11.6763322191559,0.0673819339281916,LG Urbane R: 100Hz, 2g
LG Urbane R,2,100,8.8,Actigraph count algorithm,DominantWaist,24,619.039636299604,66.8640049267101,13.6485578524484,0.108012477725011,LG Urbane R: 100Hz, 2g
LG Urbane R,2,100,9,Actigraph count algorithm,DominantWaist,14,698.990209773998,38.8187236359596,10.3747402884017,0.0555354325327542,LG Urbane R: 100Hz, 2g
LG Urbane R,2,100,10,Actigraph count algorithm,DominantWaist,5,657.463296239801,32.3151299218967,14.4517654414197,0.0491512303526526,LG Urbane R: 100Hz, 2g
LG Urbane R,2,100,11.3,Actigraph count algorithm,DominantWaist,5,710.801437139012,64.0343361127005,28.6370256884136,0.0900875163821275,LG Urbane R: 100Hz, 2g
LG Urbane R,2,100,12.5,Actigraph count algorithm,DominantWaist,5,696.133879640484,18.6621815675639,8.34598131870331,0.026808322527273,LG Urbane R: 100Hz, 2g
Nexus 4,4,50,1,Actigraph count algorithm,DominantWaist,14,215.574703453339,22.0535384114892,5.89405606441795,0.102301142287145,Nexus 4: 50Hz, 4g
Nexus 4,4,50,1.9,Actigraph count algorithm,DominantWaist,24,247.26456297373,18.8571996835746,3.84920976687752,0.0762632520276593,Nexus 4: 50Hz, 4g
Nexus 4,4,50,2,Actigraph count algorithm,DominantWaist,14,268.158034882432,10.950084621721,2.92653321504728,0.0408344453542919,Nexus 4: 50Hz, 4g
Nexus 4,4,50,3,Actigraph count algorithm,DominantWaist,14,350.52176782154,18.0828519825027,4.83284547816222,0.0515883852089585,Nexus 4: 50Hz, 4g
Nexus 4,4,50,3.1,Actigraph count algorithm,DominantWaist,24,384.674181702549,17.1851482332553,3.50790369379727,0.0446745558986949,Nexus 4: 50Hz, 4g
Nexus 4,4,50,4,Actigraph count algorithm,DominantWaist,14,500.898662425937,23.3343914537216,6.23637843919229,0.0465850544313877,Nexus 4: 50Hz, 4g
Nexus 4,4,50,4.4,Actigraph count algorithm,DominantWaist,24,608.449803367429,53.6766011572501,10.956690330179,0.0882186186275024,Nexus 4: 50Hz, 4g
Nexus 4,4,50,5,Actigraph count algorithm,DominantWaist,38,510.332499490598,102.971541413515,16.7041897841256,0.201773434998357,Nexus 4: 50Hz, 4g
Nexus 4,4,50,6,Actigraph count algorithm,DominantWaist,14,670.012603776942,34.6471787291821,9.25984801592294,0.0517112342870444,Nexus 4: 50Hz, 4g
Nexus 4,4,50,6.3,Actigraph count algorithm,DominantWaist,24,566.269215565727,96.0973718280223,19.6157938834302,0.169702624099064,Nexus 4: 50Hz, 4g
Nexus 4,4,50,7,Actigraph count algorithm,DominantWaist,14,772.742193765656,61.6790873668975,16.484429489702,0.0798184541552321,Nexus 4: 50Hz, 4g
Nexus 4,4,50,7.5,Actigraph count algorithm,DominantWaist,24,637.539237813896,120.795242841873,24.657225693181,0.189471072017586,Nexus 4: 50Hz, 4g
Nexus 4,4,50,8,Actigraph count algorithm,DominantWaist,14,821.44830355649,78.3628562808001,20.9433542894114,0.095395968244776,Nexus 4: 50Hz, 4g
Nexus 4,4,50,8.8,Actigraph count algorithm,DominantWaist,24,668.049121403982,135.645784465153,27.6885798082642,0.203047620480479,Nexus 4: 50Hz, 4g
Nexus 4,4,50,9,Actigraph count algorithm,DominantWaist,14,871.101839220724,86.6922939915869,23.1694901564285,0.0995202743104534,Nexus 4: 50Hz, 4g
Nexus 4,4,50,10,Actigraph count algorithm,DominantWaist,5,710.455971050094,21.969103283598,9.82488166936779,0.0309225401415466,Nexus 4: 50Hz, 4g
Nexus 4,4,50,11.3,Actigraph count algorithm,DominantWaist,5,755.316502140166,32.3183692879166,14.4532141299446,0.0427878501215629,Nexus 4: 50Hz, 4g
Nexus 4,4,50,12.5,Actigraph count algorithm,DominantWaist,5,726.056347462489,20.6936073894061,9.25446256448082,0.0285013793512428,Nexus 4: 50Hz, 4g
