------------ Data File Created By ActiGraph GT3X+ ActiLife v6.13.3 Firmware v2.5.0 date format M/d/yyyy at 40 Hz  Filter Normal -----------,,
Serial Number: CLE2B20130009,,
Start Time 11:27:00,,
Start Date 6/14/2018,,
Epoch Period (hh:mm:ss) 00:00:00,,
Download Time 15:16:42,,
Download Date 6/14/2018,,
Current Memory Address: 0,,
Current Battery Voltage: 4.21     Mode = 12,,
--------------------------------------------------,,
Accelerometer X,Accelerometer Y,Accelerometer Z
-0.009,-0.053,-0.988
-0.009,-0.053,-0.982
-0.009,-0.053,-0.988
-0.009,-0.053,-0.982
-0.009,-0.053,-0.982
-0.009,-0.056,-0.988
-0.009,-0.053,-0.988
-0.003,-0.053,-0.988
-0.009,-0.056,-0.982
-0.009,-0.053,-0.982
-0.009,-0.056,-0.982
-0.009,-0.047,-0.988
-0.009,-0.053,-0.991
-0.009,-0.056,-0.988
-0.003,-0.056,-0.982
-0.009,-0.053,-0.982
-0.003,-0.056,-0.988
-0.003,-0.056,-0.988
-0.009,-0.056,-0.982
-0.003,-0.056,-0.988
-0.009,-0.053,-0.982
-0.003,-0.053,-0.982
-0.003,-0.053,-0.988
-0.012,-0.053,-0.988
-0.012,-0.056,-0.982
-0.009,-0.053,-0.979
-0.003,-0.047,-0.988
-0.003,-0.053,-0.988
-0.003,-0.056,-0.988
-0.009,-0.053,-0.982
-0.003,-0.056,-0.988
0,-0.047,-0.988
-0.003,-0.053,-0.982
-0.012,-0.053,-0.988
-0.009,-0.047,-0.982
-0.009,-0.056,-0.982
-0.003,-0.047,-0.982
-0.009,-0.056,-0.982
-0.009,-0.056,-0.982
-0.009,-0.053,-0.982
-0.009,-0.053,-0.982
-0.009,-0.053,-0.982
-0.009,-0.053,-0.982
-0.009,-0.053,-0.988
-0.009,-0.053,-0.982
-0.003,-0.053,-0.988
-0.003,-0.056,-0.979
-0.009,-0.053,-0.982
-0.003,-0.056,-0.988
-0.003,-0.053,-0.982
-0.009,-0.053,-0.988
-0.009,-0.053,-0.988
-0.009,-0.056,-0.988
-0.003,-0.056,-0.988
-0.009,-0.056,-0.988
-0.003,-0.053,-0.982
-0.003,-0.056,-0.982
-0.003,-0.047,-0.988
-0.009,-0.053,-0.982
-0.009,-0.047,-0.982
-0.009,-0.053,-0.988
-0.003,-0.053,-0.982
-0.012,-0.047,-0.988
-0.009,-0.047,-0.988
-0.009,-0.053,-0.988
-0.009,-0.053,-0.988
-0.009,-0.056,-0.988
-0.003,-0.053,-0.988
-0.009,-0.056,-0.982
-0.009,-0.056,-0.982
-0.009,-0.047,-0.982
-0.003,-0.053,-0.988
-0.009,-0.047,-0.982
-0.012,-0.053,-0.982
-0.003,-0.053,-0.982
-0.009,-0.053,-0.988
-0.003,-0.053,-0.988
-0.012,-0.056,-0.988
-0.003,-0.047,-0.982
-0.003,-0.056,-0.982
-0.003,-0.056,-0.988
-0.009,-0.047,-0.988
-0.009,-0.053,-0.982
-0.003,-0.047,-0.982
-0.003,-0.056,-0.982
-0.003,-0.047,-0.988
-0.003,-0.047,-0.982
-0.009,-0.053,-0.982
-0.003,-0.053,-0.982
0,-0.047,-0.988
-0.012,-0.059,-0.979
-0.003,-0.059,-0.988
-0.012,-0.047,-0.982
0,-0.044,-0.982
-0.003,-0.056,-0.988
-0.003,-0.053,-0.977
-0.003,-0.056,-0.991
-0.012,-0.053,-0.974
0.003,-0.056,-0.988
-0.003,-0.047,-0.991
-0.009,-0.044,-0.988
0,-0.053,-0.982
0.009,-0.053,-0.982
0.015,-0.047,-0.991
0.003,-0.053,-0.979
0.026,-0.044,-0.991
0.029,-0.053,-0.991
0.053,-0.053,-0.979
0.085,-0.047,-0.994
0.082,-0.047,-0.988
0.085,-0.067,-0.956
0.073,-0.141,-1.041
0.067,0,-1.035
-0.073,-0.1,-0.839
-0.117,-0.126,-1.047
-0.029,0.009,-0.877
0.053,-0.056,-1.047
0.07,-0.123,-1.041
0.032,-0.062,-0.977
0.073,-0.003,-0.856
0.067,-0.091,-1.182
0.015,0.012,-0.821
0.082,-0.126,-1.367
-0.044,0.038,-0.686
0.009,-0.044,-1.208
-0.361,-0.114,-0.554
-0.129,0.032,-1.182
-0.305,0.067,-0.824
0.088,-0.029,-1.182
0.038,-0.067,-0.977
-0.026,-0.047,-0.935
0.009,-0.062,-1.012
0,-0.053,-1.006
-0.015,-0.056,-0.974
-0.003,-0.044,-0.977
0.009,-0.044,-0.994
0,-0.038,-0.988
0,-0.038,-0.982
0,-0.038,-0.988
0.003,-0.038,-0.988
-0.003,-0.044,-0.988
-0.009,-0.044,-0.979
-0.009,-0.056,-0.988
-0.009,-0.059,-0.982
-0.009,-0.062,-0.982
-0.009,-0.059,-0.982
0,-0.059,-0.988
0.009,-0.056,-0.988
0.003,-0.047,-0.988
0,-0.047,-0.982
0.018,-0.044,-0.988
0.003,-0.041,-0.982
0.029,-0.032,-0.991
0.053,-0.023,-0.994
0.044,-0.018,-0.968
0.003,-0.015,-1.003
-0.009,0.003,-0.968
-0.015,-0.029,-0.997
-0.073,-0.056,-0.979
-0.111,-0.091,-0.947
0.009,-0.067,-1.006
0.009,-0.088,-0.988
-0.015,-0.082,-0.965
0.009,-0.091,-1.009
-0.032,-0.067,-0.982
-0.038,-0.07,-0.965
-0.012,-0.07,-0.991
0.003,-0.059,-0.979
0,-0.053,-0.982
-0.018,-0.041,-0.982
0.012,-0.032,-0.994
0.012,-0.015,-0.979
-0.009,-0.018,-0.982
0.015,-0.018,-0.994
0.041,0,-0.982
0.026,-0.003,-0.979
-0.067,-0.032,-0.977
-0.067,-0.106,-0.974
0.003,-0.038,-0.988
-0.023,-0.07,-0.994
-0.015,-0.082,-0.982
-0.015,-0.076,-0.991
-0.012,-0.085,-0.991
-0.018,-0.076,-0.982
-0.015,-0.07,-0.982
-0.009,-0.062,-0.982
-0.003,-0.056,-0.994
-0.003,-0.038,-0.982
0.026,-0.047,-1.021
-0.023,-0.041,-0.965
0,-0.032,-0.982
0.003,-0.032,-0.991
-0.003,-0.041,-0.988
-0.012,-0.041,-0.979
-0.009,-0.044,-0.988
-0.009,-0.053,-0.991
-0.012,-0.059,-0.977
-0.012,-0.062,-0.979
-0.009,-0.062,-0.991
-0.009,-0.062,-0.988
0,-0.056,-0.994
-0.009,-0.047,-0.977
-0.009,-0.047,-0.982
-0.003,-0.044,-0.994
-0.003,-0.041,-0.982
-0.023,-0.056,-0.968
0.003,-0.047,-0.991
-0.015,-0.053,-0.979
0,-0.059,-0.991
-0.009,-0.053,-0.982
-0.009,-0.056,-0.979
-0.003,-0.053,-0.988
-0.003,-0.047,-0.988
-0.003,-0.047,-0.982
0,-0.053,-0.979
-0.009,-0.053,-0.982
-0.003,-0.056,-0.982
-0.003,-0.053,-0.982
-0.003,-0.059,-0.988
-0.003,-0.047,-0.988
-0.009,-0.047,-0.988
-0.009,-0.053,-0.988
-0.009,-0.053,-0.982
-0.003,-0.053,-0.982
-0.003,-0.053,-0.982
0,-0.053,-0.988
-0.009,-0.053,-0.982
-0.003,-0.053,-0.988
-0.009,-0.053,-0.982
-0.003,-0.053,-0.982
-0.003,-0.053,-0.979
-0.003,-0.047,-0.982
-0.003,-0.053,-0.982
0,-0.053,-0.988
-0.009,-0.053,-0.979
-0.009,-0.056,-0.982
-0.003,-0.056,-0.982
-0.003,-0.053,-0.982
-0.009,-0.053,-0.988
-0.009,-0.053,-0.982
-0.009,-0.053,-0.982
-0.003,-0.047,-0.988
-0.003,-0.047,-0.982
-0.009,-0.053,-0.982
-0.003,-0.053,-0.982
-0.009,-0.047,-0.988
-0.003,-0.053,-0.988
-0.003,-0.053,-0.982
-0.009,-0.056,-0.982
-0.009,-0.047,-0.982
-0.003,-0.053,-0.982
-0.003,-0.053,-0.982
-0.009,-0.056,-0.982
-0.003,-0.056,-0.982
-0.003,-0.056,-0.988
-0.009,-0.053,-0.982
-0.009,-0.053,-0.982
-0.009,-0.053,-0.982
-0.003,-0.053,-0.988
-0.009,-0.053,-0.988
0,-0.053,-0.982
-0.003,-0.053,-0.982
-0.003,-0.053,-0.988
-0.003,-0.053,-0.982
-0.003,-0.056,-0.988
0,-0.053,-0.982
-0.003,-0.056,-0.982
-0.003,-0.056,-0.982
-0.003,-0.053,-0.988
-0.003,-0.053,-0.982
-0.003,-0.053,-0.979
-0.009,-0.053,-0.982
-0.003,-0.053,-0.982
-0.003,-0.056,-0.988
-0.009,-0.056,-0.982
-0.003,-0.053,-0.988
-0.009,-0.053,-0.988
-0.009,-0.053,-0.982
-0.003,-0.047,-0.982
-0.003,-0.053,-0.988
-0.009,-0.053,-0.982
-0.009,-0.053,-0.982
-0.009,-0.053,-0.977
-0.003,-0.053,-0.988
-0.009,-0.053,-0.988
-0.003,-0.056,-0.988
-0.003,-0.053,-0.991
0,-0.056,-0.982
-0.003,-0.053,-0.982
0,-0.053,-0.982
-0.003,-0.053,-0.988
-0.009,-0.053,-0.982
0,-0.047,-0.988
-0.009,-0.056,-0.982
-0.003,-0.053,-0.988
-0.003,-0.053,-0.982
-0.003,-0.056,-0.982
-0.003,-0.053,-0.982
-0.003,-0.053,-0.988
-0.003,-0.053,-0.982
0,-0.053,-0.988
-0.009,-0.053,-0.979
-0.003,-0.056,-0.988
-0.003,-0.056,-0.988
-0.003,-0.047,-0.988
-0.009,-0.053,-0.988
-0.003,-0.053,-0.988
-0.009,-0.053,-0.982
-0.009,-0.047,-0.988
-0.003,-0.053,-0.982
-0.003,-0.053,-0.982
-0.003,-0.053,-0.982
-0.009,-0.047,-0.982
0,-0.056,-0.988
-0.003,-0.047,-0.982
-0.003,-0.047,-0.982
-0.003,-0.056,-0.988
-0.003,-0.053,-0.988
-0.003,-0.053,-0.988
-0.003,-0.047,-0.982
-0.003,-0.056,-0.982
-0.009,-0.053,-0.988
-0.003,-0.053,-0.988
-0.003,-0.047,-0.988
-0.003,-0.056,-0.988
-0.003,-0.053,-0.988
-0.003,-0.053,-0.988
-0.003,-0.056,-0.991
-0.009,-0.056,-0.988
-0.009,-0.056,-0.988
-0.009,-0.053,-0.988
-0.009,-0.047,-0.982
-0.009,-0.056,-0.982
-0.003,-0.056,-0.988
-0.009,-0.053,-0.988
-0.003,-0.053,-0.982
-0.003,-0.053,-0.988
-0.012,-0.047,-0.982
-0.003,-0.053,-0.988
-0.003,-0.053,-0.988
-0.009,-0.056,-0.988
-0.003,-0.053,-0.988
-0.003,-0.056,-0.982
-0.003,-0.053,-0.988
-0.009,-0.053,-0.988
-0.009,-0.053,-0.982
-0.003,-0.053,-0.988
-0.003,-0.053,-0.982
-0.009,-0.053,-0.982
-0.009,-0.056,-0.979
-0.003,-0.056,-0.982
-0.003,-0.053,-0.982
-0.003,-0.053,-0.982
-0.009,-0.056,-0.982
-0.003,-0.047,-0.988
-0.003,-0.053,-0.982
-0.009,-0.047,-0.988
-0.003,-0.047,-0.988
-0.003,-0.053,-0.988
-0.003,-0.053,-0.982
-0.009,-0.047,-0.982
-0.003,-0.053,-0.982
-0.009,-0.053,-0.982
-0.009,-0.053,-0.982
-0.003,-0.053,-0.982
-0.003,-0.053,-0.982
-0.003,-0.053,-0.988
-0.009,-0.047,-0.982
-0.009,-0.047,-0.988
-0.009,-0.053,-0.982
-0.003,-0.053,-0.988
-0.003,-0.053,-0.988
-0.009,-0.056,-0.991
-0.003,-0.059,-0.991
-0.009,-0.056,-0.982
-0.003,-0.053,-0.982
-0.012,-0.053,-0.982
-0.003,-0.056,-0.991
-0.003,-0.056,-0.988
-0.009,-0.053,-0.979
-0.003,-0.053,-0.991
-0.009,-0.053,-0.988
-0.009,-0.067,-0.991
-0.003,-0.053,-0.982
-0.003,-0.044,-0.979
0.012,-0.067,-1.009
-0.015,-0.056,-0.974
-0.003,-0.053,-0.974
0,-0.059,-0.997
0,-0.053,-0.994
-0.009,-0.053,-0.982
0,-0.053,-0.988
0.003,-0.056,-0.988
0.012,-0.053,-0.988
0.009,-0.056,-0.988
0.023,-0.053,-0.991
0.018,-0.047,-0.988
0.012,-0.047,-0.994
-0.015,-0.059,-0.982
0.012,-0.029,-0.994
0.015,-0.041,-0.977
-0.009,-0.053,-0.982
-0.009,-0.041,-0.982
0.009,-0.056,-0.977
0.038,-0.056,-1.003
0.053,-0.044,-1.009
0.062,-0.059,-0.982
0.144,-0.053,-0.994
0.229,0.067,-1.208
0.029,-0.132,-0.88
-0.15,0.067,-1.302
-0.334,-0.085,-0.496
-0.144,-0.158,-1.059
-0.097,-0.023,-1.003
0.026,-0.044,-0.965
0.003,-0.085,-1.009
-0.003,-0.076,-1.006
-0.023,-0.085,-0.974
-0.018,-0.088,-0.979
-0.009,-0.082,-0.994
-0.015,-0.07,-0.988
-0.009,-0.067,-0.988
-0.009,-0.059,-0.988
-0.003,-0.053,-0.982
0.003,-0.044,-0.988
-0.003,-0.038,-0.982
0,-0.032,-0.982
0.003,-0.026,-0.988
0.003,-0.026,-0.979
-0.003,-0.044,-0.982
-0.003,-0.047,-0.991
0.003,-0.047,-0.994
-0.012,-0.062,-0.982
-0.003,-0.062,-0.982
-0.009,-0.067,-0.988
-0.009,-0.062,-0.982
-0.009,-0.062,-0.982
-0.009,-0.059,-0.979
-0.003,-0.053,-0.979
-0.009,-0.053,-0.982
-0.003,-0.047,-0.988
-0.003,-0.041,-0.982
-0.003,-0.041,-0.988
-0.009,-0.053,-0.988
-0.003,-0.056,-0.982
-0.003,-0.056,-0.982
-0.009,-0.059,-0.988
-0.009,-0.059,-0.988
-0.003,-0.056,-0.988
-0.009,-0.053,-0.988
-0.003,-0.056,-0.988
-0.009,-0.053,-0.988
0,-0.053,-0.988
-0.003,-0.053,-0.988
-0.009,-0.056,-0.988
-0.003,-0.056,-0.988
-0.009,-0.053,-0.982
-0.003,-0.056,-0.991
-0.009,-0.053,-0.982
0,-0.053,-0.982
-0.003,-0.047,-0.988
-0.003,-0.056,-0.982
-0.003,-0.056,-0.982
-0.009,-0.056,-0.988
-0.003,-0.056,-0.991
-0.009,-0.053,-0.991
-0.009,-0.056,-0.988
-0.003,-0.056,-0.988
-0.009,-0.056,-0.991
-0.009,-0.056,-0.982
-0.003,-0.056,-0.988
-0.003,-0.053,-0.988
-0.009,-0.053,-0.982
-0.003,-0.056,-0.982
-0.003,-0.053,-0.988
-0.003,-0.056,-0.982
-0.009,-0.056,-0.988
-0.003,-0.053,-0.988
-0.003,-0.056,-0.988
-0.009,-0.053,-0.988
-0.003,-0.053,-0.982
-0.009,-0.053,-0.988
-0.003,-0.053,-0.982
-0.012,-0.056,-0.988
-0.003,-0.053,-0.988
-0.009,-0.053,-0.982
-0.009,-0.053,-0.982
-0.003,-0.056,-0.988
-0.003,-0.056,-0.982
-0.003,-0.053,-0.982
0,-0.056,-0.982
-0.003,-0.053,-0.982
-0.009,-0.056,-0.988
0,-0.053,-0.988
-0.003,-0.053,-0.988
-0.009,-0.053,-0.982
-0.009,-0.053,-0.988
0,-0.053,-0.982
-0.003,-0.053,-0.979
-0.009,-0.053,-0.988
-0.009,-0.053,-0.982
-0.003,-0.053,-0.982
-0.003,-0.053,-0.982
-0.009,-0.053,-0.988
-0.009,-0.053,-0.982
-0.003,-0.053,-0.982
-0.009,-0.056,-0.982
-0.003,-0.056,-0.988
-0.003,-0.056,-0.982
-0.003,-0.056,-0.988
-0.003,-0.053,-0.988
-0.009,-0.053,-0.982
-0.009,-0.056,-0.988
-0.009,-0.053,-0.982
-0.009,-0.053,-0.982
-0.009,-0.053,-0.982
-0.003,-0.047,-0.982
-0.009,-0.047,-0.977
-0.003,-0.056,-0.991
0.003,-0.053,-0.994
-0.003,-0.053,-0.977
-0.003,-0.056,-0.979
-0.009,-0.056,-0.991
-0.009,-0.047,-0.988
-0.003,-0.056,-0.988
-0.003,-0.053,-0.982
-0.003,-0.053,-0.988
-0.009,-0.053,-0.988
-0.003,-0.056,-0.982
-0.009,-0.056,-0.988
-0.009,-0.053,-0.982
-0.003,-0.053,-0.982
-0.009,-0.053,-0.988
-0.003,-0.053,-0.988
-0.009,-0.053,-0.988
-0.003,-0.053,-0.988
-0.003,-0.056,-0.988
-0.003,-0.053,-0.982
0,-0.053,-0.982
-0.009,-0.053,-0.991
-0.003,-0.056,-0.982
-0.003,-0.053,-0.988
-0.009,-0.053,-0.982
-0.003,-0.053,-0.988
-0.003,-0.053,-0.982
-0.009,-0.053,-0.982
-0.003,-0.056,-0.988
-0.003,-0.056,-0.988
0,-0.056,-0.988
-0.003,-0.053,-0.982
-0.003,-0.056,-0.988
-0.003,-0.056,-0.988
-0.009,-0.053,-0.988
-0.009,-0.053,-0.982
-0.003,-0.056,-0.988
-0.003,-0.053,-0.982
-0.003,-0.056,-0.982
-0.003,-0.053,-0.982
-0.003,-0.053,-0.988
-0.009,-0.053,-0.982
-0.003,-0.056,-0.982
-0.003,-0.056,-0.982
0,-0.053,-0.982
-0.003,-0.053,-0.982
-0.003,-0.053,-0.982
-0.003,-0.056,-0.988
-0.009,-0.053,-0.988
-0.009,-0.053,-0.982
-0.009,-0.053,-0.991
0,-0.047,-0.988
-0.009,-0.056,-0.988
-0.003,-0.053,-0.982
-0.003,-0.053,-0.982
-0.003,-0.056,-0.982
-0.003,-0.053,-0.988
-0.009,-0.056,-0.988
0,-0.056,-0.982
-0.003,-0.056,-0.988
-0.009,-0.053,-0.988
-0.003,-0.056,-0.988
-0.003,-0.056,-0.988
-0.003,-0.056,-0.988
-0.003,-0.053,-0.982
-0.003,-0.056,-0.982
-0.009,-0.053,-0.988
-0.003,-0.056,-0.982
-0.003,-0.053,-0.988
-0.003,-0.053,-0.988
-0.003,-0.053,-0.982
-0.003,-0.056,-0.988
-0.009,-0.053,-0.988
-0.009,-0.053,-0.982
-0.003,-0.053,-0.982
-0.003,-0.056,-0.982
-0.003,-0.053,-0.982
-0.009,-0.056,-0.988
-0.003,-0.056,-0.982
-0.009,-0.053,-0.982
-0.009,-0.056,-0.982
-0.009,-0.056,-0.988
-0.009,-0.056,-0.988
-0.003,-0.047,-0.988
-0.009,-0.053,-0.988
-0.003,-0.056,-0.982
-0.003,-0.053,-0.988
-0.003,-0.053,-0.988
-0.003,-0.053,-0.988
-0.003,-0.053,-0.982
-0.003,-0.056,-0.982
-0.003,-0.047,-0.982
-0.003,-0.053,-0.988
-0.009,-0.053,-0.982
-0.003,-0.056,-0.982
-0.003,-0.056,-0.988
-0.003,-0.056,-0.982
-0.003,-0.056,-0.988
-0.003,-0.056,-0.982
-0.003,-0.053,-0.988
-0.009,-0.053,-0.982
0,-0.053,-0.982
-0.003,-0.053,-0.988
-0.009,-0.053,-0.988
-0.003,-0.053,-0.982
-0.003,-0.056,-0.991
-0.009,-0.053,-0.982
-0.009,-0.053,-0.982
-0.003,-0.056,-0.988
-0.003,-0.053,-0.988
-0.003,-0.056,-0.982
-0.009,-0.053,-0.982
-0.003,-0.056,-0.982
0,-0.056,-0.988
-0.003,-0.053,-0.988
-0.009,-0.053,-0.988
0,-0.053,-0.982
-0.003,-0.053,-0.982
-0.003,-0.053,-0.988
-0.003,-0.056,-0.988
-0.003,-0.053,-0.988
0.059,0.158,-1.006
0.053,0.106,-1.006
0.067,0.111,-0.991
0.062,0.07,-0.979
0.07,0.047,-0.979
0.088,0.038,-0.991
0.044,-0.073,-0.991
0.012,-0.114,-0.991
-0.003,-0.111,-0.988
-0.009,-0.103,-0.982
0,-0.091,-0.988
0.003,-0.076,-0.979
0.003,-0.073,-0.979
0,-0.082,-0.982
0,-0.073,-0.982
-0.009,-0.076,-0.982
0.047,-0.041,-0.988
0.059,-0.041,-0.988
0.073,-0.047,-0.977
0.07,-0.059,-0.977
0.029,-0.091,-0.994
0,-0.103,-0.988
-0.038,-0.1,-0.956
-0.047,-0.103,-0.997
-0.044,-0.091,-0.994
-0.044,-0.085,-0.979
-0.047,-0.076,-0.977
-0.026,-0.073,-0.974
0.012,-0.076,-0.988
0.018,-0.088,-0.979
0.038,-0.082,-0.962
0.062,-0.091,-0.941
0.085,-0.114,-0.956
0.056,-0.141,-0.994
-0.029,-0.123,-0.982
-0.067,-0.085,-0.953
-0.067,-0.114,-1.026
-0.059,-0.07,-0.965
-0.056,-0.082,-0.982
-0.062,-0.085,-0.991
-0.053,-0.085,-0.991
-0.059,-0.07,-0.988
-0.053,-0.07,-0.982
-0.053,-0.067,-0.982
-0.056,-0.059,-0.988
-0.029,-0.091,-0.968
-0.029,-0.111,-0.979
-0.047,-0.097,-0.994
-0.047,-0.138,-0.977
-0.067,-0.114,-0.979
-0.085,-0.117,-0.982
-0.091,-0.041,-0.977
-0.1,-0.041,-0.991
-0.082,-0.003,-0.979
-0.073,0,-0.979
-0.067,-0.012,-0.982
-0.062,-0.003,-0.982
-0.067,-0.023,-0.979
-0.07,-0.026,-0.982
-0.073,-0.018,-0.974
-0.1,-0.053,-0.982
-0.114,-0.044,-0.979
-0.085,0,-0.977
-0.097,-0.003,-0.988
-0.085,0.023,-0.982
-0.032,0.056,-0.982
-0.018,0.044,-0.979
0.009,0.053,-0.991
-0.032,0.044,-0.982
-0.009,0.041,-0.979
-0.053,0.041,-0.977
-0.018,0.047,-0.977
-0.029,0.059,-0.979
0.026,0.059,-0.994
0.026,0.07,-0.994
0.053,0.044,-0.979
0.07,0.032,-0.982
0.073,0.032,-0.997
0.082,0.015,-0.994
0.082,0.018,-1.006
0.07,0.003,-0.968
0.073,0.07,-1.032
0.076,-0.009,-0.953
0.082,0.044,-0.979
0.114,0.041,-1.018
0.132,-0.026,-1.009
0.126,-0.026,-0.991
0.132,-0.073,-0.997
0.129,-0.076,-1.003
0.106,-0.082,-0.982
0.1,-0.114,-0.988
0.117,-0.067,-0.994
0.114,-0.076,-0.988
0.129,-0.073,-0.979
0.141,-0.085,-0.988
0.103,-0.144,-0.988
0.12,-0.141,-0.994
0.103,-0.161,-0.988
0.073,-0.188,-0.982
0.009,-0.211,-0.994
-0.009,-0.196,-0.982
-0.047,-0.188,-0.991
-0.029,-0.176,-0.994
0.032,-0.17,-0.988
0.029,-0.188,-0.991
0.059,-0.22,-0.974
-0.009,-0.22,-0.988
-0.088,-0.182,-0.935
-0.111,-0.199,-1.003
-0.141,-0.147,-0.988
-0.111,-0.144,-0.982
-0.15,-0.123,-0.979
-0.103,-0.158,-0.968
-0.132,-0.132,-0.962
-0.147,-0.123,-0.977
-0.158,-0.129,-0.979
-0.188,-0.067,-0.979
-0.161,0.003,-0.965
-0.17,-0.038,-0.977
-0.196,-0.018,-1.003
-0.155,0.012,-0.962
-0.191,-0.038,-0.982
-0.243,-0.023,-0.977
-0.211,0.062,-1.003
-0.144,0.091,-0.974
-0.097,0.141,-0.974
-0.082,0.152,-0.982
-0.044,0.141,-0.988
-0.032,0.129,-0.979
-0.009,0.141,-0.979
-0.053,0.144,-0.968
-0.073,0.155,-0.977
0,0.188,-0.988
0.073,0.191,-1.018
0.129,0.141,-0.977
0.147,0.114,-0.962
0.155,0.085,-0.921
0.217,0.1,-1.053
0.211,0.044,-1.009
0.211,0,-0.991
0.22,-0.023,-1.021
0.217,-0.029,-1.012
0.22,-0.026,-1.009
0.196,-0.103,-0.968
0.191,-0.129,-0.974
0.196,-0.158,-1.006
0.188,-0.161,-0.988
0.214,-0.167,-1.003
0.22,-0.196,-1.009
0.185,-0.24,-0.979
0.114,-0.29,-0.979
0.053,-0.311,-0.988
0.009,-0.311,-0.994
-0.032,-0.302,-0.988
-0.053,-0.29,-0.982
-0.026,-0.305,-1.012
-0.07,-0.314,-1.021
-0.144,-0.226,-0.933
-0.173,-0.232,-0.953
-0.191,-0.217,-0.991
-0.191,-0.176,-0.962
-0.196,-0.173,-0.962
-0.246,-0.196,-1.003
-0.284,-0.191,-1.009
-0.314,-0.147,-1.006
-0.32,-0.091,-0.991
-0.299,0.038,-1.003
-0.249,0.097,-0.977
-0.246,0.111,-0.935
-0.185,0.185,-0.977
-0.158,0.185,-0.991
-0.132,0.196,-0.991
-0.144,0.211,-0.991
-0.117,0.238,-0.991
-0.047,0.261,-0.974
0.053,0.261,-0.977
0.114,0.243,-0.991
0.132,0.243,-1.003
0.158,0.238,-1.026
0.202,0.202,-0.979
0.255,0.155,-1.009
0.317,0.152,-1.062
0.334,0.056,-1.059
0.331,0,-1.026
0.334,-0.023,-1.035
0.34,-0.059,-1.026
0.326,-0.047,-1.003
0.328,-0.1,-0.982
0.287,-0.202,-0.965
0.22,-0.27,-0.988
0.182,-0.287,-0.977
0.158,-0.305,-0.988
0.129,-0.326,-1.012
0.114,-0.331,-0.994
0.117,-0.352,-0.988
0.047,-0.384,-1.035
-0.073,-0.361,-1.009
-0.111,-0.343,-0.982
-0.182,-0.282,-0.918
-0.191,-0.29,-0.979
-0.243,-0.252,-0.974
-0.249,-0.214,-0.947
-0.258,-0.176,-0.924
-0.331,-0.117,-0.977
-0.331,-0.038,-0.979
-0.287,0.038,-0.974
-0.276,0.047,-0.977
-0.284,0.038,-1.003
-0.246,0.1,-0.974
-0.255,0.117,-0.956
-0.196,0.205,-0.941
-0.114,0.252,-0.991
-0.073,0.243,-0.997
-0.067,0.252,-1.009
-0.097,0.27,-0.988
-0.038,0.296,-0.965
0.088,0.273,-0.962
0.147,0.261,-1.006
0.22,0.226,-1.047
0.24,0.191,-1.05
0.232,0.1,-0.974
0.299,0.111,-1.021
0.302,0.076,-1.012
0.32,0.059,-1.012
0.343,0.059,-1.012
0.361,-0.023,-0.994
0.299,-0.111,-0.968
0.305,-0.126,-0.974
0.302,-0.17,-0.994
0.299,-0.196,-1.012
0.284,-0.243,-1.012
0.232,-0.311,-1.035
0.135,-0.367,-1.035
0.059,-0.381,-1.021
0.012,-0.372,-0.997
-0.047,-0.381,-1.026
-0.062,-0.367,-1.009
-0.097,-0.331,-0.979
-0.141,-0.29,-0.927
-0.173,-0.302,-0.982
-0.235,-0.243,-0.977
-0.258,-0.202,-0.953
-0.261,-0.173,-0.938
-0.293,-0.132,-0.95
-0.299,-0.062,-0.938
-0.305,0,-0.95
-0.326,0.047,-0.988
-0.314,0.073,-0.956
-0.287,0.117,-0.947
-0.232,0.199,-0.977
-0.158,0.226,-0.979
-0.114,0.238,-0.988
-0.097,0.232,-0.994
-0.082,0.238,-0.982
-0.041,0.243,-0.977
0.053,0.252,-0.979
0.106,0.243,-0.991
0.126,0.246,-1.003
0.158,0.243,-1.009
0.205,0.217,-1.006
0.29,0.114,-1.006
0.334,0.091,-1.05
0.343,0.038,-1.053
0.32,-0.015,-1.009
0.317,-0.056,-1.003
0.331,-0.047,-1.026
0.328,-0.106,-1.012
0.308,-0.147,-0.977
0.243,-0.246,-0.947
0.202,-0.29,-0.968
0.199,-0.284,-0.979
0.173,-0.311,-1.006
0.158,-0.337,-1.009
0.111,-0.367,-1.018
0.067,-0.399,-1.041
-0.056,-0.402,-1.038
-0.111,-0.384,-1.021
-0.135,-0.343,-0.979
-0.205,-0.32,-1.021
-0.214,-0.296,-1.003
-0.255,-0.243,-0.982
-0.287,-0.202,-0.991
-0.284,-0.152,-0.974
-0.314,-0.073,-0.974
-0.299,-0.047,-0.974
-0.29,-0.015,-0.962
-0.293,0.012,-0.974
-0.317,0.023,-0.956
-0.317,0.111,-0.897
-0.249,0.188,-0.994
-0.176,0.229,-1.003
-0.132,0.252,-0.977
-0.091,0.252,-0.974
-0.111,0.243,-0.988
-0.032,0.273,-0.982
0.053,0.267,-0.991
0.147,0.243,-0.997
0.15,0.211,-0.977
0.15,0.214,-0.965
0.211,0.176,-0.994
0.246,0.123,-0.988
0.279,0.067,-0.994
0.287,0.012,-0.994
0.29,-0.029,-0.977
0.293,-0.053,-0.968
0.299,-0.106,-1.023
0.284,-0.196,-1.032
0.261,-0.196,-0.979
0.255,-0.22,-0.968
0.246,-0.252,-0.991
0.191,-0.311,-0.977
0.132,-0.358,-0.962
0.053,-0.381,-0.994
0.009,-0.372,-0.965
0.003,-0.352,-0.95
-0.003,-0.372,-0.994
-0.085,-0.375,-1.038
-0.167,-0.346,-1.012
-0.226,-0.305,-1.021
-0.22,-0.27,-0.962
-0.249,-0.252,-0.982
-0.287,-0.217,-0.988
-0.29,-0.176,-0.988
-0.326,-0.129,-0.982
-0.334,-0.082,-0.988
-0.317,0.032,-0.982
-0.276,0.073,-0.965
-0.284,0.076,-0.991
-0.258,0.132,-0.979
-0.22,0.158,-0.962
-0.202,0.196,-0.979
-0.205,0.22,-0.968
-0.155,0.24,-0.982
-0.073,0.27,-0.974
-0.044,0.273,-0.968
0.029,0.267,-0.977
0.103,0.255,-0.979
0.129,0.258,-1.003
0.199,0.22,-1.021
0.217,0.202,-0.953
0.317,0.167,-1.062
0.308,0.041,-0.968
0.305,0,-0.962
0.32,-0.023,-0.997
0.308,-0.088,-1.006
0.273,-0.144,-0.977
0.246,-0.238,-0.997
0.22,-0.258,-1.018
0.188,-0.258,-1.006
0.196,-0.252,-0.982
0.199,-0.273,-1.003
0.117,-0.355,-0.994
0.07,-0.37,-0.95
-0.026,-0.384,-0.903
-0.047,-0.361,-0.906
-0.097,-0.331,-0.903
-0.135,-0.337,-0.95
-0.147,-0.305,-0.933
-0.196,-0.361,-1.065
-0.264,-0.29,-1.047
-0.29,-0.282,-1.006
-0.32,-0.22,-1.003
-0.326,-0.129,-0.982
-0.305,-0.106,-0.988
-0.346,-0.076,-1.009
-0.349,-0.044,-1.003
-0.314,0.015,-0.962
-0.326,0.082,-1.003
-0.27,0.167,-0.979
-0.191,0.202,-0.997
-0.161,0.205,-0.968
-0.176,0.214,-0.962
-0.144,0.229,-0.974
-0.1,0.255,-0.988
-0.082,0.282,-0.974
0.015,0.284,-0.991
0.085,0.261,-0.974
0.103,0.255,-0.95
0.158,0.24,-0.953
0.217,0.17,-0.968
0.279,0.202,-1.026
0.293,0.111,-0.982
0.314,0.012,-0.977
0.326,-0.029,-0.982
0.328,-0.073,-0.991
0.302,-0.138,-0.974
0.27,-0.214,-0.991
0.22,-0.261,-0.997
0.205,-0.24,-0.994
0.211,-0.246,-0.997
0.161,-0.299,-1.018
0.103,-0.331,-0.988
0.053,-0.343,-0.941
0.041,-0.343,-0.938
-0.003,-0.358,-0.968
-0.056,-0.37,-0.95
-0.111,-0.375,-0.974
-0.211,-0.299,-0.924
-0.214,-0.32,-0.994
-0.273,-0.27,-1.009
-0.279,-0.232,-1.009
-0.302,-0.214,-1.003
-0.349,-0.123,-0.997
-0.32,-0.106,-0.968
-0.334,-0.018,-0.977
-0.328,0.038,-1.018
-0.29,0.044,-0.979
-0.279,0.073,-1.006
-0.299,0.114,-0.956
-0.261,0.155,-0.968
-0.214,0.196,-0.979
-0.161,0.252,-0.962
-0.076,0.273,-0.974
-0.038,0.27,-0.977
-0.012,0.282,-0.968
0.07,0.287,-0.994
0.1,0.287,-0.988
0.158,0.258,-0.965
0.243,0.196,-0.991
0.246,0.123,-0.938
0.305,0.103,-1.018
0.317,0.056,-1.032
0.308,0.044,-1.012
0.314,0.012,-0.988
0.34,-0.023,-0.974
0.314,-0.097,-0.974
0.299,-0.141,-0.979
0.264,-0.191,-0.968
0.276,-0.199,-0.991
0.258,-0.246,-1.021
0.229,-0.287,-0.979
0.129,-0.358,-1.006
0.032,-0.381,-1.05
-0.018,-0.358,-0.991
-0.038,-0.352,-1.032
-0.067,-0.343,-0.974
-0.07,-0.343,-0.962
-0.196,-0.311,-0.977
-0.188,-0.311,-0.968
-0.226,-0.217,-0.921
-0.255,-0.199,-0.965
-0.302,-0.147,-0.977
-0.302,-0.073,-0.947
-0.29,-0.067,-0.962
-0.331,-0.012,-0.988
-0.358,-0.059,-0.982
-0.32,0.038,-1.003
-0.287,0.144,-0.927
-0.246,0.155,-0.988
-0.202,0.226,-0.974
-0.141,0.258,-0.977
-0.106,0.255,-0.988
-0.041,0.284,-0.988
0.018,0.296,-0.997
0.056,0.276,-0.994
0.126,0.258,-0.991
0.155,0.232,-0.991
0.17,0.243,-1.006
0.199,0.211,-0.982
0.27,0.176,-1.006
0.29,0.085,-0.962
0.328,0.038,-0.991
0.334,-0.009,-1.009
0.326,-0.062,-1.021
0.302,-0.126,-1.018
0.302,-0.123,-1.009
0.305,-0.117,-0.994
0.279,-0.191,-0.977
0.243,-0.243,-0.977
0.235,-0.261,-0.977
0.185,-0.317,-1.012
0.126,-0.34,-1.018
0.129,-0.346,-0.982
0.056,-0.384,-1.026
-0.023,-0.387,-1.032
-0.085,-0.396,-1.041
-0.15,-0.352,-0.968
-0.211,-0.296,-0.965
-0.249,-0.258,-0.988
-0.249,-0.226,-0.974
-0.279,-0.202,-0.982
-0.284,-0.161,-0.968
-0.308,-0.082,-0.979
-0.308,-0.023,-0.977
-0.284,0,-0.977
-0.27,0.032,-0.962
-0.299,0.023,-0.979
-0.314,0.082,-0.95
-0.243,0.182,-1.006
-0.155,0.252,-0.968
-0.114,0.243,-0.965
-0.073,0.258,-1.006
-0.056,0.267,-0.997
-0.056,0.258,-0.956
0.023,0.267,-0.953
0.085,0.267,-0.956
0.199,0.252,-1.026
0.229,0.217,-1.041
0.264,0.167,-1.032
0.305,0.129,-1.062
0.276,0.047,-0.933
0.287,0.012,-0.962
0.326,0,-1.032
0.326,-0.103,-1.035
0.29,-0.144,-1.012
0.273,-0.188,-0.994
0.255,-0.226,-0.991
0.243,-0.226,-0.997
0.235,-0.24,-0.988
0.22,-0.284,-1.006
0.173,-0.326,-0.991
0.07,-0.37,-0.982
0.026,-0.372,-0.988
-0.003,-0.367,-0.997
-0.009,-0.361,-0.979
-0.053,-0.372,-1.006
-0.076,-0.34,-0.927
-0.188,-0.337,-1.009
-0.27,-0.284,-1.023
-0.279,-0.22,-0.988
-0.293,-0.205,-0.965
-0.32,-0.17,-0.982
-0.331,-0.044,-0.974
-0.317,-0.003,-0.979
-0.302,0.023,-0.991
-0.293,0.053,-0.974
-0.243,0.114,-0.974
-0.249,0.106,-0.977
-0.229,0.17,-0.979
-0.211,0.182,-0.977
-0.182,0.214,-0.991
-0.17,0.243,-0.974
-0.1,0.27,-0.977
0.032,0.287,-0.982
0.07,0.258,-0.968
0.141,0.24,-0.994
0.135,0.238,-0.994
0.161,0.232,-1.006
0.226,0.158,-0.956
0.326,0.141,-1.088
0.32,0.085,-1.035
0.308,-0.003,-0.977
0.317,-0.053,-0.965
0.326,-0.085,-0.979
0.293,-0.173,-1.006
0.27,-0.196,-0.994
0.235,-0.252,-0.988
0.214,-0.27,-1.003
0.176,-0.302,-0.994
0.126,-0.328,-0.997
0.117,-0.331,-0.988
0.073,-0.355,-0.988
0.047,-0.37,-0.974
-0.056,-0.384,-0.947
-0.103,-0.372,-0.962
-0.15,-0.34,-0.956
-0.196,-0.299,-0.977
-0.202,-0.296,-1.003
-0.232,-0.273,-1.006
-0.261,-0.246,-1.026
-0.32,-0.22,-1.021
-0.326,-0.182,-1.003
-0.334,-0.091,-1.006
-0.32,-0.059,-0.997
-0.317,0.009,-1.003
-0.326,0.003,-0.962
-0.314,0.07,-0.947
-0.279,0.161,-0.991
-0.196,0.22,-0.988
-0.12,0.246,-0.968
-0.111,0.232,-0.968
-0.129,0.226,-0.979
-0.117,0.246,-0.977
-0.044,0.273,-0.977
0.032,0.284,-0.979
0.085,0.276,-0.988
0.15,0.226,-0.956
0.173,0.22,-0.95
0.205,0.167,-0.938
0.308,0.147,-1.073
0.299,0.091,-1.035
0.299,0.015,-0.982
0.302,-0.073,-0.956
0.32,-0.088,-0.994
0.287,-0.152,-1.012
0.258,-0.217,-1.006
0.232,-0.238,-0.977
0.235,-0.252,-1.003
0.196,-0.314,-0.988
0.117,-0.361,-0.979
0.07,-0.361,-0.982
0.032,-0.358,-0.977
-0.015,-0.352,-0.968
-0.012,-0.367,-0.991
-0.056,-0.387,-1.003
-0.161,-0.375,-0.997
-0.229,-0.37,-1.065
-0.258,-0.287,-0.991
-0.243,-0.261,-0.977
-0.302,-0.217,-0.982
-0.305,-0.155,-0.979
-0.326,-0.111,-0.982
-0.328,-0.047,-0.977
-0.326,-0.029,-0.979
-0.326,0.003,-1.009
-0.287,0.082,-0.982
-0.249,0.123,-0.956
-0.273,0.106,-0.974
-0.287,0.144,-0.974
-0.246,0.191,-0.956
-0.15,0.252,-0.956
-0.088,0.282,-0.968
-0.023,0.29,-0.991
0.103,0.27,-0.997
0.141,0.243,-1.009
0.091,0.24,-0.979
0.097,0.258,-0.95
0.167,0.255,-0.953
0.243,0.188,-0.933
0.287,0.1,-0.962
0.305,0.056,-0.997
0.302,0.012,-0.997
0.293,0,-1.003
0.328,0.018,-0.974
0.326,-0.117,-0.994
0.284,-0.202,-0.988
0.27,-0.202,-0.977
0.261,-0.238,-0.997
0.243,-0.27,-1.035
0.196,-0.302,-1.021
0.15,-0.337,-0.956
0.085,-0.37,-0.962
-0.012,-0.384,-1.009
-0.067,-0.367,-0.977
-0.103,-0.361,-0.979
-0.167,-0.305,-0.938
-0.188,-0.32,-0.997
-0.214,-0.299,-0.991
-0.217,-0.238,-0.941
-0.273,-0.173,-0.95
-0.308,-0.144,-0.988
-0.314,-0.088,-0.977
-0.308,-0.023,-0.965
-0.299,-0.003,-0.977
-0.328,-0.018,-1.003
-0.308,0.073,-1.009
-0.258,0.138,-0.938
-0.211,0.188,-0.977
-0.17,0.229,-0.991
-0.106,0.246,-0.979
-0.088,0.238,-0.979
-0.085,0.258,-0.982
-0.015,0.284,-0.974
0.056,0.276,-0.997
0.12,0.255,-0.979
0.173,0.226,-0.997
0.188,0.217,-1.006
0.191,0.205,-0.965
0.284,0.161,-1.032
0.293,0.091,-0.956
0.317,0.018,-0.991
0.326,-0.026,-1.032
0.317,-0.041,-1.012
0.287,-0.091,-0.991
0.302,-0.132,-1.009
0.299,-0.132,-0.997
0.308,-0.144,-0.979
0.29,-0.205,-0.991
0.232,-0.284,-0.991
0.161,-0.331,-0.994
0.117,-0.352,-1.009
0.044,-0.37,-1.026
0.009,-0.37,-0.997
0.003,-0.352,-0.965
-0.047,-0.358,-0.988
-0.126,-0.302,-0.883
-0.182,-0.32,-0.982
-0.249,-0.276,-1.012
-0.258,-0.217,-0.974
-0.279,-0.199,-0.974
-0.287,-0.126,-0.938
-0.279,-0.103,-0.935
-0.32,-0.018,-0.956
-0.305,0.038,-0.994
-0.293,0.041,-0.965
-0.299,0.076,-0.988
-0.276,0.117,-0.968
-0.217,0.173,-0.968
-0.161,0.238,-0.977
-0.12,0.273,-0.997
-0.038,0.282,-0.997
0.012,0.267,-0.991
0.012,0.258,-0.977
0.038,0.252,-0.977
0.073,0.252,-0.956
0.144,0.243,-0.982
0.202,0.24,-1.009
0.258,0.155,-0.988
0.328,0.138,-1.073
0.302,0.056,-0.997
0.314,0.026,-0.991
0.331,-0.003,-1.026
0.34,-0.044,-1.035
0.328,-0.076,-0.997
0.27,-0.214,-0.977
0.232,-0.276,-0.991
0.202,-0.255,-1.003
0.22,-0.214,-0.994
0.24,-0.24,-1.006
0.235,-0.287,-1.018
0.144,-0.343,-1.032
0.073,-0.367,-1.035
0.015,-0.367,-1.003
-0.012,-0.352,-0.988
-0.047,-0.358,-1.012
-0.106,-0.305,-0.889
-0.141,-0.326,-0.924
-0.22,-0.284,-0.982
-0.27,-0.229,-0.965
-0.293,-0.167,-0.977
-0.305,-0.138,-0.974
-0.29,-0.088,-0.956
-0.302,-0.047,-0.965
-0.302,0.009,-0.974
-0.343,-0.009,-0.988
-0.32,0.1,-0.977
-0.235,0.196,-0.974
-0.202,0.188,-0.965
-0.155,0.232,-0.977
-0.144,0.232,-0.988
-0.097,0.246,-0.988
-0.059,0.273,-0.997
0.018,0.284,-0.994
0.106,0.267,-0.982
0.135,0.232,-0.977
0.185,0.217,-1.012
0.196,0.202,-1.021
0.217,0.158,-0.979
0.317,0.123,-1.106
0.32,0.067,-1.053
0.317,-0.003,-1.009
0.326,-0.059,-0.994
0.328,-0.07,-0.997
0.302,-0.114,-1.003
0.308,-0.114,-0.997
0.293,-0.176,-0.988
0.287,-0.217,-1.006
0.217,-0.299,-1.009
0.17,-0.328,-0.991
0.082,-0.372,-0.965
0.047,-0.361,-0.953
0.015,-0.367,-1.035
0.009,-0.372,-1.026
-0.041,-0.375,-1.021
-0.085,-0.381,-1.018
-0.17,-0.296,-0.956
-0.188,-0.27,-0.962
-0.24,-0.267,-1.018
-0.232,-0.296,-0.982
-0.264,-0.24,-0.965
-0.314,-0.158,-0.968
-0.334,-0.07,-0.982
-0.317,0.018,-0.974
-0.299,0.023,-0.956
-0.287,0.067,-0.956
-0.29,0.076,-0.962
-0.261,0.144,-0.965
-0.232,0.191,-0.974
-0.173,0.243,-0.977
-0.106,0.261,-0.979
-0.067,0.258,-0.991
-0.015,0.261,-0.991
-0.015,0.255,-0.977
0.044,0.252,-0.982
0.097,0.276,-1.021
0.158,0.246,-1.021
0.211,0.196,-0.968
0.235,0.144,-0.962
0.32,0.138,-1.065
0.317,0.053,-1.021
0.308,0.012,-0.991
0.317,-0.044,-0.994
0.317,-0.1,-1.018
0.29,-0.161,-1.018
0.246,-0.211,-0.991
0.217,-0.232,-0.962
0.235,-0.243,-0.994
0.226,-0.267,-0.997
0.161,-0.337,-1.006
0.097,-0.367,-0.974
0.038,-0.372,-0.95
-0.018,-0.37,-0.962
-0.044,-0.381,-0.977
-0.047,-0.375,-0.994
-0.088,-0.37,-1.003
-0.202,-0.305,-0.988
-0.255,-0.273,-1.003
-0.276,-0.255,-1.003
-0.258,-0.238,-0.977
-0.284,-0.152,-0.965
-0.308,-0.126,-0.988
-0.308,-0.117,-0.988
-0.308,-0.056,-0.979
-0.293,0.015,-0.974
-0.279,0.056,-0.935
-0.302,0.1,-0.935
-0.249,0.161,-1.003
-0.214,0.173,-0.974
-0.196,0.214,-0.974
-0.205,0.232,-0.979
-0.161,0.255,-0.962
-0.047,0.276,-0.962
0.015,0.282,-0.953
0.085,0.27,-0.982
0.135,0.258,-1.006
0.135,0.246,-0.988
0.202,0.214,-0.997
0.261,0.141,-0.962
0.287,0.117,-0.988
0.326,0.067,-1.018
0.314,0,-0.982
0.308,-0.056,-0.982
0.305,-0.111,-0.991
0.287,-0.173,-1.006
0.249,-0.217,-0.994
0.22,-0.246,-0.965
0.205,-0.282,-0.979
0.155,-0.326,-0.991
0.103,-0.34,-0.965
0.07,-0.343,-0.956
0.067,-0.355,-0.956
-0.023,-0.381,-0.982
-0.076,-0.372,-0.924
-0.129,-0.352,-0.935
-0.161,-0.314,-0.912
-0.205,-0.32,-1.023
-0.235,-0.29,-1.026
-0.249,-0.258,-0.997
-0.287,-0.246,-1.009
-0.305,-0.229,-1.006
-0.326,-0.117,-0.988
-0.34,-0.056,-0.991
-0.317,0.009,-0.991
-0.29,0.018,-0.982
-0.314,0.003,-0.991
-0.32,0.073,-0.95
-0.293,0.129,-0.956
-0.211,0.202,-0.979
-0.144,0.232,-0.979
-0.135,0.226,-0.962
-0.135,0.243,-0.982
-0.088,0.282,-0.991
-0.012,0.29,-0.982
0.038,0.302,-0.977
0.103,0.261,-0.938
0.185,0.229,-0.935
0.211,0.191,-0.921
0.255,0.138,-0.953
0.27,0.117,-0.965
0.29,0.056,-0.974
0.29,0.012,-0.947
0.302,-0.053,-0.962
0.305,-0.132,-0.988
0.287,-0.185,-1.026
0.258,-0.188,-0.994
0.246,-0.214,-0.974
0.205,-0.287,-0.982
0.188,-0.317,-0.962
0.129,-0.352,-0.965
0.067,-0.367,-1.003
0.018,-0.358,-1.003
-0.009,-0.355,-0.982
-0.056,-0.346,-0.979
-0.1,-0.367,-0.979
-0.129,-0.355,-0.977
-0.235,-0.337,-1.059
-0.24,-0.284,-0.991
-0.258,-0.226,-0.974
-0.293,-0.191,-0.994
-0.299,-0.158,-0.988
-0.34,-0.123,-0.994
-0.331,-0.067,-0.994
-0.331,-0.032,-0.979
-0.317,0.026,-1.003
-0.305,0.056,-0.956
-0.27,0.114,-0.997
-0.226,0.188,-0.968
-0.229,0.17,-0.956
-0.211,0.188,-0.956
-0.17,0.229,-0.968
-0.097,0.273,-0.977
-0.067,0.282,-0.977
0.029,0.284,-0.977
0.076,0.255,-0.965
0.067,0.273,-0.935
0.129,0.27,-0.95
0.191,0.226,-0.962
0.299,0.152,-1.009
0.293,0.091,-0.977
0.308,0.032,-0.994
0.32,-0.015,-1.032
0.302,-0.047,-1.006
0.279,-0.1,-0.974
0.32,-0.106,-1.012
0.287,-0.196,-1.021
0.243,-0.24,-0.979
0.226,-0.258,-0.974
0.196,-0.302,-0.982
0.147,-0.328,-0.997
0.091,-0.346,-0.974
0.047,-0.358,-0.921
-0.026,-0.361,-0.965
-0.062,-0.352,-0.941
-0.117,-0.337,-0.956
-0.141,-0.296,-0.894
-0.191,-0.32,-1.006
-0.246,-0.27,-0.997
-0.249,-0.24,-0.974
-0.29,-0.188,-0.968
-0.314,-0.132,-0.974
-0.299,-0.076,-0.953
-0.32,-0.041,-0.977
-0.328,-0.041,-0.994
-0.346,-0.047,-1.009
-0.314,0.097,-1.021
-0.29,0.114,-0.962
-0.24,0.185,-0.982
-0.182,0.24,-0.968
-0.103,0.243,-0.982
-0.082,0.24,-0.977
-0.111,0.252,-0.974
-0.076,0.27,-0.965
0.009,0.282,-0.962
0.117,0.258,-0.965
0.144,0.232,-0.968
0.167,0.229,-0.982
0.199,0.182,-0.941
0.27,0.202,-1.021
0.276,0.126,-0.941
0.314,0.062,-0.977
0.34,0.012,-1.023
0.317,-0.047,-1.021
0.299,-0.1,-0.962
0.299,-0.129,-0.977
0.326,-0.132,-1.018
0.293,-0.185,-0.997
0.27,-0.243,-0.991
0.214,-0.302,-1.018
0.141,-0.331,-0.982
0.073,-0.358,-0.982
0.018,-0.361,-1.003
0.018,-0.358,-0.977
-0.059,-0.343,-0.935
-0.103,-0.337,-0.909
-0.173,-0.287,-0.891
-0.185,-0.331,-1.009
-0.258,-0.267,-1.012
-0.261,-0.22,-0.982
-0.279,-0.182,-0.968
-0.314,-0.144,-0.977
-0.314,-0.073,-0.962
-0.299,-0.018,-0.947
-0.328,0.009,-0.991
-0.299,0.062,-1.009
-0.264,0.097,-0.974
-0.284,0.097,-0.938
-0.255,0.158,-0.982
-0.235,0.191,-0.977
-0.114,0.282,-0.979
-0.032,0.287,-0.991
0.018,0.273,-0.994
0.032,0.267,-1.003
0.041,0.261,-0.991
0.056,0.276,-0.982
0.132,0.255,-0.947
0.202,0.217,-0.947
0.232,0.158,-0.921
0.343,0.123,-1.109
0.343,0.032,-1.067
0.314,-0.003,-1.021
0.32,-0.012,-1.006
0.334,-0.026,-1.009
0.308,-0.067,-0.982
0.279,-0.155,-0.974
0.27,-0.185,-0.991
0.255,-0.205,-1.018
0.246,-0.214,-1.012
0.235,-0.255,-0.988
0.185,-0.32,-0.979
0.141,-0.355,-1.035
0.032,-0.375,-1.023
-0.023,-0.375,-1.035
-0.059,-0.358,-1.012
-0.111,-0.34,-0.994
-0.126,-0.296,-0.912
-0.15,-0.343,-0.965
-0.226,-0.276,-0.962
-0.258,-0.22,-0.95
-0.305,-0.167,-0.977
-0.331,-0.1,-0.988
-0.293,-0.067,-0.962
-0.299,-0.009,-0.962
-0.299,0.012,-0.994
-0.317,0.003,-0.982
-0.308,0.085,-0.968
-0.284,0.152,-0.977
-0.199,0.202,-0.956
-0.141,0.226,-0.979
-0.106,0.243,-0.991
-0.082,0.252,-0.968
-0.032,0.267,-1.012
0.018,0.29,-0.988
0.114,0.273,-0.991
0.141,0.252,-0.997
0.161,0.226,-0.988
0.217,0.188,-0.994
0.22,0.141,-0.962
0.305,0.152,-1.079
0.343,0.076,-1.088
0.326,-0.003,-1.038
0.32,-0.026,-1.006
0.346,-0.041,-1.009
0.305,-0.129,-0.997
0.308,-0.111,-0.965
0.29,-0.176,-0.974
0.261,-0.217,-1.006
0.235,-0.24,-1.003
0.22,-0.27,-0.979
0.185,-0.317,-1.023
0.132,-0.343,-1.082
0.114,-0.358,-1.047
0.07,-0.381,-1.026
0.009,-0.39,-1.035
-0.082,-0.39,-1.026
-0.196,-0.273,-0.897
-0.199,-0.299,-0.962
-0.27,-0.246,-1.006
-0.27,-0.202,-0.974
-0.261,-0.196,-0.935
-0.331,-0.111,-0.965
-0.305,-0.047,-0.974
-0.287,0.009,-0.953
-0.32,0.029,-0.979
-0.29,0.047,-0.982
-0.273,0.091,-0.935
-0.27,0.155,-0.977
-0.22,0.217,-0.982
-0.126,0.27,-0.988
-0.082,0.27,-0.979
-0.047,0.27,-0.988
0.003,0.27,-0.991
0.053,0.261,-0.982
0.07,0.261,-0.994
0.144,0.246,-1.012
0.214,0.211,-1.026
0.226,0.167,-0.994
0.258,0.123,-0.947
0.293,0.085,-1.003
0.305,0.059,-1.012
0.305,0.018,-0.982
0.328,0.003,-1.012
0.317,-0.067,-1.032
0.308,-0.132,-1.012
0.279,-0.158,-0.965
0.258,-0.211,-0.965
0.243,-0.246,-0.994
0.243,-0.252,-0.979
0.235,-0.302,-1.012
0.091,-0.387,-1.018
0.003,-0.387,-0.977
-0.038,-0.361,-0.947
-0.062,-0.352,-0.988
-0.076,-0.343,-0.979
-0.038,-0.343,-0.947
-0.129,-0.299,-0.909
-0.173,-0.302,-0.994
-0.284,-0.238,-1.038
-0.276,-0.226,-0.991
-0.264,-0.185,-0.953
-0.317,-0.085,-0.979
-0.29,-0.111,-0.974
-0.302,-0.026,-0.956
-0.305,0.012,-0.95
-0.305,0.047,-0.965
-0.293,0.126,-0.953
-0.232,0.191,-0.997
-0.188,0.217,-0.962
-0.141,0.246,-0.979
-0.103,0.267,-1.018
-0.088,0.273,-0.982
-0.018,0.267,-0.979
0.047,0.258,-0.974
0.106,0.243,-0.988
0.12,0.252,-0.997
0.147,0.226,-0.982
0.229,0.188,-0.977
0.287,0.155,-1.026
0.317,0.076,-1.012
0.328,0.023,-0.991
0.326,-0.026,-0.988
0.32,-0.082,-0.994
0.302,-0.126,-1.003
0.279,-0.188,-1.018
0.249,-0.205,-1.003
0.217,-0.24,-0.977
0.182,-0.299,-0.979
0.161,-0.302,-0.979
0.129,-0.331,-0.991
0.12,-0.337,-0.977
0.103,-0.367,-0.991
0.012,-0.402,-1.009
-0.018,-0.411,-0.988
-0.126,-0.39,-1.018
-0.176,-0.358,-0.994
-0.24,-0.326,-1.032
-0.258,-0.229,-0.962
-0.249,-0.24,-0.968
-0.308,-0.205,-1.003
-0.302,-0.158,-0.982
-0.314,-0.076,-0.977
-0.331,-0.018,-0.994
-0.314,-0.029,-1.003
-0.293,0,-0.979
-0.302,0.047,-0.977
-0.305,0.076,-0.956
-0.279,0.138,-0.965
-0.211,0.214,-0.991
-0.155,0.24,-0.974
-0.135,0.22,-0.95
-0.114,0.243,-0.962
-0.082,0.282,-0.991
0.018,0.296,-1.009
0.088,0.299,-0.997
0.132,0.252,-0.947
0.191,0.22,-0.935
0.246,0.161,-0.935
0.299,0.152,-1.047
0.287,0.097,-0.997
0.293,0.009,-0.979
0.302,-0.023,-0.977
0.308,-0.088,-0.982
0.284,-0.147,-0.982
0.273,-0.205,-1.018
0.235,-0.226,-1.003
0.229,-0.238,-1.003
0.182,-0.299,-0.997
0.17,-0.317,-0.962
0.114,-0.346,-0.965
0.038,-0.367,-1.018
0,-0.355,-0.974
0,-0.346,-0.956
-0.059,-0.346,-0.962
-0.091,-0.372,-0.991
-0.182,-0.358,-0.997
-0.226,-0.326,-0.994
-0.243,-0.282,-0.979
-0.284,-0.238,-0.988
-0.293,-0.191,-0.982
-0.32,-0.161,-0.979
-0.334,-0.047,-0.977
-0.305,0.003,-0.962
-0.308,0.015,-1.003
-0.305,0.053,-0.991
-0.255,0.088,-0.965
-0.27,0.091,-0.962
-0.246,0.141,-0.988
-0.261,0.155,-0.968
-0.229,0.199,-0.953
-0.173,0.243,-0.953
-0.088,0.296,-0.982
0.023,0.299,-0.977
0.085,0.27,-0.982
0.091,0.261,-0.977
0.117,0.267,-0.994
0.17,0.258,-0.974
0.205,0.205,-0.912
0.326,0.167,-1.05
0.328,0.076,-1.023
0.328,0.015,-1.012
0.328,-0.029,-0.997
0.343,-0.047,-1.006
0.302,-0.114,-0.991
0.299,-0.132,-0.977
0.284,-0.182,-0.974
0.249,-0.24,-0.994
0.205,-0.27,-0.991
0.191,-0.29,-0.997
0.191,-0.314,-1.012
0.091,-0.361,-0.997
0.047,-0.372,-0.979
-0.012,-0.375,-1.023
-0.1,-0.381,-1.05
-0.144,-0.352,-1.003
-0.185,-0.276,-0.927
-0.199,-0.29,-0.982
-0.246,-0.258,-0.977
-0.261,-0.199,-0.95
-0.264,-0.144,-0.921
-0.299,-0.088,-0.938
-0.299,-0.044,-0.965
-0.29,0.003,-0.962
-0.32,-0.009,-0.991
-0.346,-0.009,-0.991
-0.302,0.117,-0.982
-0.249,0.191,-0.968
-0.185,0.229,-0.953
-0.117,0.246,-0.979
-0.073,0.255,-0.991
-0.056,0.24,-0.979
-0.076,0.238,-0.956
0.009,0.252,-0.965
0.073,0.261,-0.977
0.147,0.255,-1.006
0.191,0.217,-0.994
0.205,0.191,-0.997
0.261,0.138,-0.979
0.305,0.144,-1.035
0.349,0.123,-1.094
0.358,0.029,-1.082
0.355,-0.032,-1.047
0.331,-0.082,-1.018
0.314,-0.129,-0.994
0.317,-0.129,-0.982
0.293,-0.182,-0.956
0.27,-0.229,-0.974
0.235,-0.282,-1.003
0.167,-0.326,-0.979
0.103,-0.355,-0.979
0.085,-0.361,-1.026
0.041,-0.367,-1.018
0.015,-0.375,-1.009
-0.029,-0.37,-0.956
-0.059,-0.337,-0.903
-0.185,-0.302,-0.933
-0.246,-0.32,-1.05
-0.284,-0.243,-0.997
-0.29,-0.199,-0.974
-0.293,-0.161,-0.974
-0.331,-0.088,-0.979
-0.305,-0.044,-0.977
-0.29,0.015,-0.956
-0.287,0.044,-0.988
-0.276,0.076,-0.979
-0.276,0.097,-0.933
-0.232,0.167,-0.991
-0.205,0.196,-1.003
-0.147,0.258,-0.982
-0.076,0.282,-0.991
-0.053,0.273,-0.991
-0.015,0.276,-0.974
0.073,0.261,-0.956
0.129,0.214,-0.968
0.144,0.211,-0.982
0.15,0.22,-1.018
0.217,0.185,-1.032
0.264,0.117,-1.006
0.276,0.041,-0.956
0.29,0.012,-0.965
0.293,-0.015,-0.982
0.32,-0.012,-0.994
0.331,-0.026,-1.021
0.314,-0.167,-1.003
0.264,-0.22,-0.956
0.214,-0.27,-0.953
0.191,-0.282,-0.977
0.202,-0.282,-0.982
0.205,-0.305,-0.997
0.155,-0.355,-1.035
0.053,-0.39,-0.997
-0.023,-0.396,-0.974
-0.097,-0.361,-0.953
-0.12,-0.352,-0.974
-0.144,-0.314,-0.947
-0.167,-0.343,-1.026
-0.214,-0.302,-1.003
-0.258,-0.302,-1.018
-0.326,-0.211,-1.021
-0.317,-0.155,-0.988
-0.326,-0.097,-0.982
-0.34,-0.026,-0.991
-0.326,-0.038,-0.974
-0.299,0.059,-0.947
-0.302,0.076,-0.979
-0.264,0.126,-0.988
-0.211,0.196,-0.974
-0.191,0.196,-0.965
-0.185,0.199,-0.977
-0.161,0.22,-0.962
-0.12,0.267,-0.982
-0.044,0.299,-0.991
0.076,0.287,-0.988
0.12,0.261,-0.979
0.161,0.232,-0.968
0.191,0.214,-0.982
0.196,0.182,-0.927
0.305,0.152,-1.065
0.302,0.053,-1.003
0.293,-0.012,-0.977
0.302,-0.038,-0.997
0.308,-0.076,-1.003
0.276,-0.138,-0.982
0.261,-0.173,-1.003
0.243,-0.232,-1.023
0.229,-0.261,-1.018
0.196,-0.299,-0.991
0.155,-0.34,-0.977
0.062,-0.384,-0.979
0.012,-0.372,-0.912
-0.012,-0.367,-0.924
0,-0.361,-0.941
-0.085,-0.361,-0.933
-0.126,-0.367,-0.95
-0.211,-0.32,-0.968
-0.22,-0.337,-1.026
-0.264,-0.243,-0.979
-0.276,-0.229,-0.988
-0.299,-0.205,-1.003
-0.334,-0.152,-1.012
-0.328,-0.1,-1.006
-0.328,-0.067,-0.988
-0.34,-0.015,-1.018
-0.293,0.056,-0.982
-0.273,0.082,-0.997
-0.305,0.111,-0.953
-0.279,0.17,-0.95
-0.205,0.205,-0.977
-0.132,0.246,-0.979
-0.082,0.276,-0.982
-0.047,0.267,-0.968
-0.018,0.261,-0.956
0.018,0.258,-0.968
0.041,0.29,-0.982
0.111,0.282,-0.968
0.199,0.217,-0.95
0.255,0.155,-0.956
0.32,0.132,-1.065
0.317,0.073,-1.041
0.305,0.003,-1.003
0.317,0,-0.982
0.334,-0.041,-1.003
0.314,-0.126,-0.988
0.279,-0.185,-0.991
0.229,-0.24,-0.982
0.202,-0.252,-0.991
0.188,-0.267,-0.982
0.158,-0.296,-0.977
0.106,-0.34,-0.979
0.041,-0.355,-0.924
-0.029,-0.358,-0.956
-0.047,-0.346,-0.924
-0.07,-0.337,-0.927
-0.088,-0.343,-0.947
-0.182,-0.317,-0.95
-0.243,-0.314,-1.035
-0.264,-0.267,-0.965
-0.276,-0.217,-0.962
-0.293,-0.167,-0.982
-0.331,-0.114,-0.997
-0.317,-0.123,-0.991
-0.334,-0.073,-0.988
-0.358,-0.018,-1.021
-0.343,0.012,-1.009
-0.27,0.152,-0.962
-0.229,0.188,-0.977
-0.205,0.191,-0.988
-0.202,0.188,-0.962
-0.205,0.211,-0.965
-0.132,0.27,-0.962
-0.076,0.287,-0.962
0.044,0.29,-0.979
0.132,0.273,-1.003
0.15,0.238,-0.991
0.185,0.211,-1.003
0.191,0.214,-1.009
0.226,0.176,-0.927
0.273,0.129,-0.977
0.305,0.067,-1.003
0.308,0.018,-1.003
0.305,-0.023,-1.003
0.302,-0.053,-0.994
0.308,-0.091,-0.991
0.29,-0.144,-0.974
0.273,-0.199,-0.956
0.249,-0.252,-0.988
0.232,-0.276,-1.018
0.188,-0.317,-1.021
0.1,-0.352,-1.026
0.032,-0.361,-1.023
0,-0.34,-0.933
-0.026,-0.343,-0.982
-0.07,-0.343,-0.953
-0.129,-0.314,-0.947
-0.196,-0.284,-0.95
-0.214,-0.284,-0.997
-0.229,-0.232,-0.956
-0.261,-0.205,-0.962
-0.276,-0.217,-0.956
-0.317,-0.1,-0.95
-0.32,-0.044,-0.962
-0.331,-0.015,-0.988
-0.34,0,-0.994
-0.302,0.038,-1.006
-0.308,0.059,-0.962
-0.317,0.106,-0.979
-0.246,0.191,-0.962
-0.158,0.246,-0.962
-0.091,0.273,-0.982
-0.059,0.273,-0.991
-0.023,0.27,-0.982
-0.018,0.276,-0.988
0.018,0.299,-0.962
0.106,0.27,-0.95
0.196,0.243,-0.994
0.246,0.182,-0.991
0.27,0.147,-0.977
0.284,0.07,-0.95
0.314,0.038,-0.991
0.314,0.032,-0.991
0.32,-0.041,-1.006
0.314,-0.103,-1.006
0.293,-0.144,-1.006
0.279,-0.147,-0.988
0.273,-0.182,-0.974
0.264,-0.214,-0.977
0.261,-0.255,-0.991
0.214,-0.305,-1.003
0.111,-0.358,-1.009
0.053,-0.381,-1.047
0,-0.375,-1.006
-0.044,-0.358,-0.982
-0.038,-0.375,-0.982
-0.106,-0.331,-0.912
-0.173,-0.331,-0.974
-0.249,-0.282,-0.997
-0.264,-0.238,-0.979
-0.293,-0.214,-1.003
-0.305,-0.158,-0.991
-0.299,-0.106,-0.974
-0.305,-0.041,-0.962
-0.293,-0.009,-0.974
-0.287,0.026,-0.974
-0.293,0.067,-0.982
-0.29,0.111,-0.968
-0.211,0.191,-0.982
-0.176,0.211,-0.965
-0.15,0.238,-0.974
-0.111,0.267,-1.003
-0.018,0.299,-1.003
0.038,0.287,-1.003
0.091,0.258,-0.977
0.126,0.232,-0.977
0.129,0.24,-0.991
0.17,0.229,-0.997
0.258,0.17,-1.012
0.331,0.155,-1.091
0.299,0.047,-0.974
0.32,-0.012,-0.965
0.334,-0.041,-1.021
0.331,-0.088,-1.018
0.293,-0.138,-0.991
0.273,-0.188,-0.994
0.255,-0.226,-0.994
0.24,-0.243,-1.012
0.205,-0.27,-1.003
0.196,-0.284,-1.006
0.158,-0.314,-1.012
0.141,-0.34,-0.991
0.12,-0.367,-1.032
0.015,-0.396,-1.032
-0.062,-0.375,-0.994
-0.126,-0.358,-1.006
-0.167,-0.311,-0.974
-0.199,-0.305,-1.012
-0.205,-0.276,-0.974
-0.235,-0.24,-0.95
-0.273,-0.196,-0.965
-0.302,-0.155,-0.977
-0.308,-0.056,-0.968
-0.317,-0.003,-0.982
-0.287,0.026,-0.982
-0.276,0.032,-0.956
-0.276,0.07,-0.968
-0.287,0.097,-0.933
-0.217,0.202,-0.974
-0.129,0.252,-1.009
-0.088,0.246,-0.994
-0.1,0.243,-0.988
-0.106,0.246,-0.968
-0.053,0.276,-0.974
0.088,0.276,-0.979
0.135,0.261,-0.988
0.188,0.226,-0.994
0.232,0.182,-1.006
0.24,0.141,-0.953
0.293,0.138,-1.062
0.293,0.073,-0.997
0.302,-0.012,-0.997
0.32,-0.044,-0.997
0.331,-0.067,-1.021
0.287,-0.17,-1.018
0.264,-0.191,-0.994
0.264,-0.199,-0.979
0.29,-0.211,-1.021
0.235,-0.276,-1.021
0.155,-0.331,-0.994
0.129,-0.346,-0.95
0.038,-0.381,-0.994
0,-0.367,-0.965
0.015,-0.355,-0.982
-0.018,-0.361,-1.012
-0.073,-0.367,-1.021
-0.144,-0.305,-0.965
-0.202,-0.267,-0.941
-0.246,-0.27,-0.988
-0.276,-0.232,-0.974
-0.27,-0.185,-0.956
-0.284,-0.147,-0.962
-0.317,-0.117,-0.977
-0.32,-0.062,-0.977
-0.299,0.067,-0.953
-0.29,0.056,-0.965
-0.308,0.07,-0.962
-0.264,0.158,-0.988
-0.191,0.202,-0.965
-0.158,0.211,-0.968
-0.17,0.214,-0.991
-0.141,0.226,-0.965
-0.067,0.252,-0.977
0,0.27,-0.994
0.082,0.258,-0.994
0.097,0.255,-1.006
0.132,0.243,-0.988
0.191,0.202,-0.991
0.24,0.158,-0.997
0.32,0.132,-1.073
0.314,0.053,-1.006
0.308,0,-0.997
0.314,-0.029,-0.991
0.328,-0.059,-1.003
0.308,-0.132,-1.003
0.299,-0.185,-0.997
0.24,-0.273,-0.982
0.211,-0.29,-0.994
0.167,-0.317,-0.997
0.144,-0.32,-0.988
0.111,-0.343,-1.006
0.097,-0.355,-0.962
0,-0.384,-0.953
-0.044,-0.375,-0.962
-0.117,-0.361,-0.982
-0.155,-0.337,-0.962
-0.188,-0.326,-0.997
-0.205,-0.296,-1.003
-0.243,-0.276,-1.021
-0.299,-0.255,-1.021
-0.308,-0.185,-0.994
-0.32,-0.126,-0.988
-0.317,-0.085,-0.991
-0.32,-0.062,-0.997
-0.32,-0.026,-0.988
-0.299,0.041,-0.935
-0.314,0.076,-0.912
-0.279,0.141,-1.003
-0.214,0.205,-0.982
-0.199,0.191,-0.941
-0.158,0.22,-0.962
-0.155,0.255,-0.977
-0.091,0.282,-0.991
-0.009,0.299,-0.953
0.12,0.273,-0.994
0.135,0.243,-0.956
0.144,0.22,-0.968
0.202,0.188,-0.994
0.185,0.138,-0.935
0.27,0.126,-1.006
0.299,0.041,-1.009
0.27,-0.018,-0.938
0.279,-0.047,-0.947
0.284,-0.1,-0.994
0.287,-0.167,-1.023
0.264,-0.202,-1.018
0.235,-0.229,-0.977
0.205,-0.305,-1.009
0.185,-0.317,-0.988
0.117,-0.358,-0.974
0.07,-0.355,-0.968
0.041,-0.367,-0.979
0.029,-0.358,-0.935
-0.062,-0.384,-0.991
-0.097,-0.387,-0.979
-0.167,-0.361,-0.979
-0.232,-0.337,-1.041
-0.232,-0.29,-0.988
-0.246,-0.24,-0.982
-0.29,-0.22,-0.997
-0.293,-0.17,-0.988
-0.314,-0.123,-0.988
-0.34,-0.056,-0.997
-0.308,-0.038,-0.988
-0.308,0.026,-0.982
-0.293,0.056,-0.994
-0.276,0.085,-0.956
-0.279,0.114,-0.977
-0.273,0.17,-0.965
-0.22,0.202,-0.962
-0.141,0.246,-0.968
-0.07,0.282,-0.982
-0.015,0.282,-0.988
0.032,0.267,-0.982
0.012,0.284,-0.977
0.067,0.282,-0.962
0.141,0.273,-0.947
0.202,0.226,-0.933
0.273,0.167,-0.979
0.305,0.091,-0.965
0.317,0.009,-0.988
0.314,-0.012,-0.988
0.308,-0.029,-0.997
0.302,-0.103,-0.994
0.305,-0.138,-1.009
0.258,-0.188,-0.988
0.232,-0.205,-0.974
0.246,-0.211,-0.979
0.226,-0.261,-0.991
0.214,-0.296,-0.962
0.106,-0.367,-0.956
0.009,-0.387,-0.979
-0.012,-0.361,-0.968
-0.073,-0.352,-0.977
-0.091,-0.352,-0.974
-0.129,-0.317,-0.927
-0.205,-0.343,-1.05
-0.249,-0.299,-1.009
-0.235,-0.232,-0.947
-0.293,-0.188,-0.977
-0.305,-0.126,-0.979
-0.305,-0.07,-0.974
-0.314,-0.059,-0.974
-0.34,-0.056,-0.994
-0.355,-0.038,-0.997
-0.305,0.106,-1.009
-0.264,0.132,-0.95
-0.226,0.188,-0.994
-0.173,0.232,-0.982
-0.135,0.226,-0.968
-0.12,0.217,-0.968
-0.106,0.243,-0.956
-0.076,0.273,-0.974
0.041,0.282,-0.994
0.091,0.258,-0.965
0.12,0.246,-0.977
0.167,0.238,-0.994
0.191,0.232,-1.003
0.246,0.217,-0.982
0.279,0.114,-0.906
0.326,0.047,-0.991
0.34,-0.018,-1.032
0.328,-0.07,-1.026
0.293,-0.114,-0.991
0.284,-0.188,-0.994
0.261,-0.22,-1.003
0.261,-0.199,-0.988
0.243,-0.229,-0.997
0.199,-0.282,-0.994
0.144,-0.317,-0.997
0.088,-0.32,-0.938
0.062,-0.34,-0.982
-0.003,-0.34,-0.938
-0.003,-0.346,-0.912
-0.088,-0.34,-0.921
-0.158,-0.287,-0.868
-0.211,-0.328,-1.006
-0.246,-0.267,-0.991
-0.243,-0.22,-0.956
-0.299,-0.173,-0.968
-0.287,-0.144,-0.953
-0.29,-0.076,-0.935
-0.331,-0.015,-0.968
-0.305,0.026,-0.968
-0.293,0.032,-0.988
-0.328,0.026,-1.003
-0.29,0.126,-0.982
-0.24,0.176,-0.977
-0.188,0.232,-0.965
-0.106,0.273,-0.982
-0.053,0.282,-0.988
-0.009,0.258,-1.003
-0.012,0.261,-0.977
0.015,0.276,-0.979
0.062,0.27,-0.95
0.147,0.258,-0.974
0.235,0.196,-1.012
0.249,0.132,-0.956
0.302,0.126,-1.062
0.293,0.059,-1.009
0.299,0.009,-0.994
0.32,0.018,-0.994
0.331,-0.023,-1.006
0.305,-0.117,-0.977
0.305,-0.129,-0.988
0.287,-0.176,-1.009
0.273,-0.211,-1.012
0.29,-0.214,-1.006
0.27,-0.273,-1.012
0.167,-0.358,-1.023
0.07,-0.381,-1.012
-0.018,-0.375,-1.003
-0.029,-0.361,-0.988
-0.032,-0.346,-0.979
-0.059,-0.331,-0.95
-0.097,-0.302,-0.88
-0.129,-0.317,-0.924
-0.22,-0.258,-0.947
-0.276,-0.217,-1.003
-0.302,-0.188,-1.003
-0.293,-0.144,-0.965
-0.293,-0.062,-0.953
-0.305,-0.056,-0.962
-0.308,-0.009,-0.953
-0.293,0.076,-0.977
-0.293,0.085,-0.988
-0.27,0.158,-0.965
-0.196,0.214,-0.979
-0.15,0.22,-0.991
-0.15,0.252,-0.979
-0.07,0.287,-1.009
0.023,0.29,-1.006
0.073,0.273,-1.003
0.111,0.246,-0.994
0.117,0.238,-0.994
0.129,0.238,-0.982
0.196,0.191,-0.953
0.24,0.129,-0.968
0.346,0.123,-1.144
0.328,0.044,-1.053
0.314,-0.003,-0.994
0.328,-0.044,-0.991
0.343,-0.07,-1.009
0.302,-0.141,-1.009
0.261,-0.191,-0.988
0.232,-0.232,-0.968
0.235,-0.246,-0.997
0.191,-0.29,-1.006
0.158,-0.326,-1.012
0.135,-0.337,-0.974
0.12,-0.358,-0.994
0.062,-0.387,-1.026
-0.026,-0.419,-1.041
-0.076,-0.399,-1.021
-0.141,-0.381,-1.003
-0.217,-0.314,-1.009
-0.246,-0.267,-0.988
-0.261,-0.252,-1.006
-0.261,-0.255,-0.997
-0.29,-0.167,-0.988
-0.317,-0.129,-0.988
-0.308,-0.047,-0.979
-0.293,-0.018,-0.977
-0.29,0,-0.979
-0.284,0.044,-0.968
-0.326,0.047,-0.921
-0.264,0.173,-0.991
-0.188,0.229,-0.965
-0.147,0.229,-0.965
-0.129,0.24,-0.977
-0.129,0.24,-0.968
-0.067,0.258,-0.974
-0.023,0.276,-0.982
0.088,0.29,-1.003
0.167,0.267,-1.023
0.211,0.217,-0.991
0.229,0.185,-0.979
0.284,0.132,-0.979
0.29,0.097,-1.006
0.299,0.073,-1.003
0.299,-0.012,-0.988
0.305,-0.085,-0.982
0.308,-0.114,-0.997
0.302,-0.158,-1.041
0.249,-0.214,-0.994
0.22,-0.232,-0.956
0.214,-0.27,-0.974
0.161,-0.317,-0.979
0.111,-0.34,-0.933
0.059,-0.361,-0.965
0.012,-0.361,-0.962
-0.026,-0.358,-0.941
-0.018,-0.37,-0.968
-0.07,-0.39,-1.003
-0.129,-0.37,-1.003
-0.235,-0.352,-1.062
-0.261,-0.284,-0.994
-0.255,-0.238,-0.956
-0.305,-0.202,-0.979
-0.299,-0.17,-0.974
-0.32,-0.085,-0.962
-0.346,-0.038,-0.991
-0.32,0.015,-1.006
-0.276,0.041,-0.968
-0.284,0.076,-0.979
-0.279,0.082,-0.977
-0.258,0.123,-0.965
-0.235,0.155,-0.977
-0.246,0.173,-0.938
-0.217,0.205,-0.956
-0.117,0.276,-0.977
-0.053,0.314,-0.979
0.056,0.296,-0.994
0.1,0.261,-0.968
0.082,0.267,-0.95
0.158,0.252,-0.982
0.202,0.211,-0.95
0.27,0.147,-0.979
0.279,0.097,-0.953
0.308,0.026,-0.988
0.299,-0.026,-0.994
0.29,-0.07,-0.979
0.287,-0.138,-0.982
0.293,-0.155,-1.018
0.273,-0.196,-1.018
0.217,-0.267,-0.982
0.199,-0.284,-0.974
0.167,-0.314,-0.979
0.155,-0.32,-0.968
0.059,-0.37,-0.974
0.012,-0.361,-0.894
-0.029,-0.355,-0.912
-0.088,-0.34,-0.924
-0.129,-0.331,-0.953
-0.15,-0.284,-0.891
-0.202,-0.311,-1.009
-0.243,-0.29,-1.032
-0.243,-0.229,-0.977
-0.287,-0.205,-0.979
-0.314,-0.158,-0.994
-0.32,-0.1,-0.982
-0.328,-0.07,-0.982
-0.358,-0.067,-1.006
-0.343,-0.018,-1.012
-0.305,0.082,-0.956
-0.293,0.114,-0.997
-0.226,0.217,-0.991
-0.141,0.255,-0.968
-0.091,0.229,-0.968
-0.117,0.22,-0.962
-0.132,0.243,-0.982
-0.085,0.27,-0.956
-0.012,0.284,-0.974
0.062,0.258,-0.938
0.144,0.24,-0.965
0.161,0.246,-0.968
0.173,0.217,-0.956
0.279,0.167,-1.026
0.264,0.138,-0.941
0.29,0.062,-0.95
0.328,-0.003,-0.988
0.317,-0.067,-0.979
0.29,-0.141,-0.968
0.284,-0.182,-0.997
0.29,-0.185,-1.018
0.261,-0.22,-1.003
0.258,-0.258,-0.997
0.202,-0.317,-1.021
0.114,-0.343,-1.012
0.059,-0.352,-0.968
0.018,-0.352,-0.982
0.026,-0.358,-0.979
-0.067,-0.346,-0.938
-0.097,-0.337,-0.903
-0.158,-0.299,-0.889
-0.196,-0.352,-1.038
-0.255,-0.255,-0.991
-0.27,-0.214,-0.979
-0.299,-0.191,-0.982
-0.326,-0.141,-0.994
-0.299,-0.07,-0.965
-0.305,-0.038,-0.968
-0.34,-0.012,-0.982
-0.293,0.041,-0.994
-0.287,0.073,-0.988
-0.284,0.103,-0.977
-0.279,0.141,-0.979
-0.243,0.191,-0.968
-0.132,0.27,-0.977
-0.047,0.29,-0.991
-0.015,0.273,-0.991
0.032,0.273,-0.962
0.059,0.255,-0.962
0.091,0.246,-0.968
0.12,0.24,-0.965
0.161,0.229,-0.965
0.205,0.176,-0.933
0.299,0.144,-1.05
0.326,0.097,-1.041
0.314,0.059,-1.032
0.328,0.018,-1.038
0.334,0.009,-1.012
0.34,-0.047,-0.956
0.328,-0.155,-0.982
0.276,-0.232,-1.006
0.255,-0.226,-1.012
0.211,-0.252,-1.003
0.211,-0.276,-1.003
0.155,-0.328,-0.994
0.147,-0.337,-0.974
0.018,-0.381,-1.041
-0.032,-0.372,-0.979
-0.067,-0.352,-0.974
-0.114,-0.32,-0.941
-0.158,-0.29,-0.912
-0.176,-0.331,-0.991
-0.235,-0.258,-0.941
-0.249,-0.22,-0.947
-0.302,-0.173,-0.974
-0.331,-0.106,-0.979
-0.302,-0.059,-0.956
-0.302,-0.003,-0.974
-0.32,0.012,-0.997
-0.302,0.032,-0.994
-0.276,0.082,-0.979
-0.258,0.129,-0.956
-0.214,0.182,-0.977
-0.173,0.199,-0.991
-0.158,0.229,-0.965
-0.126,0.261,-0.979
-0.041,0.282,-0.965
0.018,0.284,-0.991
0.106,0.27,-0.988
0.158,0.255,-1.035
0.161,0.217,-0.988
0.185,0.188,-0.95
0.188,0.167,-0.921
0.317,0.147,-1.091
0.34,0.053,-1.062
0.314,-0.003,-1.018
0.314,-0.009,-1.006
0.328,-0.047,-1.009
0.302,-0.067,-0.982
0.287,-0.132,-0.974
0.314,-0.129,-0.994
0.305,-0.173,-1.009
0.249,-0.246,-1.009
0.191,-0.305,-0.997
0.147,-0.328,-0.968
0.106,-0.355,-1.032
0.041,-0.361,-1.047
0.041,-0.358,-0.965
-0.032,-0.358,-0.979
-0.1,-0.34,-0.941
-0.155,-0.276,-0.883
-0.199,-0.317,-0.991
-0.258,-0.255,-1.018
-0.264,-0.202,-0.956
-0.279,-0.167,-0.947
-0.317,-0.1,-0.965
-0.299,-0.082,-0.965
-0.293,0,-0.962
-0.299,0.029,-0.988
-0.328,-0.003,-0.991
-0.29,0.1,-0.977
-0.29,0.123,-0.953
-0.229,0.188,-0.979
-0.155,0.261,-0.982
-0.088,0.273,-0.977
-0.029,0.267,-0.991
0.003,0.261,-0.982
0.018,0.255,-0.988
0.023,0.261,-0.977
0.053,0.273,-0.965
0.17,0.243,-0.979
0.24,0.196,-1.009
0.24,0.091,-0.979
0.308,0.106,-1.047
0.331,0.082,-1.067
0.32,0.026,-1.023
0.326,-0.009,-0.997
0.358,-0.012,-1.012
0.326,-0.147,-0.994
0.27,-0.202,-0.956
0.22,-0.246,-0.941
0.243,-0.217,-0.977
0.255,-0.238,-0.997
0.22,-0.273,-0.994
0.196,-0.32,-1.035
0.103,-0.355,-1.073
0.047,-0.367,-1.023
0.015,-0.387,-1.097
-0.012,-0.381,-1.041
-0.047,-0.37,-1.003
-0.117,-0.302,-0.883
-0.167,-0.302,-0.935
-0.27,-0.255,-0.994
-0.32,-0.202,-1.003
-0.284,-0.173,-0.956
-0.32,-0.103,-0.974
-0.317,-0.085,-0.977
-0.284,-0.003,-0.95
-0.314,0.009,-0.979
-0.328,0.067,-0.968
-0.255,0.152,-0.982
-0.202,0.199,-0.95
-0.173,0.226,-0.977
-0.155,0.226,-1.006
-0.1,0.252,-0.982
-0.067,0.267,-0.988
-0.003,0.282,-0.988
0.085,0.27,-1.003
0.132,0.243,-0.982
0.147,0.229,-0.982
0.185,0.202,-0.988
0.214,0.158,-0.962
0.249,0.132,-0.982
0.279,0.062,-1.006
0.299,0.041,-1.003
0.299,-0.009,-0.982
0.305,-0.023,-0.997
0.308,-0.047,-1.009
0.331,-0.056,-1.006
0.326,-0.106,-0.982
0.308,-0.167,-0.962
0.24,-0.276,-0.988
0.188,-0.302,-0.979
0.167,-0.317,-0.965
0.082,-0.37,-0.997
0.076,-0.358,-1.009
0.026,-0.37,-1.035
-0.026,-0.387,-1.038
-0.07,-0.375,-1.035
-0.111,-0.346,-0.988
-0.176,-0.299,-0.979
-0.196,-0.273,-0.974
-0.211,-0.252,-0.974
-0.229,-0.217,-0.941
-0.264,-0.173,-0.938
-0.328,-0.073,-0.968
-0.308,-0.041,-0.968
-0.293,0.015,-0.962
-0.293,0.026,-0.968
-0.299,0.044,-0.974
-0.299,0.085,-0.968
-0.243,0.188,-0.979
-0.17,0.246,-0.965
-0.117,0.267,-0.991
-0.07,0.282,-1.003
-0.056,0.258,-0.974
-0.023,0.243,-0.974
0.012,0.255,-0.968
0.073,0.261,-0.997
0.15,0.258,-1.018
0.205,0.214,-1.009
0.249,0.173,-0.994
0.287,0.155,-1.026
0.29,0.085,-0.962
0.305,0.032,-0.974
0.314,-0.026,-1.003
0.326,-0.062,-1.018
0.293,-0.129,-1.006
0.279,-0.176,-1.009
0.261,-0.199,-0.994
0.246,-0.202,-0.977
0.264,-0.217,-0.988
0.261,-0.261,-1.003
0.167,-0.343,-1.006
0.088,-0.367,-0.977
0.026,-0.375,-0.968
-0.015,-0.375,-1.003
-0.012,-0.361,-0.968
-0.041,-0.367,-1.006
-0.097,-0.37,-0.979
-0.191,-0.328,-0.991
-0.258,-0.24,-0.965
-0.264,-0.238,-0.979
-0.305,-0.217,-1.006
-0.299,-0.158,-0.974
-0.305,-0.111,-0.962
-0.331,-0.047,-0.991
-0.314,-0.023,-0.979
-0.29,0.026,-0.962
-0.284,0.097,-0.982
-0.27,0.123,-0.938
-0.226,0.161,-0.953
-0.211,0.196,-0.982
-0.202,0.217,-0.997
-0.155,0.246,-0.977
-0.097,0.267,-0.953
-0.015,0.282,-0.974
0.059,0.267,-0.988
0.106,0.258,-0.991
0.114,0.252,-0.979
0.182,0.22,-0.991
0.235,0.158,-0.953
0.302,0.147,-1.059
0.29,0.076,-0.977
0.299,-0.003,-0.965
0.305,-0.038,-0.979
0.314,-0.088,-0.982
0.29,-0.138,-0.988
0.261,-0.229,-1.006
0.226,-0.261,-0.997
0.214,-0.258,-1.006
0.173,-0.299,-1.003
0.135,-0.314,-0.994
0.144,-0.311,-0.979
0.111,-0.346,-0.997
0.088,-0.37,-0.997
-0.018,-0.387,-0.979
-0.067,-0.372,-0.935
-0.144,-0.355,-0.991
-0.176,-0.314,-0.962
-0.191,-0.314,-0.994
-0.246,-0.287,-1.018
-0.273,-0.27,-1.006
-0.308,-0.238,-1.021
-0.326,-0.176,-0.991
-0.326,-0.073,-0.979
-0.32,-0.015,-0.979
-0.308,0.023,-1.003
-0.287,0.018,-0.965
-0.29,0.056,-0.938
-0.287,0.091,-0.988
-0.229,0.199,-0.95
-0.161,0.214,-0.982
-0.161,0.214,-0.974
-0.17,0.217,-0.965
-0.147,0.243,-0.956
-0.041,0.276,-0.979
0.009,0.287,-0.974
0.091,0.273,-0.974
0.15,0.238,-0.941
0.185,0.211,-0.947
0.211,0.167,-0.927
0.299,0.155,-1.062
0.279,0.082,-0.994
0.287,-0.009,-0.977
0.305,-0.053,-0.977
0.305,-0.082,-0.991
0.279,-0.182,-0.997
0.264,-0.188,-1.006
0.249,-0.199,-1.006
0.264,-0.214,-1.012
0.202,-0.305,-0.991
0.144,-0.358,-0.968
0.1,-0.37,-0.962
0.044,-0.367,-0.977
-0.009,-0.355,-0.988
-0.026,-0.358,-0.977
-0.082,-0.355,-1.006
-0.117,-0.361,-0.994
-0.176,-0.314,-0.977
-0.211,-0.314,-1.023
-0.249,-0.282,-1.023
-0.27,-0.246,-0.997
-0.287,-0.217,-0.994
-0.326,-0.202,-1.012
-0.349,-0.161,-1.012
-0.37,-0.038,-1.009
-0.334,-0.003,-0.977
-0.305,0.07,-0.982
-0.287,0.1,-0.974
-0.276,0.103,-0.962
-0.255,0.161,-0.994
-0.214,0.196,-0.965
-0.176,0.199,-0.953
-0.141,0.232,-0.965
-0.082,0.27,-0.974
-0.032,0.267,-0.962
0.032,0.258,-0.962
0.038,0.29,-0.988
0.103,0.282,-0.994
0.15,0.27,-0.947
0.214,0.191,-0.933
0.328,0.147,-1.065
0.334,0.062,-1.038
0.317,0.003,-0.997
0.314,-0.032,-1.006
0.32,-0.041,-0.988
0.29,-0.117,-0.974
0.279,-0.188,-0.982
0.264,-0.226,-1.003
0.232,-0.252,-1.012
0.185,-0.287,-1.009
0.155,-0.317,-0.991
0.129,-0.337,-0.974
0.047,-0.367,-0.941
-0.009,-0.367,-0.95
-0.062,-0.37,-0.977
-0.106,-0.355,-0.974
-0.129,-0.328,-0.947
-0.188,-0.302,-0.979
-0.226,-0.296,-1.009
-0.249,-0.252,-0.991
-0.27,-0.22,-0.977
-0.284,-0.155,-0.968
-0.305,-0.111,-0.977
-0.317,-0.073,-0.988
-0.308,-0.07,-0.977
-0.358,-0.056,-1.003
-0.331,0.023,-1.018
-0.32,0.085,-0.974
-0.264,0.176,-0.977
-0.205,0.226,-0.977
-0.147,0.238,-0.974
-0.111,0.246,-0.977
-0.135,0.243,-0.953
-0.12,0.261,-0.953
0.026,0.284,-0.968
0.129,0.27,-0.994
0.155,0.232,-0.994
0.155,0.217,-0.988
0.185,0.182,-0.968
0.182,0.202,-0.894
0.276,0.161,-0.991
0.317,0.129,-1.023
0.317,0.041,-0.991
0.305,-0.018,-0.991
0.331,-0.023,-0.991
0.299,-0.114,-0.968
0.299,-0.141,-0.977
0.261,-0.202,-0.977
0.273,-0.22,-0.994
0.235,-0.276,-1.012
0.167,-0.328,-1.006
0.12,-0.346,-1.006
0.067,-0.358,-1.012
0.009,-0.361,-0.982
-0.056,-0.367,-0.962
-0.073,-0.358,-0.953
-0.15,-0.305,-0.918
-0.17,-0.302,-0.956
-0.217,-0.287,-0.997
-0.249,-0.24,-0.979
-0.273,-0.22,-0.974
-0.29,-0.188,-0.974
-0.326,-0.114,-0.977
-0.314,-0.047,-0.962
-0.317,-0.015,-0.953
-0.32,0.032,-0.991
-0.273,0.085,-1.009
-0.264,0.082,-0.965
-0.29,0.114,-0.982
-0.27,0.158,-0.962
-0.199,0.214,-0.968
-0.097,0.276,-0.979
-0.041,0.282,-0.979
-0.003,0.27,-0.988
0.026,0.27,-0.988
0.038,0.29,-1.006
0.076,0.284,-0.968
0.161,0.252,-0.938
0.217,0.217,-0.977
0.284,0.161,-0.977
0.308,0.091,-0.991
0.331,0.015,-1.009
0.32,-0.012,-1.009
0.317,-0.023,-1.006
0.308,-0.082,-1.003
0.308,-0.123,-1.006
0.273,-0.167,-0.979
0.264,-0.17,-0.953
0.261,-0.199,-0.979
0.258,-0.229,-0.991
0.258,-0.261,-0.979
0.158,-0.352,-0.994
0.047,-0.381,-1.018
0.015,-0.372,-1.021
-0.044,-0.361,-1.023
-0.088,-0.361,-0.994
-0.097,-0.328,-0.941
-0.161,-0.326,-0.965
-0.205,-0.326,-0.991
-0.258,-0.255,-0.988
-0.293,-0.188,-0.991
-0.299,-0.138,-0.979
-0.308,-0.082,-0.968
-0.308,-0.07,-0.977
-0.299,-0.029,-0.982
-0.343,-0.038,-0.991
-0.34,0.067,-0.982
-0.264,0.161,-0.95
-0.217,0.191,-0.962
-0.167,0.238,-0.988
-0.129,0.238,-0.977
-0.085,0.24,-0.988
-0.07,0.261,-0.988
-0.041,0.273,-0.979
0.07,0.261,-0.982
0.1,0.246,-0.956
0.155,0.232,-0.977
0.199,0.226,-1.032
0.211,0.202,-0.994
0.279,0.138,-1.018
0.287,0.07,-0.968
0.305,0.029,-0.977
0.328,-0.029,-1.009
0.317,-0.062,-0.991
0.299,-0.097,-0.991
0.317,-0.132,-1.021
0.299,-0.147,-1.009
0.276,-0.196,-0.982
0.243,-0.243,-0.988
0.191,-0.287,-0.962
0.202,-0.296,-0.977
0.132,-0.343,-1.026
0.073,-0.361,-0.994
0.067,-0.37,-1.041
0.009,-0.384,-1.05
-0.076,-0.372,-1.026
-0.141,-0.317,-0.953
-0.199,-0.29,-0.982
-0.217,-0.27,-0.974
-0.211,-0.243,-0.956
-0.276,-0.205,-0.927
-0.27,-0.173,-0.933
-0.32,-0.067,-0.965
-0.331,0,-0.974
-0.302,0.023,-0.965
-0.287,0.067,-0.968
-0.29,0.088,-0.988
-0.255,0.144,-0.956
-0.229,0.167,-0.977
-0.188,0.232,-0.982
-0.117,0.258,-0.994
-0.056,0.273,-0.997
-0.029,0.258,-0.982
-0.044,0.255,-0.974
0.059,0.255,-0.95
0.106,0.261,-0.988
0.185,0.243,-1.041
0.22,0.199,-1.009
0.24,0.147,-0.953
0.317,0.147,-1.094
0.287,0.056,-1.003
0.284,0.003,-0.977
0.314,-0.044,-1.006
0.326,-0.056,-1.021
0.299,-0.106,-1.009
0.276,-0.17,-0.988
0.273,-0.202,-0.997
0.27,-0.226,-1.012
0.243,-0.258,-1.003
0.196,-0.326,-0.991
0.126,-0.381,-0.977
0.038,-0.387,-0.941
-0.038,-0.372,-0.965
-0.059,-0.355,-0.965
-0.07,-0.346,-0.988
-0.07,-0.352,-0.991
-0.103,-0.302,-0.918
-0.188,-0.29,-0.988
-0.264,-0.267,-1.041
-0.27,-0.238,-1.003
-0.261,-0.214,-0.974
-0.305,-0.202,-0.997
-0.328,-0.147,-0.997
-0.331,-0.07,-0.968
-0.308,0.018,-0.95
-0.299,0.07,-0.977
-0.293,0.114,-0.982
-0.24,0.167,-0.965
-0.214,0.176,-0.977
-0.196,0.211,-0.977
-0.182,0.232,-0.997
-0.126,0.252,-0.982
-0.067,0.261,-0.941
0.015,0.258,-0.979
0.073,0.24,-0.965
0.091,0.258,-1.006
0.126,0.255,-0.997
0.196,0.191,-0.974
0.235,0.141,-0.988
0.326,0.138,-1.088
0.334,0.059,-1.062
0.314,0.015,-0.997
0.326,-0.047,-0.991
0.32,-0.097,-1.003
0.293,-0.144,-0.994
0.255,-0.211,-0.988
0.22,-0.238,-0.974
0.211,-0.267,-0.997
0.185,-0.29,-0.997
0.12,-0.337,-0.991
0.129,-0.328,-0.965
0.114,-0.358,-1.012
0.015,-0.387,-1.012
-0.032,-0.396,-0.941
-0.106,-0.375,-0.979
-0.117,-0.355,-0.938
-0.211,-0.32,-1.006
-0.249,-0.284,-1.026
-0.258,-0.232,-0.994
-0.258,-0.255,-0.997
-0.299,-0.182,-0.997
-0.305,-0.138,-0.988
-0.317,-0.059,-0.982
-0.299,-0.029,-0.982
-0.302,-0.012,-0.997
-0.305,0.012,-0.956
-0.328,0.047,-0.935
-0.308,0.138,-0.974
-0.217,0.22,-0.977
-0.147,0.232,-0.974
-0.126,0.243,-0.974
-0.114,0.246,-0.968
-0.091,0.255,-0.968
-0.041,0.29,-0.991
0.053,0.314,-1.006
0.126,0.282,-0.994
0.17,0.238,-0.933
0.214,0.211,-0.941
0.249,0.123,-0.909
0.29,0.123,-1.018
0.293,0.097,-1.006
0.293,0.029,-0.953
0.302,-0.056,-0.941
0.308,-0.111,-0.979
0.314,-0.138,-1.023
0.27,-0.199,-1.009
0.226,-0.22,-0.956
0.229,-0.252,-0.977
0.214,-0.276,-0.965
0.141,-0.34,-0.977
0.076,-0.352,-0.968
0.032,-0.355,-0.982
-0.003,-0.352,-0.974
-0.009,-0.361,-0.977
-0.097,-0.375,-0.997
-0.167,-0.352,-0.956
-0.217,-0.343,-1.021
-0.217,-0.287,-0.962
-0.255,-0.238,-0.979
-0.314,-0.214,-1.003
-0.299,-0.173,-0.982
-0.317,-0.106,-0.965
-0.334,-0.041,-0.977
-0.314,0.023,-0.979
-0.299,0.038,-0.988
-0.287,0.067,-0.994
-0.264,0.1,-0.968
-0.261,0.123,-0.974
-0.246,0.176,-0.965
-0.211,0.202,-0.956
-0.097,0.267,-0.979
-0.047,0.29,-0.997
0.003,0.282,-0.979
0.053,0.27,-0.997
0.07,0.267,-0.965
0.088,0.273,-0.968
0.161,0.27,-0.982
0.202,0.238,-0.947
0.317,0.161,-1.05
0.302,0.059,-0.953
0.317,0.015,-0.965
0.34,-0.026,-1.009
0.343,-0.041,-1.026
0.305,-0.117,-0.991
0.308,-0.123,-0.991
0.293,-0.17,-1.006
0.258,-0.22,-0.997
0.232,-0.238,-0.982
0.205,-0.273,-0.988
0.202,-0.299,-0.997
0.144,-0.331,-0.977
0.103,-0.361,-1.023
0.018,-0.381,-1.05
-0.059,-0.361,-0.979
-0.103,-0.355,-1.012
-0.161,-0.299,-0.935
-0.185,-0.29,-0.974
-0.202,-0.29,-0.977
-0.24,-0.232,-0.95
-0.27,-0.161,-0.95
-0.29,-0.123,-0.962
-0.305,-0.085,-0.962
-0.29,-0.015,-0.953
-0.287,0.003,-0.965
-0.331,-0.015,-0.994
-0.343,0.047,-1.009
-0.284,0.144,-0.95
-0.199,0.22,-0.974
-0.132,0.261,-0.988
-0.1,0.24,-0.982
-0.088,0.229,-0.977
-0.088,0.246,-0.974
-0.015,0.258,-0.991
0.085,0.252,-0.982
0.114,0.246,-0.997
0.176,0.214,-1.009
0.196,0.191,-0.988
0.202,0.214,-1.003
0.299,0.185,-1.05
0.302,0.076,-0.968
0.34,0.059,-1.018
0.364,-0.015,-1.079
0.346,-0.07,-1.038
0.293,-0.129,-0.968
0.305,-0.144,-0.979
0.308,-0.17,-1.003
0.302,-0.199,-1.018
0.217,-0.284,-1.006
0.155,-0.328,-0.977
0.117,-0.343,-0.965
0.073,-0.361,-1.021
0.062,-0.361,-0.994
0.056,-0.367,-0.994
0.023,-0.375,-0.982
-0.091,-0.37,-1.018
-0.167,-0.305,-0.933
-0.226,-0.302,-0.988
-0.261,-0.287,-0.991
-0.284,-0.226,-0.962
-0.293,-0.161,-0.962
-0.326,-0.126,-0.982
-0.308,-0.067,-0.979
-0.293,-0.018,-0.962
-0.293,0.032,-0.977
-0.29,0.023,-0.977
-0.284,0.082,-0.962
-0.261,0.114,-0.974
-0.229,0.185,-0.974
-0.182,0.246,-0.991
-0.106,0.273,-0.994
-0.07,0.261,-0.977
-0.047,0.261,-0.977
0.038,0.261,-0.988
0.088,0.252,-0.979
0.114,0.243,-1.006
0.176,0.214,-1.026
0.226,0.188,-1.023
0.214,0.123,-0.974
0.302,0.106,-1.053
0.308,0.026,-1.021
0.29,-0.009,-0.982
0.293,-0.032,-0.982
0.32,-0.053,-0.997
0.308,-0.111,-1.023
0.302,-0.132,-0.991
0.243,-0.246,-0.962
0.226,-0.267,-0.991
0.202,-0.267,-0.974
0.235,-0.273,-0.974
0.202,-0.343,-1.023
0.088,-0.39,-1.026
0,-0.39,-0.997
-0.038,-0.381,-0.994
-0.097,-0.367,-1.021
-0.129,-0.343,-0.988
-0.114,-0.29,-0.909
-0.147,-0.328,-0.988
-0.229,-0.299,-1.023
-0.29,-0.229,-0.994
-0.287,-0.173,-0.965
-0.328,-0.132,-0.979
-0.328,-0.07,-0.982
-0.279,-0.032,-0.962
-0.326,0.009,-0.953
-0.293,0.044,-0.956
-0.264,0.123,-0.947
-0.243,0.185,-0.982
-0.188,0.211,-0.982
-0.147,0.214,-0.977
-0.117,0.24,-0.991
-0.117,0.258,-0.997
-0.044,0.261,-0.977
0.059,0.267,-0.979
0.1,0.258,-0.979
0.126,0.246,-1.003
0.167,0.211,-0.988
0.182,0.211,-0.968
0.226,0.155,-0.977
0.32,0.106,-1.053
0.334,0.032,-1.047
0.305,-0.018,-0.988
0.308,-0.023,-0.991
0.305,-0.106,-1.026
0.299,-0.141,-1.018
0.255,-0.191,-0.988
0.211,-0.258,-0.979
0.22,-0.261,-0.994
0.191,-0.299,-0.991
0.185,-0.311,-1.003
0.073,-0.367,-1.018
0.056,-0.361,-0.953
0.032,-0.37,-1.006
0.012,-0.396,-1.021
-0.073,-0.396,-1.009
-0.126,-0.372,-0.988
-0.229,-0.326,-1.026
-0.229,-0.296,-0.997
-0.249,-0.243,-0.982
-0.299,-0.226,-1.006
-0.287,-0.196,-0.991
-0.331,-0.126,-1.009
-0.343,-0.082,-0.997
-0.299,-0.026,-0.977
-0.308,0.009,-0.988
-0.317,0.041,-0.974
-0.29,0.1,-0.95
-0.287,0.155,-0.968
-0.232,0.22,-0.979
-0.167,0.24,-0.968
-0.097,0.261,-0.968
-0.062,0.261,-0.968
-0.029,0.255,-0.982
0.015,0.255,-0.974
0.026,0.284,-1.006
0.07,0.287,-0.947
0.155,0.246,-0.935
0.235,0.191,-0.974
0.27,0.129,-0.994
0.287,0.091,-0.974
0.293,0.041,-0.982
0.293,-0.032,-0.997
0.293,-0.053,-0.977
0.299,-0.103,-0.977
0.299,-0.176,-1.023
0.261,-0.211,-1.018
0.196,-0.258,-0.965
0.217,-0.243,-0.977
0.176,-0.311,-0.977
0.144,-0.328,-0.956
0.018,-0.381,-0.927
-0.015,-0.367,-0.933
-0.047,-0.355,-0.974
-0.082,-0.328,-0.933
-0.053,-0.346,-0.956
-0.144,-0.361,-1.003
-0.217,-0.352,-1.073
-0.261,-0.261,-0.979
-0.255,-0.255,-0.965
-0.308,-0.196,-0.988
-0.293,-0.158,-0.988
-0.317,-0.123,-0.982
-0.361,-0.114,-1.009
-0.346,-0.062,-1.006
-0.346,0,-1.023
-0.308,0.114,-0.982
-0.217,0.176,-0.977
-0.232,0.147,-0.953
-0.246,0.176,-0.977
-0.217,0.199,-0.977
-0.173,0.22,-0.953
-0.117,0.258,-0.947
-0.047,0.296,-0.979
0.076,0.282,-0.991
0.091,0.261,-0.991
0.097,0.258,-0.962
0.158,0.24,-0.965
0.185,0.226,-0.924
0.258,0.199,-0.988
0.279,0.076,-0.918
0.293,0.041,-0.962
0.326,-0.018,-1.009
0.302,-0.082,-1.012
0.264,-0.141,-0.982
0.276,-0.141,-0.991
0.287,-0.176,-1.018
0.261,-0.232,-0.997
0.226,-0.27,-0.988
0.199,-0.314,-0.994
0.17,-0.328,-1.003
0.067,-0.361,-1.006
-0.012,-0.358,-0.935
-0.003,-0.331,-0.938
-0.038,-0.328,-0.953
-0.114,-0.337,-0.947
-0.132,-0.296,-0.889
-0.211,-0.317,-1.009
-0.24,-0.299,-1.012
-0.235,-0.24,-0.965
-0.276,-0.182,-0.956
-0.305,-0.173,-0.968
-0.331,-0.062,-0.977
-0.314,-0.009,-0.962
-0.302,0.009,-0.991
-0.331,-0.003,-1.009
-0.326,0.044,-1.006
-0.284,0.126,-0.965
-0.24,0.182,-0.977
-0.191,0.243,-0.979
-0.12,0.267,-0.982
-0.067,0.252,-0.968
-0.07,0.255,-0.968
-0.056,0.284,-0.979
0.041,0.287,-0.977
0.085,0.282,-0.979
0.185,0.24,-0.991
0.232,0.199,-0.994
0.255,0.141,-0.979
0.317,0.132,-1.088
0.308,0.053,-1.023
0.308,0.038,-0.997
0.331,-0.018,-1.026
0.334,-0.062,-1.012
0.29,-0.111,-0.968
0.276,-0.152,-0.974
0.302,-0.141,-1.009
0.276,-0.196,-1.012
0.276,-0.214,-0.988
0.243,-0.284,-1.018
0.173,-0.34,-1.026
0.088,-0.367,-1.009
0.026,-0.372,-0.997
-0.023,-0.361,-1.012
-0.026,-0.361,-0.994
-0.091,-0.343,-0.95
-0.129,-0.302,-0.906
-0.217,-0.314,-1.018
-0.27,-0.246,-1.012
-0.249,-0.211,-0.974
-0.279,-0.17,-0.965
-0.299,-0.123,-0.965
-0.287,-0.073,-0.941
-0.287,0.003,-0.953
-0.293,0.026,-0.988
-0.314,0.038,-0.979
-0.27,0.114,-1.026
-0.226,0.161,-0.935
-0.229,0.155,-0.962
-0.185,0.22,-0.994
-0.147,0.258,-0.991
-0.047,0.296,-1.003
0.009,0.287,-0.988
0.053,0.267,-0.968
0.085,0.246,-0.965
0.097,0.255,-0.991
0.12,0.258,-0.982
0.199,0.217,-0.968
0.249,0.132,-0.953
0.317,0.141,-1.091
0.328,0.059,-1.05
0.317,-0.015,-1.009
0.317,-0.012,-0.991
0.346,-0.015,-0.994
0.326,-0.07,-0.994
0.314,-0.132,-0.979
0.27,-0.196,-0.962
0.249,-0.243,-0.994
0.22,-0.258,-1.006
0.199,-0.282,-1.006
0.185,-0.311,-0.988
0.117,-0.352,-0.991
0.059,-0.37,-1.05
-0.038,-0.39,-1.035
-0.082,-0.37,-1.032
-0.106,-0.352,-1.003
-0.161,-0.267,-0.909
-0.158,-0.328,-0.991
-0.226,-0.284,-0.968
-0.249,-0.24,-0.956
-0.279,-0.17,-0.947
-0.34,-0.138,-0.982
-0.34,-0.041,-0.979
-0.284,0.029,-0.947
-0.29,0.056,-0.988
-0.299,0.047,-0.991
-0.258,0.1,-0.956
-0.24,0.144,-0.974
-0.155,0.22,-0.977
-0.126,0.217,-0.979
-0.114,0.22,-0.994
-0.15,0.226,-0.979
-0.147,0.252,-0.956
-0.059,0.299,-0.947
0.103,0.276,-0.974
0.167,0.258,-1.012
0.214,0.217,-1.041
0.226,0.173,-1.006
0.235,0.147,-0.994
0.302,0.129,-1.035
0.328,0.088,-1.059
0.328,0.053,-1.05
0.346,-0.003,-1.047
0.349,-0.062,-1.032
0.299,-0.114,-0.982
0.314,-0.088,-0.962
0.328,-0.144,-0.982
0.293,-0.211,-1.003
0.273,-0.243,-1.021
0.176,-0.314,-1.012
0.117,-0.352,-0.991
0.059,-0.367,-1.018
0.047,-0.352,-0.988
0,-0.361,-0.997
-0.023,-0.37,-0.982
-0.082,-0.343,-0.953
-0.161,-0.287,-0.918
-0.202,-0.302,-1.009
-0.258,-0.24,-0.982
-0.264,-0.202,-0.965
-0.279,-0.182,-0.962
-0.305,-0.103,-0.953
-0.276,-0.062,-0.935
-0.302,0,-0.965
-0.314,0.053,-0.974
-0.284,0.047,-0.977
-0.279,0.091,-0.974
-0.264,0.155,-0.977
-0.173,0.229,-0.968
-0.111,0.255,-0.982
-0.073,0.273,-1.006
-0.047,0.258,-0.982
-0.012,0.243,-0.974
0.038,0.246,-0.977
0.085,0.246,-0.994
0.12,0.238,-0.991
0.173,0.214,-1.006
0.22,0.202,-1.035
0.246,0.106,-0.968
0.314,0.1,-1.023
0.32,0.018,-1.023
0.305,0.003,-0.974
0.308,-0.012,-0.988
0.355,-0.015,-1.012
0.326,-0.111,-1.009
0.299,-0.161,-0.968
0.273,-0.211,-0.941
0.261,-0.243,-0.994
0.22,-0.273,-1.003
0.211,-0.299,-0.997
0.196,-0.331,-1.035
0.088,-0.387,-1.067
0.003,-0.399,-1.032
-0.059,-0.381,-1.021
-0.088,-0.37,-1.009
-0.114,-0.352,-0.994
-0.158,-0.305,-0.974
-0.196,-0.284,-0.965
-0.214,-0.29,-1.003
-0.299,-0.199,-1.009
-0.293,-0.147,-0.979
-0.302,-0.114,-0.974
-0.317,-0.044,-0.982
-0.284,-0.044,-0.962
-0.293,0.012,-0.968
-0.326,0.023,-0.974
-0.293,0.106,-0.938
-0.226,0.188,-0.988
-0.176,0.226,-0.977
-0.132,0.226,-0.974
-0.111,0.238,-0.997
-0.088,0.255,-0.982
-0.076,0.276,-0.988
0.067,0.282,-1.006
0.155,0.258,-0.991
0.155,0.226,-0.977
0.17,0.205,-0.994
0.205,0.185,-0.979
0.246,0.176,-0.979
0.293,0.062,-1.006
0.326,0.026,-1.047
0.317,-0.015,-1.023
0.314,-0.053,-1.018
0.326,-0.032,-1.032
0.314,-0.091,-1.009
0.32,-0.111,-0.977
0.305,-0.167,-0.95
0.261,-0.27,-0.979
0.191,-0.317,-0.974
0.129,-0.352,-0.965
0.097,-0.358,-0.994
0.059,-0.361,-0.994
0.053,-0.367,-0.982
0.009,-0.37,-0.994
-0.032,-0.39,-1.032
-0.167,-0.343,-0.991
-0.202,-0.299,-0.982
-0.226,-0.284,-0.997
-0.24,-0.238,-0.968
-0.258,-0.211,-0.953
-0.273,-0.188,-0.962
-0.32,-0.123,-0.988
-0.308,-0.018,-0.968
-0.284,0.023,-0.965
-0.287,0.041,-0.982
-0.276,0.085,-0.956
-0.243,0.123,-0.95
-0.217,0.167,-0.982
-0.188,0.22,-0.988
-0.141,0.258,-0.979
-0.067,0.273,-0.997
-0.044,0.267,-0.997
-0.003,0.261,-0.988
0,0.267,-0.982
0.07,0.258,-0.965
0.15,0.24,-1.003
0.211,0.226,-1.053
0.229,0.202,-1.041
0.27,0.141,-0.997
0.279,0.073,-0.927
0.302,0,-0.968
0.299,-0.038,-0.994
0.293,-0.056,-0.997
0.299,-0.111,-1.006
0.293,-0.161,-1.026
0.258,-0.199,-0.982
0.229,-0.232,-0.965
0.211,-0.261,-0.974
0.243,-0.255,-0.974
0.22,-0.314,-1.012
0.141,-0.37,-1.021
0.029,-0.39,-0.977
-0.023,-0.387,-0.997
-0.067,-0.375,-1.003
-0.07,-0.372,-0.997
-0.1,-0.343,-0.95
-0.15,-0.355,-1.009
-0.24,-0.282,-0.979
-0.284,-0.243,-0.997
-0.314,-0.202,-1.003
-0.305,-0.141,-0.962
-0.308,-0.1,-0.968
-0.334,-0.056,-0.982
-0.299,-0.012,-0.968
-0.308,0.015,-0.968
-0.302,0.097,-0.968
-0.246,0.152,-0.991
-0.226,0.173,-0.941
-0.196,0.199,-0.977
-0.191,0.211,-0.997
-0.12,0.246,-0.988
-0.1,0.258,-0.974
-0.038,0.273,-0.956
0.07,0.255,-0.962
0.097,0.243,-0.974
0.161,0.22,-0.991
0.167,0.211,-0.997
0.211,0.158,-0.962
0.293,0.152,-1.073
0.273,0.056,-0.953
0.284,0.018,-0.941
0.308,-0.032,-0.988
0.308,-0.073,-0.997
0.29,-0.106,-0.991
0.287,-0.17,-1.021
0.226,-0.284,-1.021
0.196,-0.282,-1.003
0.182,-0.287,-0.982
0.147,-0.317,-0.991
0.1,-0.343,-0.991
0.073,-0.34,-0.938
0.059,-0.361,-0.968
0.012,-0.384,-1.018
-0.047,-0.387,-0.965
-0.114,-0.372,-1.006
-0.185,-0.326,-0.968
-0.226,-0.32,-1.05
-0.235,-0.255,-0.991
-0.226,-0.267,-0.979
-0.293,-0.232,-1.021
-0.302,-0.229,-1.012
-0.334,-0.132,-0.997
-0.334,-0.041,-0.979
-0.317,-0.009,-0.991
-0.299,0.056,-0.953
-0.305,0.073,-0.968
-0.279,0.129,-0.927
-0.276,0.167,-0.965
-0.185,0.24,-0.994
-0.129,0.24,-0.974
-0.1,0.252,-0.977
-0.091,0.258,-0.977
-0.041,0.27,-0.979
0.023,0.282,-0.979
0.091,0.282,-0.994
0.147,0.255,-0.979
0.202,0.214,-0.953
0.243,0.167,-0.977
0.314,0.147,-1.067
0.287,0.056,-0.991
0.287,0.012,-0.979
0.305,-0.041,-0.982
0.299,-0.117,-0.991
0.27,-0.17,-0.988
0.264,-0.199,-1.021
0.226,-0.232,-1.006
0.226,-0.229,-0.997
0.202,-0.273,-1.003
0.211,-0.296,-0.979
0.114,-0.367,-0.956
0.044,-0.37,-0.956
-0.029,-0.361,-0.988
-0.032,-0.343,-0.968
-0.053,-0.346,-1.003
-0.111,-0.37,-1.038
-0.15,-0.352,-1.032
-0.243,-0.261,-0.988
-0.235,-0.282,-0.982
-0.279,-0.229,-0.991
-0.261,-0.211,-0.982
-0.284,-0.202,-0.988
-0.34,-0.155,-1.012
-0.349,-0.111,-1.012
-0.328,0.026,-0.974
-0.305,0.067,-0.988
-0.293,0.082,-0.965
-0.258,0.141,-0.982
-0.232,0.167,-0.974
-0.229,0.173,-0.974
-0.229,0.22,-0.962
-0.173,0.24,-0.962
-0.076,0.267,-0.95
-0.015,0.27,-0.956
0.056,0.258,-0.988
0.097,0.255,-0.979
0.126,0.246,-0.982
0.173,0.232,-0.997
0.22,0.158,-0.935
0.299,0.167,-1.047
0.308,0.076,-1.009
0.326,0.026,-1.003
0.32,-0.026,-0.982
0.308,-0.091,-0.977
0.293,-0.138,-0.994
0.258,-0.205,-0.991
0.235,-0.232,-0.988
0.214,-0.261,-1.006
0.17,-0.29,-0.997
0.147,-0.305,-0.997
0.135,-0.32,-0.977
0.082,-0.361,-0.991
0.044,-0.375,-0.953
-0.053,-0.375,-0.924
-0.097,-0.352,-0.938
-0.111,-0.34,-0.933
-0.191,-0.296,-0.933
-0.22,-0.328,-1.047
-0.27,-0.226,-0.988
-0.255,-0.217,-0.968
-0.287,-0.205,-0.982
-0.334,-0.152,-1.003
-0.317,-0.076,-0.988
-0.308,-0.041,-0.979
-0.343,-0.038,-1.009
-0.328,-0.029,-1.006
-0.314,0.067,-0.938
-0.276,0.147,-1.006
-0.235,0.199,-0.953
-0.167,0.226,-0.974
-0.135,0.232,-0.979
-0.12,0.243,-0.974
-0.103,0.273,-0.982
-0.053,0.302,-0.991
0.029,0.314,-0.968
0.126,0.282,-0.977
0.191,0.232,-0.965
0.214,0.202,-0.979
0.24,0.114,-0.974
0.287,0.123,-1.012
0.305,0.091,-1.038
0.305,0.041,-0.991
0.308,-0.012,-0.979
0.302,-0.1,-0.988
0.305,-0.106,-0.997
0.279,-0.167,-0.997
0.258,-0.191,-0.974
0.24,-0.24,-0.977
0.226,-0.273,-0.977
0.182,-0.311,-0.997
0.097,-0.352,-1.021
0.047,-0.346,-0.991
0.015,-0.346,-0.994
-0.012,-0.358,-0.988
-0.082,-0.37,-0.982
-0.114,-0.367,-0.938
-0.205,-0.337,-1.009
-0.211,-0.311,-0.994
-0.264,-0.232,-0.974
-0.293,-0.226,-0.991
-0.29,-0.191,-0.979
-0.331,-0.111,-0.982
-0.32,-0.053,-0.974
-0.317,0.026,-0.968
-0.299,0.044,-0.982
-0.273,0.059,-0.991
-0.243,0.111,-0.974
-0.279,0.091,-0.953
-0.27,0.126,-0.965
-0.211,0.188,-0.965
-0.147,0.229,-0.988
-0.1,0.267,-0.979
-0.062,0.276,-0.979
0.029,0.273,-0.977
0.082,0.27,-0.982
0.053,0.29,-0.982
0.117,0.27,-0.968
0.211,0.232,-0.979
0.243,0.147,-0.894
0.305,0.117,-1.003
0.331,0.067,-1.035
0.314,0.012,-0.982
0.308,-0.041,-0.994
0.32,-0.056,-1.003
0.317,-0.106,-0.997
0.287,-0.167,-0.991
0.249,-0.202,-0.947
0.243,-0.229,-0.965
0.24,-0.255,-0.988
0.188,-0.311,-0.994
0.17,-0.331,-0.965
0.091,-0.372,-0.988
0.015,-0.384,-1.021
-0.044,-0.381,-1.023
-0.091,-0.381,-1.009
-0.141,-0.331,-0.965
-0.196,-0.287,-0.968
-0.22,-0.282,-0.977
-0.24,-0.258,-0.979
-0.284,-0.188,-0.962
-0.287,-0.132,-0.953
-0.299,-0.085,-0.965
-0.305,-0.029,-0.974
-0.302,-0.041,-0.962
-0.331,0,-0.994
-0.328,0.044,-0.991
-0.273,0.144,-0.947
-0.226,0.205,-0.974
-0.15,0.243,-0.991
-0.1,0.258,-0.979
-0.082,0.24,-0.997
-0.073,0.243,-0.968
-0.067,0.252,-0.956
0.056,0.258,-0.997
0.1,0.258,-0.982
0.15,0.22,-0.977
0.191,0.196,-0.977
0.188,0.211,-0.968
0.255,0.173,-1.006
0.299,0.1,-0.974
0.34,0.062,-1.026
0.346,-0.012,-1.035
0.346,-0.056,-1.038
0.305,-0.103,-1.009
0.308,-0.123,-0.994
0.317,-0.132,-0.997
0.302,-0.182,-0.994
0.276,-0.229,-0.991
0.205,-0.299,-0.979
0.158,-0.337,-0.994
0.126,-0.346,-1.012
0.059,-0.372,-1.018
0.015,-0.37,-0.997
0.012,-0.346,-0.95
-0.056,-0.361,-1.003
-0.135,-0.326,-0.927
-0.191,-0.296,-0.968
-0.24,-0.296,-1.012
-0.27,-0.24,-0.982
-0.279,-0.176,-0.965
-0.287,-0.132,-0.962
-0.293,-0.073,-0.956
-0.293,-0.044,-0.962
-0.279,0.038,-0.95
-0.279,0.032,-0.988
-0.305,0.038,-0.991
-0.284,0.114,-0.962
-0.255,0.152,-0.979
-0.173,0.24,-0.977
-0.12,0.284,-0.988
-0.059,0.282,-0.997
-0.029,0.267,-0.982
-0.003,0.27,-0.974
0.067,0.252,-0.977
0.126,0.229,-0.977
0.135,0.226,-0.988
0.191,0.205,-1.035
0.243,0.17,-1.041
0.27,0.132,-1.021
0.264,0.044,-0.924
0.284,0.009,-0.968
0.305,0.012,-1.018
0.326,0.026,-1.023
0.326,-0.059,-0.991
0.305,-0.161,-0.994
0.287,-0.185,-0.991
0.261,-0.22,-0.988
0.243,-0.255,-0.988
0.24,-0.27,-0.988
0.226,-0.317,-0.997
0.117,-0.381,-1.041
0.032,-0.396,-0.994
-0.032,-0.381,-0.991
-0.082,-0.355,-0.968
-0.103,-0.352,-0.982
-0.129,-0.296,-0.918
-0.15,-0.346,-1.006
-0.229,-0.284,-1.009
-0.246,-0.226,-0.95
-0.293,-0.185,-0.968
-0.32,-0.147,-0.988
-0.305,-0.097,-0.968
-0.299,-0.029,-0.956
-0.317,-0.012,-0.956
-0.317,0.029,-0.968
-0.293,0.123,-0.965
-0.255,0.144,-0.953
-0.196,0.205,-0.988
-0.17,0.211,-0.982
-0.141,0.226,-0.979
-0.1,0.243,-0.988
-0.07,0.27,-1.021
0.012,0.287,-0.974
0.088,0.267,-0.988
0.126,0.24,-0.965
0.176,0.226,-1.006
0.202,0.191,-1.006
0.205,0.155,-0.941
0.305,0.141,-1.097
0.302,0.053,-1.018
0.29,-0.009,-0.974
0.299,-0.032,-0.991
0.314,-0.07,-0.997
0.299,-0.067,-0.991
0.305,-0.103,-0.997
0.293,-0.182,-1.012
0.261,-0.238,-1.018
0.188,-0.302,-0.997
0.15,-0.32,-0.965
0.147,-0.337,-0.982
0.141,-0.346,-1.023
0.07,-0.375,-1.012
0.044,-0.399,-1.026
-0.032,-0.402,-1.023
-0.126,-0.372,-1.012
-0.17,-0.314,-0.941
-0.214,-0.314,-0.997
-0.255,-0.261,-0.988
-0.27,-0.24,-0.982
-0.29,-0.202,-0.979
-0.314,-0.129,-0.991
-0.32,-0.085,-0.991
-0.314,-0.032,-0.968
-0.293,0.015,-0.977
-0.287,0.044,-0.956
-0.308,0.053,-0.977
-0.287,0.155,-0.965
-0.211,0.226,-0.962
-0.147,0.238,-0.968
-0.135,0.252,-0.982
-0.085,0.258,-0.982
-0.023,0.252,-0.988
-0.009,0.255,-0.988
0.047,0.261,-0.988
0.085,0.273,-1.009
0.161,0.246,-1.018
0.217,0.199,-0.965
0.246,0.152,-0.997
0.317,0.138,-1.065
0.314,0.067,-1.035
0.299,0,-1.003
0.308,-0.038,-0.997
0.334,-0.07,-1.009
0.314,-0.126,-1.006
0.258,-0.217,-0.988
0.214,-0.261,-0.968
0.199,-0.258,-0.988
0.214,-0.267,-0.991
0.158,-0.32,-0.979
0.132,-0.358,-0.979
0.012,-0.384,-0.994
-0.018,-0.358,-0.927
-0.038,-0.355,-0.988
-0.062,-0.358,-0.997
-0.07,-0.387,-1.009
-0.185,-0.331,-1.012
-0.24,-0.284,-0.994
-0.27,-0.261,-0.968
-0.279,-0.226,-0.977
-0.279,-0.17,-0.968
-0.331,-0.117,-0.988
-0.326,-0.155,-1.003
-0.334,-0.082,-0.982
-0.334,0.026,-1.003
-0.302,0.07,-0.974
-0.279,0.123,-0.95
-0.243,0.176,-0.979
-0.199,0.196,-0.979
-0.226,0.176,-0.962
-0.22,0.211,-0.962
-0.158,0.255,-0.956
-0.056,0.287,-0.962
0.041,0.287,-0.997
0.117,0.267,-1.003
0.129,0.24,-0.991
0.147,0.22,-0.982
0.196,0.205,-1.009
0.217,0.123,-0.941
0.276,0.123,-0.994
0.293,0.062,-1.006
0.293,0,-0.991
0.279,-0.053,-0.962
0.279,-0.073,-0.991
0.302,-0.141,-1.012
0.287,-0.188,-0.997
0.22,-0.261,-0.953
0.202,-0.305,-0.988
0.182,-0.305,-0.994
0.147,-0.32,-1.003
0.091,-0.34,-0.991
0.041,-0.37,-1.012
0.009,-0.372,-0.962
-0.062,-0.361,-0.947
-0.106,-0.343,-0.938
-0.129,-0.32,-0.947
-0.211,-0.314,-1.026
-0.229,-0.282,-1.018
-0.24,-0.261,-1.023
-0.264,-0.29,-1.047
-0.305,-0.229,-1.018
-0.328,-0.152,-0.988
-0.355,-0.076,-0.997
-0.349,-0.047,-1.006
-0.317,0,-0.997
-0.317,0.041,-0.95
-0.317,0.076,-0.927
-0.293,0.152,-0.982
-0.24,0.196,-0.988
-0.155,0.238,-0.968
-0.129,0.246,-0.965
-0.117,0.252,-0.968
-0.067,0.27,-0.977
-0.018,0.282,-0.977
0.032,0.302,-0.979
0.114,0.261,-0.962
0.185,0.24,-0.956
0.22,0.196,-0.962
0.249,0.152,-0.953
0.284,0.088,-0.979
0.308,0.062,-1.006
0.302,0.012,-0.979
0.308,-0.041,-0.988
0.299,-0.123,-0.994
0.276,-0.167,-1.009
0.255,-0.173,-0.994
0.24,-0.217,-0.974
0.232,-0.252,-0.977
0.188,-0.317,-0.965
0.117,-0.361,-0.968
0.076,-0.361,-0.977
0.029,-0.358,-0.997
-0.023,-0.361,-0.994
-0.047,-0.361,-0.988
-0.085,-0.372,-1.003
-0.132,-0.367,-0.974
-0.232,-0.34,-1.047
-0.249,-0.258,-0.979
-0.243,-0.232,-0.974
-0.302,-0.229,-1.012
-0.299,-0.161,-0.994
-0.302,-0.141,-0.979
-0.346,-0.038,-1.006
-0.328,-0.038,-0.997
-0.299,-0.003,-0.977
-0.299,0.059,-0.988
-0.293,0.076,-1.006
-0.255,0.144,-0.947
-0.258,0.161,-0.974
-0.243,0.199,-0.979
-0.155,0.246,-0.947
-0.053,0.282,-0.991
-0.015,0.287,-0.988
0.032,0.282,-0.977
0.082,0.261,-0.979
0.1,0.258,-0.953
0.132,0.282,-0.982
0.22,0.238,-0.994
0.284,0.126,-1.003
0.293,0.082,-0.956
0.308,0.038,-0.988
0.308,-0.012,-1.009
0.314,-0.053,-1.006
0.29,-0.111,-0.982
0.308,-0.114,-0.997
0.284,-0.188,-1.009
0.243,-0.22,-0.982
0.217,-0.252,-0.982
0.191,-0.276,-0.994
0.167,-0.302,-0.974
0.106,-0.343,-0.953
0.073,-0.361,-0.965
0.003,-0.361,-0.941
-0.076,-0.355,-0.965
-0.106,-0.346,-0.962
-0.144,-0.302,-0.921
-0.191,-0.326,-1.018
-0.22,-0.287,-0.991
-0.243,-0.217,-0.953
-0.284,-0.199,-0.968
-0.302,-0.173,-0.977
-0.32,-0.076,-0.965
-0.317,-0.026,-0.962
-0.314,0.029,-0.988
-0.302,0.012,-0.988
-0.293,0.041,-1.003
-0.279,0.111,-0.994
-0.258,0.152,-0.965
-0.188,0.199,-0.962
-0.15,0.217,-0.977
-0.12,0.238,-0.982
-0.135,0.255,-0.974
-0.103,0.284,-0.962
0.026,0.296,-0.979
0.117,0.273,-0.965
0.147,0.243,-0.974
0.196,0.214,-0.982
0.199,0.191,-0.947
0.264,0.196,-1.032
0.258,0.123,-0.924
0.302,0.067,-0.95
0.343,-0.015,-1.012
0.326,-0.056,-1.012
0.29,-0.147,-0.977
0.293,-0.132,-0.997
0.29,-0.17,-1.018
0.29,-0.182,-0.994
0.273,-0.232,-0.991
0.182,-0.314,-0.991
0.147,-0.331,-0.968
0.082,-0.355,-0.997
0.023,-0.367,-1.018
0.026,-0.358,-0.979
-0.041,-0.328,-0.927
-0.062,-0.337,-0.912
-0.141,-0.284,-0.877
-0.191,-0.326,-1.009
-0.243,-0.273,-1.009
-0.258,-0.214,-0.979
-0.279,-0.182,-0.974
-0.302,-0.129,-0.968
-0.302,-0.117,-0.953
-0.317,-0.047,-0.965
-0.32,0.026,-0.979
-0.32,0,-1.003
-0.308,0.059,-1.009
-0.29,0.123,-0.953
-0.214,0.182,-0.979
-0.182,0.22,-0.977
-0.111,0.284,-0.991
-0.059,0.273,-0.988
-0.023,0.246,-0.979
-0.029,0.252,-0.965
0.038,0.255,-0.974
0.062,0.261,-0.988
0.091,0.255,-0.947
0.185,0.226,-0.968
0.232,0.182,-0.988
0.317,0.117,-1.041
0.302,0.044,-0.997
0.302,0.009,-0.997
0.326,0.038,-1.018
0.326,-0.003,-0.997
0.32,-0.082,-0.979
0.314,-0.141,-0.988
0.29,-0.211,-1.018
0.261,-0.229,-1.018
0.235,-0.252,-1.009
0.226,-0.273,-1.003
0.161,-0.328,-0.979
0.141,-0.355,-0.994
0.062,-0.375,-1.035
-0.023,-0.387,-1.026
-0.062,-0.37,-0.994
-0.12,-0.346,-1.006
-0.15,-0.296,-0.933
-0.182,-0.299,-0.965
-0.229,-0.27,-0.974
-0.249,-0.217,-0.953
-0.29,-0.161,-0.974
-0.314,-0.117,-0.991
-0.29,-0.07,-0.965
-0.29,-0.029,-0.968
-0.328,-0.023,-0.979
-0.34,-0.029,-1.009
-0.302,0.085,-1.006
-0.24,0.173,-0.956
-0.202,0.185,-0.977
-0.161,0.246,-0.988
-0.132,0.252,-0.991
-0.111,0.255,-0.979
-0.041,0.284,-0.991
0.038,0.296,-0.997
0.126,0.267,-0.988
0.158,0.232,-1.006
0.173,0.205,-0.991
0.196,0.185,-0.988
0.185,0.17,-0.918
0.284,0.173,-1.079
0.32,0.07,-1.062
0.331,0.032,-1.038
0.34,0.018,-1.032
0.349,-0.012,-1.041
0.328,-0.053,-0.988
0.317,-0.103,-0.947
0.349,-0.141,-1.003
0.287,-0.243,-1.012
0.188,-0.302,-0.997
0.17,-0.311,-0.977
0.129,-0.352,-1.003
0.106,-0.361,-1.026
0.088,-0.361,-0.994
0.044,-0.375,-1.012
-0.041,-0.387,-1.021
-0.141,-0.367,-1.021
-0.196,-0.282,-0.918
-0.196,-0.311,-0.988
-0.261,-0.258,-0.997
-0.273,-0.214,-0.982
-0.273,-0.17,-0.941
-0.317,-0.114,-0.965
-0.308,-0.047,-0.974
-0.284,-0.009,-0.962
-0.314,0.029,-0.968
-0.273,0.059,-0.988
-0.273,0.067,-0.933
-0.258,0.144,-0.991
-0.217,0.211,-0.974
-0.129,0.255,-0.977
-0.07,0.273,-0.991
-0.047,0.258,-0.982
0,0.255,-0.979
0,0.252,-0.974
0.053,0.261,-0.962
0.106,0.267,-0.997
0.214,0.217,-1.041
0.226,0.188,-1.023
0.249,0.17,-0.979
0.302,0.088,-0.988
0.328,0.032,-1.023
0.305,-0.003,-0.988
0.305,-0.012,-1.006
0.305,-0.088,-1.026
0.302,-0.114,-1.009
0.258,-0.188,-0.977
0.24,-0.214,-0.974
0.255,-0.214,-1.003
0.27,-0.226,-0.997
0.258,-0.27,-0.994
0.135,-0.361,-1.05
0.073,-0.372,-0.968
-0.012,-0.375,-0.991
-0.026,-0.372,-1.006
-0.038,-0.37,-1.012
-0.067,-0.358,-0.977
-0.12,-0.34,-0.947
-0.176,-0.32,-0.962
-0.261,-0.243,-0.979
-0.308,-0.205,-0.979
-0.32,-0.173,-0.982
-0.328,-0.088,-0.968
-0.32,-0.073,-0.968
-0.317,-0.012,-0.965
-0.317,0.009,-0.974
-0.293,0.07,-0.956
-0.249,0.147,-0.941
-0.246,0.167,-0.977
-0.185,0.205,-0.982
-0.161,0.214,-0.994
-0.114,0.258,-0.991
-0.1,0.261,-0.982
-0.067,0.258,-0.95
0.053,0.255,-0.956
0.088,0.258,-0.982
0.129,0.24,-0.991
0.155,0.226,-0.974
0.214,0.188,-0.997
0.249,0.111,-0.982
0.293,0.085,-1.012
0.305,0.047,-0.988
0.299,-0.018,-0.962
0.29,-0.076,-0.962
0.299,-0.103,-0.994
0.293,-0.188,-1.026
0.255,-0.243,-1.006
0.185,-0.287,-0.956
0.17,-0.311,-0.974
0.161,-0.311,-0.988
0.114,-0.331,-0.994
0.106,-0.331,-0.988
0.059,-0.352,-0.979
0.015,-0.375,-1.032
-0.059,-0.399,-1.026
-0.067,-0.387,-1.003
-0.141,-0.361,-1.023
-0.205,-0.328,-1.047
-0.214,-0.273,-0.977
-0.235,-0.287,-1.006
-0.293,-0.258,-1.018
-0.308,-0.24,-1.009
-0.355,-0.103,-0.997
-0.334,-0.053,-0.991
-0.314,-0.003,-0.968
-0.32,0.047,-1.006
-0.273,0.073,-0.965
-0.27,0.111,-0.921
-0.258,0.155,-0.979
-0.214,0.199,-0.997
-0.155,0.229,-0.965
-0.15,0.229,-0.974
-0.097,0.255,-0.974
-0.056,0.27,-0.982
0.015,0.287,-0.994
0.106,0.27,-0.991
0.15,0.243,-0.982
0.196,0.229,-0.982
0.22,0.182,-0.933
0.287,0.161,-1.035
0.27,0.053,-0.935
0.27,0.038,-0.935
0.308,-0.026,-0.977
0.314,-0.097,-0.988
0.279,-0.152,-0.997
0.27,-0.182,-1.023
0.232,-0.232,-1.012
0.217,-0.24,-0.994
0.217,-0.267,-0.982
0.17,-0.326,-0.974
0.141,-0.343,-0.953
0.044,-0.37,-0.982
-0.018,-0.355,-0.965
-0.047,-0.343,-0.982
-0.026,-0.355,-0.991
-0.082,-0.381,-1.023
-0.158,-0.355,-1.003
-0.249,-0.32,-1.047
-0.27,-0.255,-1.003
-0.229,-0.22,-0.947
-0.29,-0.176,-0.982
-0.284,-0.196,-0.994
-0.305,-0.152,-0.979
-0.355,-0.07,-0.994
-0.358,-0.053,-1.023
-0.305,0.073,-0.974
-0.279,0.114,-0.968
-0.284,0.091,-0.95
-0.279,0.138,-0.968
-0.255,0.176,-0.982
-0.214,0.202,-0.962
-0.17,0.243,-0.938
-0.062,0.284,-0.965
0.023,0.273,-0.977
0.044,0.261,-0.988
0.07,0.27,-1.003
0.1,0.261,-0.979
0.147,0.267,-0.968
0.232,0.214,-0.979
0.314,0.188,-1.023
0.305,0.07,-0.956
0.32,0.023,-0.982
0.334,-0.032,-1.035
0.317,-0.091,-1.018
0.279,-0.152,-0.962
0.273,-0.176,-0.991
0.261,-0.202,-1.006
0.217,-0.24,-1.006
0.182,-0.27,-0.982
0.196,-0.27,-0.977
0.167,-0.311,-1.003
0.082,-0.361,-1.003
0.018,-0.367,-0.903
-0.026,-0.37,-0.947
-0.088,-0.355,-0.941
-0.117,-0.352,-0.962
-0.167,-0.305,-0.912
-0.22,-0.317,-1.009
-0.261,-0.243,-0.997
-0.258,-0.202,-0.965
-0.293,-0.176,-0.968
-0.305,-0.144,-0.988
-0.302,-0.062,-0.974
-0.302,-0.009,-0.979
-0.317,-0.038,-1.009
-0.328,-0.044,-1.012
-0.308,0.056,-0.968
-0.264,0.144,-1.003
-0.226,0.188,-0.977
-0.173,0.232,-0.968
-0.135,0.238,-0.979
-0.117,0.226,-0.974
-0.111,0.252,-0.979
-0.088,0.287,-0.965
-0.009,0.299,-0.968
0.103,0.284,-0.974
0.147,0.258,-0.962
0.205,0.229,-0.997
0.235,0.144,-0.933
0.29,0.152,-1.047
0.287,0.088,-0.991
0.293,0.041,-0.965
0.302,-0.003,-0.956
0.314,-0.085,-0.979
0.302,-0.117,-0.982
0.279,-0.173,-0.997
0.261,-0.211,-0.991
0.24,-0.24,-1.006
0.232,-0.258,-0.991
0.17,-0.317,-1.023
0.111,-0.34,-1.009
0.073,-0.34,-0.968
0.015,-0.343,-0.977
0.009,-0.358,-0.968
-0.047,-0.367,-0.968
-0.135,-0.355,-0.947
-0.185,-0.314,-0.941
-0.202,-0.328,-1.009
-0.255,-0.243,-0.974
-0.264,-0.217,-0.977
-0.308,-0.188,-0.982
-0.314,-0.155,-0.979
-0.32,-0.053,-0.977
-0.308,0.015,-0.974
-0.308,0.023,-0.994
-0.279,0.056,-0.982
-0.249,0.103,-0.982
-0.276,0.088,-0.95
-0.255,0.141,-0.979
-0.205,0.196,-0.979
-0.15,0.232,-0.974
-0.103,0.267,-0.982
-0.053,0.282,-0.979
0,0.282,-0.965
0.018,0.276,-0.956
0.062,0.282,-0.968
0.126,0.284,-0.988
0.188,0.258,-0.988
0.258,0.152,-0.979
0.331,0.117,-1.038
0.343,0.076,-1.062
0.334,0.032,-1.023
0.34,-0.009,-1.009
0.37,-0.029,-1.023
0.32,-0.091,-0.982
0.302,-0.161,-0.968
0.258,-0.229,-0.962
0.264,-0.22,-0.991
0.235,-0.246,-0.997
0.199,-0.287,-1.012
0.167,-0.326,-0.994
0.132,-0.346,-0.994
0.012,-0.381,-1.05
-0.038,-0.375,-1.038
-0.073,-0.361,-1.009
-0.117,-0.32,-0.977
-0.173,-0.302,-0.968
-0.17,-0.314,-0.982
-0.205,-0.24,-0.941
-0.261,-0.185,-0.938
-0.284,-0.147,-0.947
-0.32,-0.085,-0.968
-0.293,-0.053,-0.962
-0.29,-0.012,-0.965
-0.334,-0.032,-0.994
-0.328,0.032,-1.006
-0.293,0.126,-0.927
-0.246,0.182,-0.982
-0.199,0.238,-0.968
-0.117,0.252,-0.979
-0.073,0.243,-0.988
-0.053,0.255,-0.994
-0.059,0.267,-0.994
0.07,0.261,-0.994
0.158,0.24,-1.009
0.167,0.214,-1.012
0.176,0.191,-0.994
0.182,0.199,-0.991
0.24,0.185,-0.997
0.302,0.114,-1.018
0.331,0.029,-1.026
0.334,-0.018,-1.023
0.326,-0.07,-1.012
0.305,-0.091,-1.023
0.326,-0.1,-1.021
0.32,-0.117,-0.994
0.284,-0.196,-0.953
0.243,-0.258,-0.979
0.211,-0.284,-0.965
0.141,-0.337,-0.977
0.106,-0.343,-1.006
0.085,-0.343,-1.012
0.067,-0.367,-0.994
0.029,-0.375,-1.018
-0.053,-0.384,-0.988
-0.129,-0.34,-0.962
-0.199,-0.326,-0.982
-0.243,-0.287,-0.994
-0.276,-0.267,-0.988
-0.302,-0.199,-0.979
-0.302,-0.147,-0.965
-0.308,-0.085,-0.962
-0.314,-0.029,-0.979
-0.29,0.003,-0.979
-0.279,0.044,-0.965
-0.29,0.059,-0.979
-0.264,0.111,-0.938
-0.243,0.158,-1.003
-0.217,0.214,-0.977
-0.135,0.27,-0.979
-0.088,0.276,-0.991
-0.067,0.27,-0.977
-0.026,0.261,-0.968
0.067,0.252,-0.977
0.144,0.232,-0.991
0.144,0.229,-1.018
0.176,0.217,-1.032
0.226,0.167,-0.977
0.276,0.167,-1.05
0.264,0.044,-0.912
0.273,-0.003,-0.935
0.293,-0.009,-0.991
0.317,0,-1.023
0.326,-0.07,-1.023
0.293,-0.191,-1.018
0.235,-0.24,-0.968
0.22,-0.252,-0.979
0.217,-0.258,-0.988
0.246,-0.258,-0.991
0.196,-0.326,-1.038
0.144,-0.355,-0.997
0.032,-0.396,-0.994
-0.026,-0.387,-0.982
-0.082,-0.361,-0.962
-0.106,-0.355,-0.982
-0.117,-0.317,-0.938
-0.158,-0.317,-0.979
-0.22,-0.311,-1.023
-0.27,-0.273,-1.006
-0.299,-0.202,-0.994
-0.293,-0.173,-0.982
-0.328,-0.111,-1.003
-0.326,-0.076,-0.988
-0.302,-0.003,-0.941
-0.299,0.044,-0.95
-0.284,0.111,-0.979
-0.246,0.167,-0.968
-0.205,0.188,-0.974
-0.176,0.199,-0.982
-0.173,0.22,-0.982
-0.129,0.246,-0.991
-0.1,0.273,-0.988
-0.023,0.282,-0.956
0.067,0.267,-0.956
0.103,0.252,-0.962
0.158,0.232,-0.991
0.199,0.199,-0.991
0.211,0.191,-0.991
0.314,0.158,-1.079
0.299,0.047,-0.988
0.302,-0.009,-0.977
0.305,-0.044,-0.997
0.308,-0.085,-1.003
0.279,-0.129,-0.991
0.27,-0.196,-1.018
0.217,-0.261,-1.006
0.199,-0.284,-0.997
0.144,-0.328,-0.979
0.155,-0.314,-0.956
0.111,-0.355,-1.003
0.126,-0.34,-0.968
0.067,-0.375,-0.991
0,-0.402,-0.997
-0.056,-0.402,-0.95
-0.147,-0.375,-0.991
-0.191,-0.337,-0.979
-0.229,-0.331,-1.026
-0.261,-0.258,-0.988
-0.273,-0.24,-0.991
-0.326,-0.205,-1.012
-0.331,-0.132,-0.997
-0.308,-0.088,-0.974
-0.32,-0.012,-0.979
-0.314,0.003,-1.003
-0.308,-0.015,-0.968
-0.302,0.082,-0.968
-0.279,0.123,-0.982
-0.249,0.167,-0.968
-0.191,0.226,-0.974
-0.141,0.246,-0.982
-0.111,0.232,-0.962
-0.07,0.238,-0.962
-0.056,0.267,-0.988
0.026,0.27,-0.977
0.085,0.29,-1.012
0.158,0.255,-0.997
0.205,0.205,-0.974
0.22,0.152,-0.935
0.305,0.152,-1.062
0.32,0.076,-1.047
0.302,0.012,-0.991
0.293,-0.029,-0.962
0.326,-0.076,-0.988
0.314,-0.126,-1.006
0.261,-0.205,-0.988
0.217,-0.258,-0.982
0.217,-0.246,-0.997
0.214,-0.261,-1.003
0.173,-0.305,-0.979
0.111,-0.355,-0.982
0.012,-0.372,-0.968
-0.023,-0.343,-0.927
-0.047,-0.331,-0.953
-0.067,-0.337,-0.974
-0.088,-0.361,-0.991
-0.202,-0.314,-0.979
-0.232,-0.314,-1.035
-0.264,-0.238,-0.982
-0.249,-0.229,-0.977
-0.299,-0.191,-0.982
-0.331,-0.144,-0.997
-0.328,-0.147,-0.991
-0.358,-0.091,-1.006
-0.364,-0.003,-1.026
-0.287,0.091,-0.977
-0.273,0.097,-0.941
-0.261,0.152,-0.997
-0.255,0.155,-0.974
-0.24,0.161,-0.965
-0.202,0.226,-0.962
-0.173,0.267,-0.956
-0.053,0.29,-0.968
0.003,0.29,-0.965
0.097,0.267,-0.982
0.126,0.243,-0.988
0.126,0.252,-0.997
0.173,0.232,-0.974
0.214,0.196,-0.933
0.302,0.138,-1.018
0.326,0.076,-1.038
0.314,0.023,-1.006
0.308,-0.032,-1.009
0.314,-0.047,-1.003
0.284,-0.138,-0.977
0.284,-0.182,-0.982
0.27,-0.205,-1.006
0.226,-0.267,-1.009
0.188,-0.296,-0.997
0.173,-0.299,-0.988
0.114,-0.337,-0.988
0.041,-0.361,-0.991
0.003,-0.355,-0.947
-0.059,-0.355,-0.938
-0.091,-0.346,-0.977
-0.129,-0.326,-0.965
-0.191,-0.296,-0.968
-0.211,-0.287,-1.012
-0.261,-0.282,-1.032
-0.279,-0.276,-1.023
-0.308,-0.205,-0.991
-0.326,-0.152,-0.997
-0.349,-0.1,-0.997
-0.355,-0.026,-1.006
-0.328,-0.044,-0.997
-0.326,0.026,-0.982
-0.328,0.076,-0.977
-0.284,0.147,-0.968
-0.226,0.199,-0.977
-0.147,0.255,-0.979
-0.097,0.267,-0.974
-0.1,0.252,-0.974
-0.082,0.261,-0.968
-0.029,0.284,-0.974
0.018,0.299,-0.968
0.097,0.276,-0.95
0.185,0.24,-0.974
0.24,0.205,-1.003
0.255,0.152,-0.962
0.284,0.126,-0.974
0.317,0.082,-1.006
0.32,0.015,-0.988
0.32,-0.067,-0.994
0.302,-0.117,-0.982
0.302,-0.152,-1.009
0.264,-0.188,-1.006
0.249,-0.176,-0.947
0.258,-0.214,-0.956
0.258,-0.255,-0.979
0.205,-0.314,-1.018
0.106,-0.352,-0.991
0.047,-0.361,-0.982
0.015,-0.358,-1.009
-0.038,-0.361,-0.994
-0.059,-0.355,-0.947
-0.082,-0.326,-0.912
-0.191,-0.311,-0.968
-0.246,-0.276,-0.997
-0.258,-0.238,-1.003
-0.279,-0.214,-0.994
-0.29,-0.155,-0.974
-0.287,-0.106,-0.965
-0.302,-0.015,-0.962
-0.287,-0.023,-0.941
-0.308,0.015,-1.012
-0.29,0.082,-0.991
-0.276,0.076,-0.95
-0.279,0.132,-0.956
-0.255,0.191,-0.979
-0.147,0.258,-0.991
-0.053,0.302,-0.994
-0.018,0.296,-0.997
0.003,0.27,-0.968
0.067,0.252,-0.965
0.062,0.261,-0.956
0.1,0.273,-0.988
0.196,0.232,-0.997
0.229,0.196,-0.956
0.314,0.126,-1.05
0.29,0.047,-0.965
0.305,0.003,-0.968
0.334,0.003,-0.991
0.334,-0.038,-1.009
0.317,-0.114,-0.994
0.305,-0.158,-1.009
0.273,-0.205,-0.982
0.243,-0.243,-0.997
0.202,-0.282,-1.003
0.196,-0.273,-0.988
0.205,-0.287,-0.988
0.161,-0.34,-1.021
0.097,-0.37,-1.038
0.009,-0.375,-1.012
-0.056,-0.355,-0.974
-0.082,-0.355,-1.006
-0.135,-0.299,-0.927
-0.155,-0.305,-0.956
-0.214,-0.299,-0.991
-0.22,-0.258,-0.965
-0.287,-0.188,-0.965
-0.302,-0.147,-0.968
-0.317,-0.091,-0.968
-0.32,-0.023,-0.982
-0.29,0.047,-0.974
-0.293,0.003,-0.965
-0.317,0.047,-0.965
-0.261,0.158,-0.982
-0.188,0.205,-0.977
-0.144,0.229,-0.974
-0.097,0.27,-0.994
-0.088,0.246,-0.997
-0.073,0.246,-0.982
-0.012,0.27,-0.982
0.082,0.267,-0.974
0.135,0.24,-0.994
0.173,0.22,-0.988
0.202,0.196,-0.982
0.22,0.173,-0.979
0.314,0.161,-1.106
0.299,0.07,-1.012
0.32,-0.009,-1.018
0.346,-0.044,-1.023
0.331,-0.073,-1.021
0.287,-0.152,-0.991
0.284,-0.147,-0.982
0.308,-0.141,-1.012
0.284,-0.217,-1.026
0.264,-0.252,-1.009
0.167,-0.34,-1.006
0.114,-0.367,-0.974
0.041,-0.372,-0.965
0.003,-0.358,-0.956
0.041,-0.358,-0.991
-0.018,-0.372,-1.023
-0.106,-0.361,-1.026
-0.185,-0.299,-0.956
-0.217,-0.29,-1.003
-0.229,-0.273,-0.997
-0.264,-0.22,-0.968
-0.249,-0.214,-0.962
-0.299,-0.147,-0.962
-0.299,-0.097,-0.956
-0.314,-0.041,-0.974
-0.308,0.038,-0.95
-0.279,0.073,-0.962
-0.273,0.1,-0.965
-0.29,0.117,-0.979
-0.191,0.22,-0.982
-0.12,0.252,-0.979
-0.12,0.24,-0.982
-0.111,0.232,-0.979
-0.029,0.243,-0.988
-0.012,0.261,-0.977
0.053,0.246,-0.974
0.085,0.252,-0.974
0.144,0.252,-1.018
0.205,0.214,-1.026
0.217,0.161,-0.965
0.314,0.129,-1.059
0.308,0.056,-1.006
0.299,-0.009,-0.977
0.314,-0.018,-0.994
0.328,-0.07,-1.003
0.302,-0.152,-1.006
0.284,-0.185,-0.994
0.235,-0.255,-0.977
0.211,-0.296,-1.003
0.205,-0.284,-0.991
0.182,-0.314,-0.991
0.126,-0.355,-0.997
0.059,-0.387,-0.997
0.003,-0.375,-0.927
-0.056,-0.372,-0.968
-0.073,-0.37,-1.003
-0.126,-0.352,-0.997
-0.167,-0.314,-0.982
-0.191,-0.29,-0.965
-0.249,-0.273,-1.018
-0.293,-0.22,-0.982
-0.287,-0.17,-0.956
-0.299,-0.123,-0.965
-0.308,-0.085,-0.988
-0.305,-0.073,-0.979
-0.331,-0.023,-0.95
-0.32,0.015,-0.956
-0.273,0.147,-0.941
-0.226,0.191,-0.982
-0.199,0.202,-0.991
-0.167,0.22,-0.982
-0.15,0.226,-0.968
-0.135,0.243,-0.979
-0.103,0.276,-0.979
0.029,0.29,-0.974
0.097,0.267,-0.974
0.141,0.24,-0.979
0.167,0.214,-0.988
0.182,0.196,-0.979
0.205,0.111,-0.965
0.305,0.111,-1.082
0.302,0.044,-1.041
0.29,-0.026,-0.991
0.276,-0.056,-0.956
0.317,-0.047,-0.988
0.299,-0.141,-1.021
0.284,-0.173,-1.018
0.226,-0.258,-0.974
0.205,-0.302,-1.006
0.161,-0.337,-0.991
0.144,-0.337,-0.991
0.085,-0.358,-0.997
0.114,-0.34,-0.947
0.056,-0.381,-1.035
-0.012,-0.411,-1.032
-0.067,-0.413,-1.023
-0.185,-0.367,-1.012
-0.214,-0.32,-1.009
-0.22,-0.29,-0.991
-0.255,-0.261,-0.994
-0.284,-0.255,-1.012
-0.302,-0.185,-0.997
-0.328,-0.144,-0.997
-0.331,-0.073,-0.991
-0.314,-0.012,-0.974
-0.308,-0.015,-0.994
-0.293,0.073,-0.974
-0.287,0.085,-0.938
-0.276,0.129,-0.979
-0.24,0.188,-0.974
-0.188,0.226,-0.988
-0.12,0.252,-0.962
-0.085,0.246,-0.968
-0.056,0.255,-0.974
-0.015,0.27,-0.991
0.056,0.284,-0.997
0.12,0.276,-1.009
0.176,0.24,-0.977
0.211,0.211,-0.965
0.264,0.182,-0.965
0.302,0.103,-0.988
0.326,0.029,-0.994
0.308,-0.012,-0.997
0.302,-0.047,-0.997
0.305,-0.1,-0.997
0.29,-0.158,-1.012
0.246,-0.205,-0.997
0.202,-0.226,-0.953
0.214,-0.238,-0.965
0.229,-0.255,-0.988
0.17,-0.314,-0.968
0.082,-0.358,-0.927
-0.003,-0.381,-0.968
-0.015,-0.352,-0.941
-0.056,-0.355,-0.982
-0.076,-0.367,-0.979
-0.126,-0.361,-0.994
-0.214,-0.358,-1.035
-0.255,-0.296,-0.982
-0.255,-0.261,-0.974
-0.314,-0.205,-0.991
-0.305,-0.147,-0.982
-0.317,-0.091,-0.982
-0.346,-0.091,-1.003
-0.334,-0.038,-0.991
-0.326,0.015,-0.991
-0.308,0.073,-0.997
-0.249,0.144,-0.965
-0.232,0.147,-0.965
-0.22,0.173,-0.979
-0.235,0.191,-0.965
-0.188,0.226,-0.956
-0.1,0.273,-0.977
-0.026,0.299,-0.988
0.067,0.276,-0.991
0.091,0.255,-0.979
0.12,0.226,-0.965
0.126,0.261,-0.994
0.17,0.232,-0.962
0.246,0.185,-0.924
0.276,0.117,-0.947
0.308,0.059,-0.994
0.314,-0.003,-0.997
0.302,-0.041,-0.994
0.302,-0.085,-0.979
0.314,-0.144,-1.006
0.287,-0.188,-1.003
0.232,-0.243,-0.982
0.199,-0.267,-0.982
0.176,-0.284,-0.977
0.141,-0.302,-0.962
0.088,-0.337,-0.991
0.032,-0.346,-0.953
0.018,-0.358,-0.927
-0.07,-0.352,-0.933
-0.12,-0.346,-0.933
-0.147,-0.32,-0.924
-0.22,-0.331,-1.032
-0.24,-0.284,-1.035
-0.243,-0.252,-0.982
-0.302,-0.199,-0.977
-0.284,-0.196,-0.968
-0.343,-0.1,-0.982
-0.34,-0.032,-0.988
-0.305,-0.018,-0.982
-0.334,-0.012,-1.006
-0.328,0.062,-0.982
-0.249,0.132,-0.979
-0.258,0.158,-0.956
-0.214,0.229,-0.982
-0.132,0.246,-0.979
-0.088,0.232,-0.977
-0.097,0.258,-0.962
-0.082,0.276,-0.977
0.009,0.287,-0.977
0.062,0.284,-0.941
0.161,0.246,-0.968
0.22,0.205,-1.006
0.24,0.158,-0.991
0.299,0.144,-1.05
0.27,0.076,-0.956
0.287,0.044,-0.968
0.317,-0.003,-0.997
0.32,-0.044,-1.009
0.287,-0.106,-0.979
0.29,-0.141,-0.994
0.29,-0.167,-1.012
0.284,-0.185,-0.991
0.261,-0.229,-0.977
0.235,-0.284,-0.991
0.167,-0.34,-0.997
0.076,-0.37,-1.009
-0.009,-0.372,-1.009
-0.032,-0.355,-0.991
-0.041,-0.346,-0.991
-0.111,-0.328,-0.953
-0.132,-0.328,-0.941
-0.205,-0.328,-1.012
-0.205,-0.246,-0.95
-0.24,-0.211,-0.962
-0.279,-0.173,-0.979
-0.279,-0.176,-0.956
-0.308,-0.091,-0.956
-0.331,-0.029,-0.968
-0.32,0.009,-0.956
-0.326,0.026,-0.988
-0.287,0.106,-0.997
-0.246,0.147,-0.974
-0.249,0.152,-0.962
-0.235,0.202,-0.968
-0.141,0.258,-0.982
-0.047,0.29,-0.997
-0.009,0.284,-0.997
0.032,0.27,-0.968
0.062,0.246,-0.965
0.067,0.246,-0.953
0.106,0.267,-0.988
0.191,0.243,-1.006
0.232,0.182,-0.968
0.317,0.147,-1.082
0.328,0.059,-1.023
0.326,0.003,-1.018
0.326,-0.044,-1.012
0.343,-0.029,-1.006
0.308,-0.097,-0.979
0.29,-0.155,-0.979
0.273,-0.191,-0.979
0.261,-0.205,-0.994
0.232,-0.238,-1.003
0.217,-0.267,-1.009
0.185,-0.314,-1.006
0.158,-0.343,-0.974
0.073,-0.372,-1.012
-0.003,-0.384,-1.006
-0.067,-0.37,-1.009
-0.111,-0.367,-1.003
-0.185,-0.302,-0.95
-0.205,-0.276,-0.956
-0.258,-0.246,-0.991
-0.258,-0.22,-0.974
-0.276,-0.158,-0.956
-0.305,-0.126,-0.979
-0.314,-0.062,-0.977
-0.284,-0.015,-0.962
-0.287,0.015,-0.953
-0.302,0.009,-0.997
-0.328,0.026,-1.009
-0.284,0.147,-0.953
-0.188,0.217,-0.968
-0.147,0.24,-0.982
-0.103,0.258,-0.994
-0.091,0.252,-0.982
-0.07,0.255,-0.977
-0.032,0.29,-0.965
0.091,0.29,-0.997
0.167,0.27,-1.032
0.191,0.217,-0.991
0.199,0.188,-0.95
0.24,0.111,-0.95
0.317,0.141,-1.088
0.32,0.076,-1.067
0.32,0.026,-1.047
0.34,-0.018,-1.012
0.355,-0.056,-1.018
0.305,-0.126,-1.003
0.284,-0.158,-0.968
0.287,-0.182,-0.977
0.279,-0.226,-1.012
0.232,-0.273,-1.006
0.161,-0.326,-0.997
0.091,-0.361,-0.994
0.073,-0.346,-0.979
0.059,-0.358,-1.006
0.026,-0.372,-0.979
-0.009,-0.384,-0.991
-0.097,-0.37,-0.991
-0.199,-0.287,-0.938
-0.229,-0.305,-1.006
-0.284,-0.273,-1.009
-0.273,-0.229,-0.982
-0.287,-0.185,-0.968
-0.34,-0.138,-0.991
-0.326,-0.059,-0.982
-0.299,0.038,-0.962
-0.287,0.047,-0.982
-0.29,0.026,-0.982
-0.264,0.117,-0.941
-0.243,0.138,-0.991
