timestamp,vectormagnitude
2018-06-14 11:27:00,0
2018-06-14 11:27:05,0
2018-06-14 11:27:10,0
2018-06-14 11:27:15,0
2018-06-14 11:27:20,0
2018-06-14 11:27:25,0
2018-06-14 11:27:30,0
2018-06-14 11:27:35,0
2018-06-14 11:27:40,0
2018-06-14 11:27:45,0
2018-06-14 11:27:50,0
2018-06-14 11:27:55,0
2018-06-14 11:28:00,0
2018-06-14 11:28:05,0
2018-06-14 11:28:10,0
2018-06-14 11:28:15,0
2018-06-14 11:28:20,0
2018-06-14 11:28:25,0
2018-06-14 11:28:30,0
2018-06-14 11:28:35,0
2018-06-14 11:28:40,0
2018-06-14 11:28:45,0
2018-06-14 11:28:50,0
2018-06-14 11:28:55,0
2018-06-14 11:29:00,0
2018-06-14 11:29:05,0
2018-06-14 11:29:10,0
2018-06-14 11:29:15,0
2018-06-14 11:29:20,0
2018-06-14 11:29:25,0
2018-06-14 11:29:30,0
2018-06-14 11:29:35,0
2018-06-14 11:29:40,0
2018-06-14 11:29:45,0
2018-06-14 11:29:50,0
2018-06-14 11:29:55,0
2018-06-14 11:30:00,0
2018-06-14 11:30:05,0
2018-06-14 11:30:10,0
2018-06-14 11:30:15,0
2018-06-14 11:30:20,0
2018-06-14 11:30:25,0
2018-06-14 11:30:30,0
2018-06-14 11:30:35,0
2018-06-14 11:30:40,0
2018-06-14 11:30:45,0
2018-06-14 11:30:50,0
2018-06-14 11:30:55,0
2018-06-14 11:31:00,0
2018-06-14 11:31:05,0
2018-06-14 11:31:10,0
2018-06-14 11:31:15,0
2018-06-14 11:31:20,0
2018-06-14 11:31:25,0
2018-06-14 11:31:30,0
2018-06-14 11:31:35,0
2018-06-14 11:31:40,0
2018-06-14 11:31:45,0
2018-06-14 11:31:50,0
2018-06-14 11:31:55,0
2018-06-14 11:32:00,0
2018-06-14 11:32:05,0
2018-06-14 11:32:10,0
2018-06-14 11:32:15,0
2018-06-14 11:32:20,0
2018-06-14 11:32:25,0
2018-06-14 11:32:30,0
2018-06-14 11:32:35,0
2018-06-14 11:32:40,0
2018-06-14 11:32:45,0
2018-06-14 11:32:50,0
2018-06-14 11:32:55,0
2018-06-14 11:33:00,0
2018-06-14 11:33:05,0
2018-06-14 11:33:10,0
2018-06-14 11:33:15,0
2018-06-14 11:33:20,0
2018-06-14 11:33:25,0
2018-06-14 11:33:30,0
2018-06-14 11:33:35,0
2018-06-14 11:33:40,0
2018-06-14 11:33:45,0
2018-06-14 11:33:50,0
2018-06-14 11:33:55,0
2018-06-14 11:34:00,0
2018-06-14 11:34:05,0
2018-06-14 11:34:10,0
2018-06-14 11:34:15,0
2018-06-14 11:34:20,0
2018-06-14 11:34:25,0
2018-06-14 11:34:30,0
2018-06-14 11:34:35,0
2018-06-14 11:34:40,0
2018-06-14 11:34:45,0
2018-06-14 11:34:50,0
2018-06-14 11:34:55,0
2018-06-14 11:35:00,0
2018-06-14 11:35:05,0
2018-06-14 11:35:10,0
2018-06-14 11:35:15,0
2018-06-14 11:35:20,0
2018-06-14 11:35:25,0
2018-06-14 11:35:30,0
2018-06-14 11:35:35,0
2018-06-14 11:35:40,0
2018-06-14 11:35:45,0
2018-06-14 11:35:50,0
2018-06-14 11:35:55,0
2018-06-14 11:36:00,0
2018-06-14 11:36:05,0
2018-06-14 11:36:10,0
2018-06-14 11:36:15,0
2018-06-14 11:36:20,0
2018-06-14 11:36:25,0
2018-06-14 11:36:30,0
2018-06-14 11:36:35,0
2018-06-14 11:36:40,0
2018-06-14 11:36:45,0
2018-06-14 11:36:50,0
2018-06-14 11:36:55,0
2018-06-14 11:37:00,0
2018-06-14 11:37:05,0
2018-06-14 11:37:10,0
2018-06-14 11:37:15,0
2018-06-14 11:37:20,0
2018-06-14 11:37:25,0
2018-06-14 11:37:30,0
2018-06-14 11:37:35,0
2018-06-14 11:37:40,0
2018-06-14 11:37:45,0
2018-06-14 11:37:50,0
2018-06-14 11:37:55,0
2018-06-14 11:38:00,0
2018-06-14 11:38:05,0
2018-06-14 11:38:10,0
2018-06-14 11:38:15,0
2018-06-14 11:38:20,0
2018-06-14 11:38:25,0
2018-06-14 11:38:30,0
2018-06-14 11:38:35,0
2018-06-14 11:38:40,0
2018-06-14 11:38:45,0
2018-06-14 11:38:50,0
2018-06-14 11:38:55,0
2018-06-14 11:39:00,0
2018-06-14 11:39:05,0
2018-06-14 11:39:10,0
2018-06-14 11:39:15,0
2018-06-14 11:39:20,0
2018-06-14 11:39:25,0
2018-06-14 11:39:30,0
2018-06-14 11:39:35,0
2018-06-14 11:39:40,0
2018-06-14 11:39:45,0
2018-06-14 11:39:50,0
2018-06-14 11:39:55,0
2018-06-14 11:40:00,0
2018-06-14 11:40:05,0
2018-06-14 11:40:10,0
2018-06-14 11:40:15,0
2018-06-14 11:40:20,0
2018-06-14 11:40:25,0
2018-06-14 11:40:30,0
2018-06-14 11:40:35,0
2018-06-14 11:40:40,0
2018-06-14 11:40:45,0
2018-06-14 11:40:50,0
2018-06-14 11:40:55,0
2018-06-14 11:41:00,0
2018-06-14 11:41:05,0
2018-06-14 11:41:10,0
2018-06-14 11:41:15,0
2018-06-14 11:41:20,0
2018-06-14 11:41:25,0
2018-06-14 11:41:30,0
2018-06-14 11:41:35,0
2018-06-14 11:41:40,0
2018-06-14 11:41:45,0
2018-06-14 11:41:50,0
2018-06-14 11:41:55,0
2018-06-14 11:42:00,0
2018-06-14 11:42:05,0
2018-06-14 11:42:10,0
2018-06-14 11:42:15,0
2018-06-14 11:42:20,0
2018-06-14 11:42:25,0
2018-06-14 11:42:30,0
2018-06-14 11:42:35,0
2018-06-14 11:42:40,0
2018-06-14 11:42:45,0
2018-06-14 11:42:50,0
2018-06-14 11:42:55,0
2018-06-14 11:43:00,0
2018-06-14 11:43:05,0
2018-06-14 11:43:10,33
2018-06-14 11:43:15,0
2018-06-14 11:43:20,0
2018-06-14 11:43:25,0
2018-06-14 11:43:30,0
2018-06-14 11:43:35,0
2018-06-14 11:43:40,0
2018-06-14 11:43:45,0
2018-06-14 11:43:50,0
2018-06-14 11:43:55,0
2018-06-14 11:44:00,0
2018-06-14 11:44:05,0
2018-06-14 11:44:10,0
2018-06-14 11:44:15,0
2018-06-14 11:44:20,0
2018-06-14 11:44:25,0
2018-06-14 11:44:30,0
2018-06-14 11:44:35,0
2018-06-14 11:44:40,0
2018-06-14 11:44:45,0
2018-06-14 11:44:50,0
2018-06-14 11:44:55,0
2018-06-14 11:45:00,0
2018-06-14 11:45:05,0
2018-06-14 11:45:10,0
2018-06-14 11:45:15,0
2018-06-14 11:45:20,0
2018-06-14 11:45:25,0
2018-06-14 11:45:30,0
2018-06-14 11:45:35,0
2018-06-14 11:45:40,0
2018-06-14 11:45:45,0
2018-06-14 11:45:50,0
2018-06-14 11:45:55,0
2018-06-14 11:46:00,0
2018-06-14 11:46:05,0
2018-06-14 11:46:10,0
2018-06-14 11:46:15,0
2018-06-14 11:46:20,8
2018-06-14 11:46:25,0
2018-06-14 11:46:30,0
2018-06-14 11:46:35,0
2018-06-14 11:46:40,0
2018-06-14 11:46:45,0
2018-06-14 11:46:50,0
2018-06-14 11:46:55,0
2018-06-14 11:47:00,0
2018-06-14 11:47:05,0
2018-06-14 11:47:10,0
2018-06-14 11:47:15,0
2018-06-14 11:47:20,9.49
2018-06-14 11:47:25,780.44
2018-06-14 11:47:30,930.86
2018-06-14 11:47:35,0
2018-06-14 11:47:40,0
2018-06-14 11:47:45,0
2018-06-14 11:47:50,0
2018-06-14 11:47:55,0
2018-06-14 11:48:00,0
2018-06-14 11:48:05,0
2018-06-14 11:48:10,0
2018-06-14 11:48:15,0
2018-06-14 11:48:20,0
2018-06-14 11:48:25,0
2018-06-14 11:48:30,0
2018-06-14 11:48:35,0
2018-06-14 11:48:40,0
2018-06-14 11:48:45,0
2018-06-14 11:48:50,0
2018-06-14 11:48:55,0
2018-06-14 11:49:00,0
2018-06-14 11:49:05,0
2018-06-14 11:49:10,0
2018-06-14 11:49:15,0
2018-06-14 11:49:20,0
2018-06-14 11:49:25,0
2018-06-14 11:49:30,0
2018-06-14 11:49:35,0
2018-06-14 11:49:40,0
2018-06-14 11:49:45,0
2018-06-14 11:49:50,0
2018-06-14 11:49:55,0
2018-06-14 11:50:00,0
2018-06-14 11:50:05,0
2018-06-14 11:50:10,0
2018-06-14 11:50:15,0
2018-06-14 11:50:20,0
2018-06-14 11:50:25,0
2018-06-14 11:50:30,0
2018-06-14 11:50:35,0
2018-06-14 11:50:40,0
2018-06-14 11:50:45,0
2018-06-14 11:50:50,0
2018-06-14 11:50:55,0
2018-06-14 11:51:00,0
2018-06-14 11:51:05,0
2018-06-14 11:51:10,0
2018-06-14 11:51:15,0
2018-06-14 11:51:20,0
2018-06-14 11:51:25,0
2018-06-14 11:51:30,0
2018-06-14 11:51:35,0
2018-06-14 11:51:40,0
2018-06-14 11:51:45,0
2018-06-14 11:51:50,0
2018-06-14 11:51:55,0
2018-06-14 11:52:00,0
2018-06-14 11:52:05,0
2018-06-14 11:52:10,0
2018-06-14 11:52:15,0
2018-06-14 11:52:20,0
2018-06-14 11:52:25,0
2018-06-14 11:52:30,0
2018-06-14 11:52:35,0
2018-06-14 11:52:40,0
2018-06-14 11:52:45,0
2018-06-14 11:52:50,0
2018-06-14 11:52:55,0
2018-06-14 11:53:00,0
2018-06-14 11:53:05,0
2018-06-14 11:53:10,0
2018-06-14 11:53:15,0
2018-06-14 11:53:20,0
2018-06-14 11:53:25,0
2018-06-14 11:53:30,0
2018-06-14 11:53:35,0
2018-06-14 11:53:40,0
2018-06-14 11:53:45,0
2018-06-14 11:53:50,0
2018-06-14 11:53:55,0
2018-06-14 11:54:00,0
2018-06-14 11:54:05,0
2018-06-14 11:54:10,0
2018-06-14 11:54:15,0
2018-06-14 11:54:20,0
2018-06-14 11:54:25,0
2018-06-14 11:54:30,0
2018-06-14 11:54:35,0
2018-06-14 11:54:40,0
2018-06-14 11:54:45,0
2018-06-14 11:54:50,0
2018-06-14 11:54:55,0
2018-06-14 11:55:00,0
2018-06-14 11:55:05,0
2018-06-14 11:55:10,0
2018-06-14 11:55:15,0
2018-06-14 11:55:20,0
2018-06-14 11:55:25,0
2018-06-14 11:55:30,0
2018-06-14 11:55:35,0
2018-06-14 11:55:40,0
2018-06-14 11:55:45,0
2018-06-14 11:55:50,0
2018-06-14 11:55:55,0
2018-06-14 11:56:00,0
2018-06-14 11:56:05,0
2018-06-14 11:56:10,0
2018-06-14 11:56:15,0
2018-06-14 11:56:20,0
2018-06-14 11:56:25,0
2018-06-14 11:56:30,0
2018-06-14 11:56:35,0
2018-06-14 11:56:40,0
2018-06-14 11:56:45,0
2018-06-14 11:56:50,0
2018-06-14 11:56:55,0
2018-06-14 11:57:00,0
2018-06-14 11:57:05,0
2018-06-14 11:57:10,0
2018-06-14 11:57:15,0
2018-06-14 11:57:20,0
2018-06-14 11:57:25,0
2018-06-14 11:57:30,0
2018-06-14 11:57:35,0
2018-06-14 11:57:40,0
2018-06-14 11:57:45,0
2018-06-14 11:57:50,0
2018-06-14 11:57:55,0
2018-06-14 11:58:00,0
2018-06-14 11:58:05,0
2018-06-14 11:58:10,0
2018-06-14 11:58:15,0
2018-06-14 11:58:20,0
2018-06-14 11:58:25,0
2018-06-14 11:58:30,0
2018-06-14 11:58:35,0
2018-06-14 11:58:40,0
2018-06-14 11:58:45,0
2018-06-14 11:58:50,0
2018-06-14 11:58:55,0
2018-06-14 11:59:00,0
2018-06-14 11:59:05,0
2018-06-14 11:59:10,0
2018-06-14 11:59:15,0
2018-06-14 11:59:20,0
2018-06-14 11:59:25,0
2018-06-14 11:59:30,0
2018-06-14 11:59:35,0
2018-06-14 11:59:40,0
2018-06-14 11:59:45,0
2018-06-14 11:59:50,0
2018-06-14 11:59:55,0
2018-06-14 12:00:00,0
2018-06-14 12:00:05,0
2018-06-14 12:00:10,0
2018-06-14 12:00:15,0
2018-06-14 12:00:20,0
2018-06-14 12:00:25,0
2018-06-14 12:00:30,0
2018-06-14 12:00:35,0
2018-06-14 12:00:40,0
2018-06-14 12:00:45,0
2018-06-14 12:00:50,0
2018-06-14 12:00:55,0
2018-06-14 12:01:00,0
2018-06-14 12:01:05,0
2018-06-14 12:01:10,0
2018-06-14 12:01:15,0
2018-06-14 12:01:20,0
2018-06-14 12:01:25,0
2018-06-14 12:01:30,0
2018-06-14 12:01:35,0
2018-06-14 12:01:40,0
2018-06-14 12:01:45,0
2018-06-14 12:01:50,0
2018-06-14 12:01:55,0
2018-06-14 12:02:00,0
2018-06-14 12:02:05,0
2018-06-14 12:02:10,0
2018-06-14 12:02:15,0
2018-06-14 12:02:20,0
2018-06-14 12:02:25,0
2018-06-14 12:02:30,0
2018-06-14 12:02:35,0
2018-06-14 12:02:40,0
2018-06-14 12:02:45,0
2018-06-14 12:02:50,0
2018-06-14 12:02:55,0
2018-06-14 12:03:00,0
2018-06-14 12:03:05,0
2018-06-14 12:03:10,0
2018-06-14 12:03:15,0
2018-06-14 12:03:20,0
2018-06-14 12:03:25,0
2018-06-14 12:03:30,0
2018-06-14 12:03:35,0
2018-06-14 12:03:40,0
2018-06-14 12:03:45,0
2018-06-14 12:03:50,0
2018-06-14 12:03:55,0
2018-06-14 12:04:00,0
2018-06-14 12:04:05,0
2018-06-14 12:04:10,0
2018-06-14 12:04:15,0
2018-06-14 12:04:20,0
2018-06-14 12:04:25,0
2018-06-14 12:04:30,0
2018-06-14 12:04:35,0
2018-06-14 12:04:40,0
2018-06-14 12:04:45,0
2018-06-14 12:04:50,0
2018-06-14 12:04:55,0
2018-06-14 12:05:00,0
2018-06-14 12:05:05,0
2018-06-14 12:05:10,0
2018-06-14 12:05:15,0
2018-06-14 12:05:20,0
2018-06-14 12:05:25,0
2018-06-14 12:05:30,0
2018-06-14 12:05:35,0
2018-06-14 12:05:40,0
2018-06-14 12:05:45,0
2018-06-14 12:05:50,0
2018-06-14 12:05:55,0
2018-06-14 12:06:00,0
2018-06-14 12:06:05,0
2018-06-14 12:06:10,0
2018-06-14 12:06:15,0
2018-06-14 12:06:20,0
2018-06-14 12:06:25,0
2018-06-14 12:06:30,0
2018-06-14 12:06:35,0
2018-06-14 12:06:40,0
2018-06-14 12:06:45,0
2018-06-14 12:06:50,0
2018-06-14 12:06:55,0
2018-06-14 12:07:00,0
2018-06-14 12:07:05,0
2018-06-14 12:07:10,0
2018-06-14 12:07:15,0
2018-06-14 12:07:20,0
2018-06-14 12:07:25,0
2018-06-14 12:07:30,0
2018-06-14 12:07:35,0
2018-06-14 12:07:40,0
2018-06-14 12:07:45,0
2018-06-14 12:07:50,0
2018-06-14 12:07:55,0
2018-06-14 12:08:00,0
2018-06-14 12:08:05,0
2018-06-14 12:08:10,0
2018-06-14 12:08:15,0
2018-06-14 12:08:20,0
2018-06-14 12:08:25,0
2018-06-14 12:08:30,0
2018-06-14 12:08:35,0
2018-06-14 12:08:40,2
2018-06-14 12:08:45,0
2018-06-14 12:08:50,0
2018-06-14 12:08:55,180.35
2018-06-14 12:09:00,733.35
2018-06-14 12:09:05,749.6
2018-06-14 12:09:10,743.88
2018-06-14 12:09:15,746
2018-06-14 12:09:20,741.76
2018-06-14 12:09:25,750.26
2018-06-14 12:09:30,748.17
2018-06-14 12:09:35,745.29
2018-06-14 12:09:40,744.66
2018-06-14 12:09:45,736.84
2018-06-14 12:09:50,747.45
2018-06-14 12:09:55,750.95
2018-06-14 12:10:00,744.59
2018-06-14 12:10:05,741.77
2018-06-14 12:10:10,739.7
2018-06-14 12:10:15,739.64
2018-06-14 12:10:20,746.17
2018-06-14 12:10:25,744.59
2018-06-14 12:10:30,746.75
2018-06-14 12:10:35,744.59
2018-06-14 12:10:40,742.63
2018-06-14 12:10:45,743.91
2018-06-14 12:10:50,738.98
2018-06-14 12:10:55,743.29
2018-06-14 12:11:00,748.12
2018-06-14 12:11:05,738.97
2018-06-14 12:11:10,743.94
2018-06-14 12:11:15,739.68
2018-06-14 12:11:20,743.88
2018-06-14 12:11:25,743.19
2018-06-14 12:11:30,747.44
2018-06-14 12:11:35,738.94
2018-06-14 12:11:40,739.64
2018-06-14 12:11:45,750.25
2018-06-14 12:11:50,737.55
2018-06-14 12:11:55,767.92
2018-06-14 12:12:00,1342.13
2018-06-14 12:12:05,1743.75
2018-06-14 12:12:10,1747.97
2018-06-14 12:12:15,1749.39
2018-06-14 12:12:20,1747.99
2018-06-14 12:12:25,1748.68
2018-06-14 12:12:30,1751.5
2018-06-14 12:12:35,1747.28
2018-06-14 12:12:40,1740.9
2018-06-14 12:12:45,1735.24
2018-06-14 12:12:50,1742.36
2018-06-14 12:12:55,1740.22
2018-06-14 12:13:00,1745.94
2018-06-14 12:13:05,1752.22
2018-06-14 12:13:10,1748.74
2018-06-14 12:13:15,1740.23
2018-06-14 12:13:20,1739.52
2018-06-14 12:13:25,1738.07
2018-06-14 12:13:30,1731.04
2018-06-14 12:13:35,1739.53
2018-06-14 12:13:40,1734.62
2018-06-14 12:13:45,1745.24
2018-06-14 12:13:50,1747.99
2018-06-14 12:13:55,1748
2018-06-14 12:14:00,1753.66
2018-06-14 12:14:05,1747.26
2018-06-14 12:14:10,1751.51
2018-06-14 12:14:15,1751.5
2018-06-14 12:14:20,1750.8
2018-06-14 12:14:25,1751.52
2018-06-14 12:14:30,1747.26
2018-06-14 12:14:35,1747.27
2018-06-14 12:14:40,1748
2018-06-14 12:14:45,1747.97
2018-06-14 12:14:50,1750.83
2018-06-14 12:14:55,1753.65
2018-06-14 12:15:00,1823.24
2018-06-14 12:15:05,1751.07
2018-06-14 12:15:10,1753.46
2018-06-14 12:15:15,1762.97
2018-06-14 12:15:20,1747.95
2018-06-14 12:15:25,1756.36
2018-06-14 12:15:30,1748.83
2018-06-14 12:15:35,1744.04
2018-06-14 12:15:40,1751.1
2018-06-14 12:15:45,1752.17
2018-06-14 12:15:50,1741.93
2018-06-14 12:15:55,1743.09
2018-06-14 12:16:00,1742.46
2018-06-14 12:16:05,1745.8
2018-06-14 12:16:10,1764.11
2018-06-14 12:16:15,1750.7
2018-06-14 12:16:20,1757.42
2018-06-14 12:16:25,1752.62
2018-06-14 12:16:30,1755.5
2018-06-14 12:16:35,1750.31
2018-06-14 12:16:40,1759.01
2018-06-14 12:16:45,1743.29
2018-06-14 12:16:50,1753.73
2018-06-14 12:16:55,1755.19
2018-06-14 12:17:00,1757.05
2018-06-14 12:17:05,1754.53
2018-06-14 12:17:10,1761.97
2018-06-14 12:17:15,1741.54
2018-06-14 12:17:20,1745.09
2018-06-14 12:17:25,1755.58
2018-06-14 12:17:30,1755.21
2018-06-14 12:17:35,1750.05
2018-06-14 12:17:40,1752.83
2018-06-14 12:17:45,1750
2018-06-14 12:17:50,1752.16
2018-06-14 12:17:55,1744.28
2018-06-14 12:18:00,1608.79
2018-06-14 12:18:05,1414.95
2018-06-14 12:18:10,1382.4
2018-06-14 12:18:15,1381.7
2018-06-14 12:18:20,1382.4
2018-06-14 12:18:25,1367.65
2018-06-14 12:18:30,1368.33
2018-06-14 12:18:35,1369.82
2018-06-14 12:18:40,1376.78
2018-06-14 12:18:45,1374.7
2018-06-14 12:18:50,1365.54
2018-06-14 12:18:55,1370.47
2018-06-14 12:19:00,1360.04
2018-06-14 12:19:05,1367.73
2018-06-14 12:19:10,1367.76
2018-06-14 12:19:15,1373.96
2018-06-14 12:19:20,1369.22
2018-06-14 12:19:25,1369.96
2018-06-14 12:19:30,1379.68
2018-06-14 12:19:35,1379.04
2018-06-14 12:19:40,1371.21
2018-06-14 12:19:45,1368.38
2018-06-14 12:19:50,1372.57
2018-06-14 12:19:55,1378.88
2018-06-14 12:20:00,1376.04
2018-06-14 12:20:05,1373.21
2018-06-14 12:20:10,1364.09
2018-06-14 12:20:15,1366.93
2018-06-14 12:20:20,1370.39
2018-06-14 12:20:25,1374.62
2018-06-14 12:20:30,1368.28
2018-06-14 12:20:35,1369.72
2018-06-14 12:20:40,1371.11
2018-06-14 12:20:45,1371.14
2018-06-14 12:20:50,1368.64
2018-06-14 12:20:55,1363.7
2018-06-14 12:21:00,1211.24
2018-06-14 12:21:05,968.65
2018-06-14 12:21:10,903.56
2018-06-14 12:21:15,935.95
2018-06-14 12:21:20,951.3
2018-06-14 12:21:25,980.7
2018-06-14 12:21:30,989.93
2018-06-14 12:21:35,931.64
2018-06-14 12:21:40,934.89
2018-06-14 12:21:45,961.6
2018-06-14 12:21:50,940.83
2018-06-14 12:21:55,961.7
2018-06-14 12:22:00,932.86
2018-06-14 12:22:05,959.69
2018-06-14 12:22:10,955.27
2018-06-14 12:22:15,902.22
2018-06-14 12:22:20,947.33
2018-06-14 12:22:25,940.99
2018-06-14 12:22:30,913.4
2018-06-14 12:22:35,958.06
2018-06-14 12:22:40,927.79
2018-06-14 12:22:45,914.58
2018-06-14 12:22:50,951.02
2018-06-14 12:22:55,914.93
2018-06-14 12:23:00,946.65
2018-06-14 12:23:05,958.48
2018-06-14 12:23:10,971.5
2018-06-14 12:23:15,914.99
2018-06-14 12:23:20,1005.08
2018-06-14 12:23:25,1030.96
2018-06-14 12:23:30,1057.33
2018-06-14 12:23:35,1025.19
2018-06-14 12:23:40,1005.35
2018-06-14 12:23:45,1034.5
2018-06-14 12:23:50,1038.53
2018-06-14 12:23:55,1202.56
2018-06-14 12:24:00,312.66
2018-06-14 12:24:05,0
2018-06-14 12:24:10,0
2018-06-14 12:24:15,0
2018-06-14 12:24:20,0
2018-06-14 12:24:25,0
2018-06-14 12:24:30,0
2018-06-14 12:24:35,0
2018-06-14 12:24:40,0
2018-06-14 12:24:45,0
2018-06-14 12:24:50,0
2018-06-14 12:24:55,0
2018-06-14 12:25:00,0
2018-06-14 12:25:05,0
2018-06-14 12:25:10,0
2018-06-14 12:25:15,0
2018-06-14 12:25:20,0
2018-06-14 12:25:25,0
2018-06-14 12:25:30,0
2018-06-14 12:25:35,0
2018-06-14 12:25:40,0
2018-06-14 12:25:45,0
2018-06-14 12:25:50,0
2018-06-14 12:25:55,0
2018-06-14 12:26:00,0
2018-06-14 12:26:05,0
2018-06-14 12:26:10,0
2018-06-14 12:26:15,0
2018-06-14 12:26:20,0
2018-06-14 12:26:25,0
2018-06-14 12:26:30,0
2018-06-14 12:26:35,0
2018-06-14 12:26:40,0
2018-06-14 12:26:45,0
2018-06-14 12:26:50,0
2018-06-14 12:26:55,0
2018-06-14 12:27:00,0
2018-06-14 12:27:05,0
2018-06-14 12:27:10,0
2018-06-14 12:27:15,139.32
2018-06-14 12:27:20,1126.42
2018-06-14 12:27:25,1782
2018-06-14 12:27:30,1753.18
2018-06-14 12:27:35,1466.09
2018-06-14 12:27:40,1114.9
2018-06-14 12:27:45,970.71
2018-06-14 12:27:50,998.98
2018-06-14 12:27:55,989.99
2018-06-14 12:28:00,983.92
2018-06-14 12:28:05,991.93
2018-06-14 12:28:10,984.39
2018-06-14 12:28:15,977.3
2018-06-14 12:28:20,994.62
2018-06-14 12:28:25,1009.01
2018-06-14 12:28:30,994.37
2018-06-14 12:28:35,1001.67
2018-06-14 12:28:40,993.54
2018-06-14 12:28:45,968
2018-06-14 12:28:50,962.08
2018-06-14 12:28:55,1017.69
2018-06-14 12:29:00,994.29
2018-06-14 12:29:05,1022.19
2018-06-14 12:29:10,1029.12
2018-06-14 12:29:15,1035.92
2018-06-14 12:29:20,1039.08
2018-06-14 12:29:25,1027.09
2018-06-14 12:29:30,1024.32
2018-06-14 12:29:35,1029.18
2018-06-14 12:29:40,1046.24
2018-06-14 12:29:45,1053.34
2018-06-14 12:29:50,1015.36
2018-06-14 12:29:55,986.94
2018-06-14 12:30:00,982.95
2018-06-14 12:30:05,973.56
2018-06-14 12:30:10,991.24
2018-06-14 12:30:15,1238.67
2018-06-14 12:30:20,79.25
2018-06-14 12:30:25,0
2018-06-14 12:30:30,0
2018-06-14 12:30:35,0
2018-06-14 12:30:40,0
2018-06-14 12:30:45,0
2018-06-14 12:30:50,0
2018-06-14 12:30:55,0
2018-06-14 12:31:00,0
2018-06-14 12:31:05,0
2018-06-14 12:31:10,0
2018-06-14 12:31:15,0
2018-06-14 12:31:20,0
2018-06-14 12:31:25,0
2018-06-14 12:31:30,0
2018-06-14 12:31:35,0
2018-06-14 12:31:40,0
2018-06-14 12:31:45,0
2018-06-14 12:31:50,3
2018-06-14 12:31:55,90.34
2018-06-14 12:32:00,23.54
2018-06-14 12:32:05,15
2018-06-14 12:32:10,0
2018-06-14 12:32:15,0
2018-06-14 12:32:20,0
2018-06-14 12:32:25,55.47
2018-06-14 12:32:30,0
2018-06-14 12:32:35,0
2018-06-14 12:32:40,0
2018-06-14 12:32:45,0
2018-06-14 12:32:50,0
2018-06-14 12:32:55,0
2018-06-14 12:33:00,0
2018-06-14 12:33:05,0
2018-06-14 12:33:10,0
2018-06-14 12:33:15,0
2018-06-14 12:33:20,0
2018-06-14 12:33:25,0
2018-06-14 12:33:30,0
2018-06-14 12:33:35,0
2018-06-14 12:33:40,0
2018-06-14 12:33:45,0
2018-06-14 12:33:50,0
2018-06-14 12:33:55,0
2018-06-14 12:34:00,0
2018-06-14 12:34:05,0
2018-06-14 12:34:10,0
2018-06-14 12:34:15,0
2018-06-14 12:34:20,0
2018-06-14 12:34:25,0
2018-06-14 12:34:30,0
2018-06-14 12:34:35,0
2018-06-14 12:34:40,0
2018-06-14 12:34:45,0
2018-06-14 12:34:50,0
2018-06-14 12:34:55,0
2018-06-14 12:35:00,0
2018-06-14 12:35:05,0
2018-06-14 12:35:10,0
2018-06-14 12:35:15,0
2018-06-14 12:35:20,0
2018-06-14 12:35:25,0
2018-06-14 12:35:30,0
2018-06-14 12:35:35,0
2018-06-14 12:35:40,0
2018-06-14 12:35:45,0
2018-06-14 12:35:50,0
2018-06-14 12:35:55,0
2018-06-14 12:36:00,0
2018-06-14 12:36:05,0
2018-06-14 12:36:10,0
2018-06-14 12:36:15,0
2018-06-14 12:36:20,0
2018-06-14 12:36:25,0
2018-06-14 12:36:30,10
2018-06-14 12:36:35,0
2018-06-14 12:36:40,0
2018-06-14 12:36:45,0
2018-06-14 12:36:50,0
2018-06-14 12:36:55,0
2018-06-14 12:37:00,0
2018-06-14 12:37:05,0
2018-06-14 12:37:10,22
2018-06-14 12:37:15,0
2018-06-14 12:37:20,0
2018-06-14 12:37:25,0
2018-06-14 12:37:30,0
2018-06-14 12:37:35,0
2018-06-14 12:37:40,0
2018-06-14 12:37:45,0
2018-06-14 12:37:50,0
2018-06-14 12:37:55,0
2018-06-14 12:38:00,0
2018-06-14 12:38:05,0
2018-06-14 12:38:10,0
2018-06-14 12:38:15,0
2018-06-14 12:38:20,0
2018-06-14 12:38:25,0
2018-06-14 12:38:30,0
2018-06-14 12:38:35,0
2018-06-14 12:38:40,0
2018-06-14 12:38:45,1179.08
2018-06-14 12:38:50,532.95
2018-06-14 12:38:55,453.19
2018-06-14 12:39:00,608.25
2018-06-14 12:39:05,486
2018-06-14 12:39:10,614.23
2018-06-14 12:39:15,174.07
2018-06-14 12:39:20,442.52
2018-06-14 12:39:25,159.9
2018-06-14 12:39:30,204.32
2018-06-14 12:39:35,754.67
2018-06-14 12:39:40,10
2018-06-14 12:39:45,0
2018-06-14 12:39:50,0
2018-06-14 12:39:55,0
2018-06-14 12:40:00,0
2018-06-14 12:40:05,0
2018-06-14 12:40:10,0
2018-06-14 12:40:15,0
2018-06-14 12:40:20,0
2018-06-14 12:40:25,2
2018-06-14 12:40:30,0
2018-06-14 12:40:35,3
2018-06-14 12:40:40,4.12
2018-06-14 12:40:45,0
2018-06-14 12:40:50,0
2018-06-14 12:40:55,0
2018-06-14 12:41:00,0
2018-06-14 12:41:05,0
2018-06-14 12:41:10,0
2018-06-14 12:41:15,0
2018-06-14 12:41:20,0
2018-06-14 12:41:25,0
2018-06-14 12:41:30,0
2018-06-14 12:41:35,0
2018-06-14 12:41:40,0
2018-06-14 12:41:45,0
2018-06-14 12:41:50,0
2018-06-14 12:41:55,0
2018-06-14 12:42:00,0
2018-06-14 12:42:05,0
2018-06-14 12:42:10,0
2018-06-14 12:42:15,0
2018-06-14 12:42:20,0
2018-06-14 12:42:25,0
2018-06-14 12:42:30,0
2018-06-14 12:42:35,0
2018-06-14 12:42:40,0
2018-06-14 12:42:45,0
2018-06-14 12:42:50,0
2018-06-14 12:42:55,0
2018-06-14 12:43:00,0
2018-06-14 12:43:05,0
2018-06-14 12:43:10,0
2018-06-14 12:43:15,0
2018-06-14 12:43:20,0
2018-06-14 12:43:25,0
2018-06-14 12:43:30,0
2018-06-14 12:43:35,0
2018-06-14 12:43:40,0
2018-06-14 12:43:45,0
2018-06-14 12:43:50,0
2018-06-14 12:43:55,0
2018-06-14 12:44:00,0
2018-06-14 12:44:05,0
2018-06-14 12:44:10,0
2018-06-14 12:44:15,0
2018-06-14 12:44:20,0
2018-06-14 12:44:25,0
2018-06-14 12:44:30,0
2018-06-14 12:44:35,0
2018-06-14 12:44:40,0
2018-06-14 12:44:45,0
2018-06-14 12:44:50,0
2018-06-14 12:44:55,0
2018-06-14 12:45:00,0
2018-06-14 12:45:05,0
2018-06-14 12:45:10,0
2018-06-14 12:45:15,0
2018-06-14 12:45:20,0
2018-06-14 12:45:25,0
2018-06-14 12:45:30,0
2018-06-14 12:45:35,0
2018-06-14 12:45:40,0
2018-06-14 12:45:45,3.16
2018-06-14 12:45:50,28.46
2018-06-14 12:45:55,0
2018-06-14 12:46:00,0
2018-06-14 12:46:05,0
2018-06-14 12:46:10,0
2018-06-14 12:46:15,0
2018-06-14 12:46:20,0
2018-06-14 12:46:25,0
2018-06-14 12:46:30,0
2018-06-14 12:46:35,0
2018-06-14 12:46:40,0
2018-06-14 12:46:45,0
2018-06-14 12:46:50,0
2018-06-14 12:46:55,0
2018-06-14 12:47:00,0
2018-06-14 12:47:05,0
2018-06-14 12:47:10,0
2018-06-14 12:47:15,0
2018-06-14 12:47:20,0
2018-06-14 12:47:25,0
2018-06-14 12:47:30,0
2018-06-14 12:47:35,0
2018-06-14 12:47:40,0
2018-06-14 12:47:45,0
2018-06-14 12:47:50,0
2018-06-14 12:47:55,0
2018-06-14 12:48:00,0
2018-06-14 12:48:05,0
2018-06-14 12:48:10,0
2018-06-14 12:48:15,0
2018-06-14 12:48:20,0
2018-06-14 12:48:25,0
2018-06-14 12:48:30,0
2018-06-14 12:48:35,69.35
2018-06-14 12:48:40,960.96
2018-06-14 12:48:45,1738.85
2018-06-14 12:48:50,1789.71
2018-06-14 12:48:55,1520.3
2018-06-14 12:49:00,1161.35
2018-06-14 12:49:05,895.35
2018-06-14 12:49:10,879.35
2018-06-14 12:49:15,891.92
2018-06-14 12:49:20,901.38
2018-06-14 12:49:25,902.12
2018-06-14 12:49:30,874.09
2018-06-14 12:49:35,879.82
2018-06-14 12:49:40,896.57
2018-06-14 12:49:45,895.17
2018-06-14 12:49:50,894.05
2018-06-14 12:49:55,873.99
2018-06-14 12:50:00,866
2018-06-14 12:50:05,867.68
2018-06-14 12:50:10,864.18
2018-06-14 12:50:15,868.62
2018-06-14 12:50:20,868.74
2018-06-14 12:50:25,867.84
2018-06-14 12:50:30,866.69
2018-06-14 12:50:35,857.05
2018-06-14 12:50:40,902.92
2018-06-14 12:50:45,870.94
2018-06-14 12:50:50,873.73
2018-06-14 12:50:55,874.88
2018-06-14 12:51:00,884.59
2018-06-14 12:51:05,890.37
2018-06-14 12:51:10,881.22
2018-06-14 12:51:15,898.62
2018-06-14 12:51:20,881.18
2018-06-14 12:51:25,877.32
2018-06-14 12:51:30,878.62
2018-06-14 12:51:35,887.37
2018-06-14 12:51:40,903.76
2018-06-14 12:51:45,950.56
2018-06-14 12:51:50,924.17
2018-06-14 12:51:55,871.54
2018-06-14 12:52:00,914.44
2018-06-14 12:52:05,941.95
2018-06-14 12:52:10,911.32
2018-06-14 12:52:15,932.82
2018-06-14 12:52:20,947.74
2018-06-14 12:52:25,875.66
2018-06-14 12:52:30,894.7
2018-06-14 12:52:35,907.24
2018-06-14 12:52:40,902.31
2018-06-14 12:52:45,895.44
2018-06-14 12:52:50,873.16
2018-06-14 12:52:55,885.91
2018-06-14 12:53:00,887.79
2018-06-14 12:53:05,881.49
2018-06-14 12:53:10,877.65
2018-06-14 12:53:15,886.88
2018-06-14 12:53:20,915.64
2018-06-14 12:53:25,809.23
2018-06-14 12:53:30,0
2018-06-14 12:53:35,0
2018-06-14 12:53:40,310.71
2018-06-14 12:53:45,1368.26
2018-06-14 12:53:50,1822.22
2018-06-14 12:53:55,1694.27
2018-06-14 12:54:00,1362.4
2018-06-14 12:54:05,1013.25
2018-06-14 12:54:10,883.9
2018-06-14 12:54:15,935.39
2018-06-14 12:54:20,914.45
2018-06-14 12:54:25,914.23
2018-06-14 12:54:30,893.96
2018-06-14 12:54:35,895.66
2018-06-14 12:54:40,889.14
2018-06-14 12:54:45,930.88
2018-06-14 12:54:50,899.61
2018-06-14 12:54:55,832.7
2018-06-14 12:55:00,923.4
2018-06-14 12:55:05,0
2018-06-14 12:55:10,0
2018-06-14 12:55:15,0
2018-06-14 12:55:20,0
2018-06-14 12:55:25,0
2018-06-14 12:55:30,0
2018-06-14 12:55:35,0
2018-06-14 12:55:40,0
2018-06-14 12:55:45,0
2018-06-14 12:55:50,0
2018-06-14 12:55:55,0
2018-06-14 12:56:00,0
2018-06-14 12:56:05,0
2018-06-14 12:56:10,0
2018-06-14 12:56:15,0
2018-06-14 12:56:20,0
2018-06-14 12:56:25,0
2018-06-14 12:56:30,0
2018-06-14 12:56:35,0
2018-06-14 12:56:40,30.08
2018-06-14 12:56:45,0
2018-06-14 12:56:50,0
2018-06-14 12:56:55,0
2018-06-14 12:57:00,0
2018-06-14 12:57:05,14
2018-06-14 12:57:10,0
2018-06-14 12:57:15,0
2018-06-14 12:57:20,0
2018-06-14 12:57:25,0
2018-06-14 12:57:30,0
2018-06-14 12:57:35,0
2018-06-14 12:57:40,0
2018-06-14 12:57:45,0
2018-06-14 12:57:50,0
2018-06-14 12:57:55,0
2018-06-14 12:58:00,0
2018-06-14 12:58:05,0
2018-06-14 12:58:10,0
2018-06-14 12:58:15,0
2018-06-14 12:58:20,0
2018-06-14 12:58:25,0
2018-06-14 12:58:30,0
2018-06-14 12:58:35,0
2018-06-14 12:58:40,0
2018-06-14 12:58:45,0
2018-06-14 12:58:50,0
2018-06-14 12:58:55,0
2018-06-14 12:59:00,0
2018-06-14 12:59:05,0
2018-06-14 12:59:10,0
2018-06-14 12:59:15,0
2018-06-14 12:59:20,0
2018-06-14 12:59:25,0
2018-06-14 12:59:30,0
2018-06-14 12:59:35,0
2018-06-14 12:59:40,0
2018-06-14 12:59:45,0
2018-06-14 12:59:50,0
2018-06-14 12:59:55,0
2018-06-14 13:00:00,0
2018-06-14 13:00:05,0
2018-06-14 13:00:10,0
2018-06-14 13:00:15,0
2018-06-14 13:00:20,0
2018-06-14 13:00:25,0
2018-06-14 13:00:30,0
2018-06-14 13:00:35,0
2018-06-14 13:00:40,0
2018-06-14 13:00:45,0
2018-06-14 13:00:50,0
2018-06-14 13:00:55,0
2018-06-14 13:01:00,3
2018-06-14 13:01:05,0
2018-06-14 13:01:10,33
2018-06-14 13:01:15,0
2018-06-14 13:01:20,0
2018-06-14 13:01:25,0
2018-06-14 13:01:30,0
2018-06-14 13:01:35,0
2018-06-14 13:01:40,0
2018-06-14 13:01:45,0
2018-06-14 13:01:50,0
2018-06-14 13:01:55,0
2018-06-14 13:02:00,0
2018-06-14 13:02:05,0
2018-06-14 13:02:10,0
2018-06-14 13:02:15,3
2018-06-14 13:02:20,0
2018-06-14 13:02:25,0
2018-06-14 13:02:30,0
2018-06-14 13:02:35,0
2018-06-14 13:02:40,0
2018-06-14 13:02:45,0
2018-06-14 13:02:50,0
2018-06-14 13:02:55,7
2018-06-14 13:03:00,0
2018-06-14 13:03:05,0
2018-06-14 13:03:10,0
2018-06-14 13:03:15,30.08
2018-06-14 13:03:20,5
2018-06-14 13:03:25,0
2018-06-14 13:03:30,6.4
2018-06-14 13:03:35,0
2018-06-14 13:03:40,0
2018-06-14 13:03:45,0
2018-06-14 13:03:50,0
2018-06-14 13:03:55,0
2018-06-14 13:04:00,0
2018-06-14 13:04:05,0
2018-06-14 13:04:10,0
2018-06-14 13:04:15,0
2018-06-14 13:04:20,0
2018-06-14 13:04:25,0
2018-06-14 13:04:30,0
2018-06-14 13:04:35,0
2018-06-14 13:04:40,0
2018-06-14 13:04:45,0
2018-06-14 13:04:50,0
2018-06-14 13:04:55,0
2018-06-14 13:05:00,0
2018-06-14 13:05:05,0
2018-06-14 13:05:10,0
2018-06-14 13:05:15,0
2018-06-14 13:05:20,0
2018-06-14 13:05:25,0
2018-06-14 13:05:30,0
2018-06-14 13:05:35,0
2018-06-14 13:05:40,0
2018-06-14 13:05:45,0
2018-06-14 13:05:50,0
2018-06-14 13:05:55,0
2018-06-14 13:06:00,0
2018-06-14 13:06:05,76.49
2018-06-14 13:06:10,0
2018-06-14 13:06:15,0
2018-06-14 13:06:20,0
2018-06-14 13:06:25,39.2
2018-06-14 13:06:30,32.25
2018-06-14 13:06:35,11.22
2018-06-14 13:06:40,2
2018-06-14 13:06:45,15.39
2018-06-14 13:06:50,0
2018-06-14 13:06:55,0
2018-06-14 13:07:00,53.74
2018-06-14 13:07:05,83.38
2018-06-14 13:07:10,312.08
2018-06-14 13:07:15,39
2018-06-14 13:07:20,7.28
2018-06-14 13:07:25,86.59
2018-06-14 13:07:30,39.56
2018-06-14 13:07:35,5.1
2018-06-14 13:07:40,0
2018-06-14 13:07:45,0
2018-06-14 13:07:50,0
2018-06-14 13:07:55,0
2018-06-14 13:08:00,0
2018-06-14 13:08:05,3
2018-06-14 13:08:10,0
2018-06-14 13:08:15,0
2018-06-14 13:08:20,0
2018-06-14 13:08:25,0
2018-06-14 13:08:30,0
2018-06-14 13:08:35,0
2018-06-14 13:08:40,4
2018-06-14 13:08:45,70.72
2018-06-14 13:08:50,0
2018-06-14 13:08:55,0
2018-06-14 13:09:00,0
2018-06-14 13:09:05,0
2018-06-14 13:09:10,0
2018-06-14 13:09:15,0
2018-06-14 13:09:20,0
2018-06-14 13:09:25,152.03
2018-06-14 13:09:30,1033.09
2018-06-14 13:09:35,1072.68
2018-06-14 13:09:40,1076.22
2018-06-14 13:09:45,1076.98
2018-06-14 13:09:50,1060.66
2018-06-14 13:09:55,1079.05
2018-06-14 13:10:00,1082.59
2018-06-14 13:10:05,1076.95
2018-06-14 13:10:10,1062.11
2018-06-14 13:10:15,1066.33
2018-06-14 13:10:20,1082.66
2018-06-14 13:10:25,1085.49
2018-06-14 13:10:30,1074.11
2018-06-14 13:10:35,1081.39
2018-06-14 13:10:40,1073.46
2018-06-14 13:10:45,1072.7
2018-06-14 13:10:50,1077.72
2018-06-14 13:10:55,1072.88
2018-06-14 13:11:00,1065.63
2018-06-14 13:11:05,1076.23
2018-06-14 13:11:10,1093.34
2018-06-14 13:11:15,1072
2018-06-14 13:11:20,1073.39
2018-06-14 13:11:25,1074.12
2018-06-14 13:11:30,1058.54
2018-06-14 13:11:35,1078.34
2018-06-14 13:11:40,1084.13
2018-06-14 13:11:45,1079.75
2018-06-14 13:11:50,1055.71
2018-06-14 13:11:55,1065.71
2018-06-14 13:12:00,1077.01
2018-06-14 13:12:05,1063.6
2018-06-14 13:12:10,1081.89
2018-06-14 13:12:15,1067.04
2018-06-14 13:12:20,1066.45
2018-06-14 13:12:25,1601.69
2018-06-14 13:12:30,2438.18
2018-06-14 13:12:35,2359.68
2018-06-14 13:12:40,2476.31
2018-06-14 13:12:45,2476.31
2018-06-14 13:12:50,2467.81
2018-06-14 13:12:55,2482.8
2018-06-14 13:13:00,2472.8
2018-06-14 13:13:05,2453.71
2018-06-14 13:13:10,2448.8
2018-06-14 13:13:15,2462.87
2018-06-14 13:13:20,2459.4
2018-06-14 13:13:25,2454.45
2018-06-14 13:13:30,2465.74
2018-06-14 13:13:35,2457.2
2018-06-14 13:13:40,2448.02
2018-06-14 13:13:45,2465.04
2018-06-14 13:13:50,2464.31
2018-06-14 13:13:55,2463.57
2018-06-14 13:14:00,2450.19
2018-06-14 13:14:05,2447.36
2018-06-14 13:14:10,2460.09
2018-06-14 13:14:15,2461.58
2018-06-14 13:14:20,2461.51
2018-06-14 13:14:25,2454.41
2018-06-14 13:14:30,2446.65
2018-06-14 13:14:35,2468.53
2018-06-14 13:14:40,2465.08
2018-06-14 13:14:45,2459.4
2018-06-14 13:14:50,2460.86
2018-06-14 13:14:55,2461.55
2018-06-14 13:15:00,2456.57
2018-06-14 13:15:05,2459.39
2018-06-14 13:15:10,2460.14
2018-06-14 13:15:15,2439.62
2018-06-14 13:15:20,2445.24
2018-06-14 13:15:25,1026.08
2018-06-14 13:15:30,0
2018-06-14 13:15:35,0
2018-06-14 13:15:40,0
2018-06-14 13:15:45,0
2018-06-14 13:15:50,93.41
2018-06-14 13:15:55,1304
2018-06-14 13:16:00,2417.08
2018-06-14 13:16:05,2540.97
2018-06-14 13:16:10,2454.97
2018-06-14 13:16:15,2478.47
2018-06-14 13:16:20,2461.38
2018-06-14 13:16:25,2448.77
2018-06-14 13:16:30,2460.23
2018-06-14 13:16:35,2451.99
2018-06-14 13:16:40,2479.83
2018-06-14 13:16:45,2448.18
2018-06-14 13:16:50,2446.61
2018-06-14 13:16:55,2462.91
2018-06-14 13:17:00,2465.74
2018-06-14 13:17:05,2454.8
2018-06-14 13:17:10,2453.41
2018-06-14 13:17:15,2458.22
2018-06-14 13:17:20,2470.7
2018-06-14 13:17:25,2454.32
2018-06-14 13:17:30,2464.56
2018-06-14 13:17:35,2451.9
2018-06-14 13:17:40,2471.38
2018-06-14 13:17:45,2477.18
2018-06-14 13:17:50,2478.6
2018-06-14 13:17:55,2455.08
2018-06-14 13:18:00,2461.51
2018-06-14 13:18:05,2462.4
2018-06-14 13:18:10,2477.86
2018-06-14 13:18:15,2451.51
2018-06-14 13:18:20,2441.87
2018-06-14 13:18:25,2457.02
2018-06-14 13:18:30,2462.52
2018-06-14 13:18:35,2487.6
2018-06-14 13:18:40,2474.4
2018-06-14 13:18:45,2459.29
2018-06-14 13:18:50,1784.25
2018-06-14 13:18:55,2
2018-06-14 13:19:00,0
2018-06-14 13:19:05,0
2018-06-14 13:19:10,0
2018-06-14 13:19:15,0
2018-06-14 13:19:20,18
2018-06-14 13:19:25,0
2018-06-14 13:19:30,137.52
2018-06-14 13:19:35,328.44
2018-06-14 13:19:40,14
2018-06-14 13:19:45,0
2018-06-14 13:19:50,0
2018-06-14 13:19:55,0
2018-06-14 13:20:00,0
2018-06-14 13:20:05,0
2018-06-14 13:20:10,0
2018-06-14 13:20:15,0
2018-06-14 13:20:20,0
2018-06-14 13:20:25,136.52
2018-06-14 13:20:30,1368.27
2018-06-14 13:20:35,2443.89
2018-06-14 13:20:40,2503.57
2018-06-14 13:20:45,2115.25
2018-06-14 13:20:50,1877.56
2018-06-14 13:20:55,1873.48
2018-06-14 13:21:00,1847.41
2018-06-14 13:21:05,1855.91
2018-06-14 13:21:10,1868.66
2018-06-14 13:21:15,1853.64
2018-06-14 13:21:20,1854.37
2018-06-14 13:21:25,1859.37
2018-06-14 13:21:30,1849.61
2018-06-14 13:21:35,1860.64
2018-06-14 13:21:40,1871.38
2018-06-14 13:21:45,1855.33
2018-06-14 13:21:50,1847.28
2018-06-14 13:21:55,1858.65
2018-06-14 13:22:00,1854.69
2018-06-14 13:22:05,1857.45
2018-06-14 13:22:10,1869.94
2018-06-14 13:22:15,1864.6
2018-06-14 13:22:20,1842.44
2018-06-14 13:22:25,1856.35
2018-06-14 13:22:30,1852.25
2018-06-14 13:22:35,1866.3
2018-06-14 13:22:40,1846.97
2018-06-14 13:22:45,1848.49
2018-06-14 13:22:50,1855.85
2018-06-14 13:22:55,1844.15
2018-06-14 13:23:00,1846.34
2018-06-14 13:23:05,1860.8
2018-06-14 13:23:10,1859.94
2018-06-14 13:23:15,1861.75
2018-06-14 13:23:20,1859.86
2018-06-14 13:23:25,1835.2
2018-06-14 13:23:30,1893.38
2018-06-14 13:23:35,1268.61
2018-06-14 13:23:40,0
2018-06-14 13:23:45,0
2018-06-14 13:23:50,0
2018-06-14 13:23:55,0
2018-06-14 13:24:00,33.84
2018-06-14 13:24:05,1030.25
2018-06-14 13:24:10,2310.88
2018-06-14 13:24:15,2545.66
2018-06-14 13:24:20,2218.72
2018-06-14 13:24:25,1867.6
2018-06-14 13:24:30,1842.93
2018-06-14 13:24:35,1868.13
2018-06-14 13:24:40,1870.78
2018-06-14 13:24:45,1847.17
2018-06-14 13:24:50,1869.54
2018-06-14 13:24:55,1859.23
2018-06-14 13:25:00,1867.43
2018-06-14 13:25:05,1866.32
2018-06-14 13:25:10,1855.81
2018-06-14 13:25:15,1862.61
2018-06-14 13:25:20,1871.71
2018-06-14 13:25:25,1851.25
2018-06-14 13:25:30,1857.78
2018-06-14 13:25:35,1869.46
2018-06-14 13:25:40,1873.04
2018-06-14 13:25:45,1834.18
2018-06-14 13:25:50,1870.71
2018-06-14 13:25:55,1858.09
2018-06-14 13:26:00,1856.98
2018-06-14 13:26:05,1855.02
2018-06-14 13:26:10,1849.85
2018-06-14 13:26:15,1864.83
2018-06-14 13:26:20,1854.84
2018-06-14 13:26:25,1857.95
2018-06-14 13:26:30,1843.76
2018-06-14 13:26:35,1860.81
2018-06-14 13:26:40,1864.77
2018-06-14 13:26:45,1845.48
2018-06-14 13:26:50,1866.95
2018-06-14 13:26:55,1833.71
2018-06-14 13:27:00,1846.86
2018-06-14 13:27:05,1868.34
2018-06-14 13:27:10,1851.09
2018-06-14 13:27:15,1847.69
2018-06-14 13:27:20,1862.15
2018-06-14 13:27:25,1855.98
2018-06-14 13:27:30,1857.93
2018-06-14 13:27:35,2026.23
2018-06-14 13:27:40,109.48
2018-06-14 13:27:45,0
2018-06-14 13:27:50,0
2018-06-14 13:27:55,0
2018-06-14 13:28:00,0
2018-06-14 13:28:05,0
2018-06-14 13:28:10,0
2018-06-14 13:28:15,0
2018-06-14 13:28:20,0
2018-06-14 13:28:25,0
2018-06-14 13:28:30,672.5
2018-06-14 13:28:35,2070.41
2018-06-14 13:28:40,2571.94
2018-06-14 13:28:45,2340.2
2018-06-14 13:28:50,1783.52
2018-06-14 13:28:55,1576.5
2018-06-14 13:29:00,1555.23
2018-06-14 13:29:05,1539.97
2018-06-14 13:29:10,1553.62
2018-06-14 13:29:15,1547.75
2018-06-14 13:29:20,1549.81
2018-06-14 13:29:25,1540.44
2018-06-14 13:29:30,1547.76
2018-06-14 13:29:35,1541.15
2018-06-14 13:29:40,1559.87
2018-06-14 13:29:45,1551.36
2018-06-14 13:29:50,1537.01
2018-06-14 13:29:55,1529
2018-06-14 13:30:00,1542.52
2018-06-14 13:30:05,1551.65
2018-06-14 13:30:10,1536.99
2018-06-14 13:30:15,1544.56
2018-06-14 13:30:20,1537.01
2018-06-14 13:30:25,1525.98
2018-06-14 13:30:30,1534.03
2018-06-14 13:30:35,1534.76
2018-06-14 13:30:40,1543.34
2018-06-14 13:30:45,1549.08
2018-06-14 13:30:50,1547.37
2018-06-14 13:30:55,1550.89
2018-06-14 13:31:00,1562.91
2018-06-14 13:31:05,1580.31
2018-06-14 13:31:10,1619.85
2018-06-14 13:31:15,1587.23
2018-06-14 13:31:20,1570.41
2018-06-14 13:31:25,1769.88
2018-06-14 13:31:30,966.62
2018-06-14 13:31:35,0
2018-06-14 13:31:40,0
2018-06-14 13:31:45,0
2018-06-14 13:31:50,0
2018-06-14 13:31:55,0
2018-06-14 13:32:00,0
2018-06-14 13:32:05,0
2018-06-14 13:32:10,0
2018-06-14 13:32:15,28.3
2018-06-14 13:32:20,35.78
2018-06-14 13:32:25,0
2018-06-14 13:32:30,0
2018-06-14 13:32:35,0
2018-06-14 13:32:40,0
2018-06-14 13:32:45,0
2018-06-14 13:32:50,0
2018-06-14 13:32:55,0
2018-06-14 13:33:00,0
2018-06-14 13:33:05,0
2018-06-14 13:33:10,0
2018-06-14 13:33:15,0
2018-06-14 13:33:20,0
2018-06-14 13:33:25,0
2018-06-14 13:33:30,0
2018-06-14 13:33:35,0
2018-06-14 13:33:40,0
2018-06-14 13:33:45,0
2018-06-14 13:33:50,0
2018-06-14 13:33:55,0
2018-06-14 13:34:00,0
2018-06-14 13:34:05,0
2018-06-14 13:34:10,0
2018-06-14 13:34:15,0
2018-06-14 13:34:20,0
2018-06-14 13:34:25,0
2018-06-14 13:34:30,0
2018-06-14 13:34:35,0
2018-06-14 13:34:40,0
2018-06-14 13:34:45,6
2018-06-14 13:34:50,35.58
2018-06-14 13:34:55,0
2018-06-14 13:35:00,44.99
2018-06-14 13:35:05,0
2018-06-14 13:35:10,0
2018-06-14 13:35:15,0
2018-06-14 13:35:20,0
2018-06-14 13:35:25,3.61
2018-06-14 13:35:30,3
2018-06-14 13:35:35,0
2018-06-14 13:35:40,14.59
2018-06-14 13:35:45,144
2018-06-14 13:35:50,71.51
2018-06-14 13:35:55,241.88
2018-06-14 13:36:00,38.18
2018-06-14 13:36:05,0
2018-06-14 13:36:10,0
2018-06-14 13:36:15,675.07
2018-06-14 13:36:20,693.55
2018-06-14 13:36:25,6
2018-06-14 13:36:30,0
2018-06-14 13:36:35,0
2018-06-14 13:36:40,0
2018-06-14 13:36:45,0
2018-06-14 13:36:50,0
2018-06-14 13:36:55,0
2018-06-14 13:37:00,0
2018-06-14 13:37:05,0
2018-06-14 13:37:10,0
2018-06-14 13:37:15,0
2018-06-14 13:37:20,0
2018-06-14 13:37:25,0
2018-06-14 13:37:30,0
2018-06-14 13:37:35,0
2018-06-14 13:37:40,0
2018-06-14 13:37:45,0
2018-06-14 13:37:50,0
2018-06-14 13:37:55,0
2018-06-14 13:38:00,0
2018-06-14 13:38:05,0
2018-06-14 13:38:10,0
2018-06-14 13:38:15,0
2018-06-14 13:38:20,0
2018-06-14 13:38:25,0
2018-06-14 13:38:30,0
2018-06-14 13:38:35,0
2018-06-14 13:38:40,0
2018-06-14 13:38:45,0
2018-06-14 13:38:50,0
2018-06-14 13:38:55,0
2018-06-14 13:39:00,0
2018-06-14 13:39:05,0
2018-06-14 13:39:10,0
2018-06-14 13:39:15,0
2018-06-14 13:39:20,0
2018-06-14 13:39:25,0
2018-06-14 13:39:30,0
2018-06-14 13:39:35,0
2018-06-14 13:39:40,0
2018-06-14 13:39:45,0
2018-06-14 13:39:50,0
2018-06-14 13:39:55,0
2018-06-14 13:40:00,0
2018-06-14 13:40:05,0
2018-06-14 13:40:10,0
2018-06-14 13:40:15,0
2018-06-14 13:40:20,0
2018-06-14 13:40:25,0
2018-06-14 13:40:30,0
2018-06-14 13:40:35,0
2018-06-14 13:40:40,0
2018-06-14 13:40:45,0
2018-06-14 13:40:50,0
2018-06-14 13:40:55,0
2018-06-14 13:41:00,0
2018-06-14 13:41:05,0
2018-06-14 13:41:10,0
2018-06-14 13:41:15,0
2018-06-14 13:41:20,0
2018-06-14 13:41:25,0
2018-06-14 13:41:30,0
2018-06-14 13:41:35,0
2018-06-14 13:41:40,0
2018-06-14 13:41:45,0
2018-06-14 13:41:50,0
2018-06-14 13:41:55,0
2018-06-14 13:42:00,0
2018-06-14 13:42:05,0
2018-06-14 13:42:10,0
2018-06-14 13:42:15,0
2018-06-14 13:42:20,0
2018-06-14 13:42:25,0
2018-06-14 13:42:30,0
2018-06-14 13:42:35,0
2018-06-14 13:42:40,0
2018-06-14 13:42:45,0
2018-06-14 13:42:50,0
2018-06-14 13:42:55,0
2018-06-14 13:43:00,0
2018-06-14 13:43:05,0
2018-06-14 13:43:10,0
2018-06-14 13:43:15,0
2018-06-14 13:43:20,0
2018-06-14 13:43:25,0
2018-06-14 13:43:30,0
2018-06-14 13:43:35,0
2018-06-14 13:43:40,0
2018-06-14 13:43:45,0
2018-06-14 13:43:50,27
2018-06-14 13:43:55,9.22
2018-06-14 13:44:00,0
2018-06-14 13:44:05,0
2018-06-14 13:44:10,0
2018-06-14 13:44:15,0
2018-06-14 13:44:20,0
2018-06-14 13:44:25,0
2018-06-14 13:44:30,0
2018-06-14 13:44:35,0
2018-06-14 13:44:40,0
2018-06-14 13:44:45,0
2018-06-14 13:44:50,0
2018-06-14 13:44:55,0
2018-06-14 13:45:00,0
2018-06-14 13:45:05,0
2018-06-14 13:45:10,0
2018-06-14 13:45:15,0
2018-06-14 13:45:20,0
2018-06-14 13:45:25,0
2018-06-14 13:45:30,0
2018-06-14 13:45:35,0
2018-06-14 13:45:40,0
2018-06-14 13:45:45,0
2018-06-14 13:45:50,0
2018-06-14 13:45:55,0
2018-06-14 13:46:00,0
2018-06-14 13:46:05,0
2018-06-14 13:46:10,0
2018-06-14 13:46:15,0
2018-06-14 13:46:20,0
2018-06-14 13:46:25,0
2018-06-14 13:46:30,0
2018-06-14 13:46:35,0
2018-06-14 13:46:40,0
2018-06-14 13:46:45,0
2018-06-14 13:46:50,0
2018-06-14 13:46:55,0
2018-06-14 13:47:00,0
2018-06-14 13:47:05,0
2018-06-14 13:47:10,0
2018-06-14 13:47:15,0
2018-06-14 13:47:20,0
2018-06-14 13:47:25,0
2018-06-14 13:47:30,0
2018-06-14 13:47:35,0
2018-06-14 13:47:40,0
2018-06-14 13:47:45,0
2018-06-14 13:47:50,0
2018-06-14 13:47:55,0
2018-06-14 13:48:00,0
2018-06-14 13:48:05,0
2018-06-14 13:48:10,0
2018-06-14 13:48:15,0
2018-06-14 13:48:20,0
2018-06-14 13:48:25,0
2018-06-14 13:48:30,0
2018-06-14 13:48:35,0
2018-06-14 13:48:40,0
2018-06-14 13:48:45,0
2018-06-14 13:48:50,0
2018-06-14 13:48:55,0
2018-06-14 13:49:00,0
2018-06-14 13:49:05,0
2018-06-14 13:49:10,0
2018-06-14 13:49:15,0
2018-06-14 13:49:20,0
2018-06-14 13:49:25,1128.36
2018-06-14 13:49:30,969.28
2018-06-14 13:49:35,0
2018-06-14 13:49:40,0
2018-06-14 13:49:45,0
2018-06-14 13:49:50,0
2018-06-14 13:49:55,0
2018-06-14 13:50:00,0
2018-06-14 13:50:05,0
2018-06-14 13:50:10,0
2018-06-14 13:50:15,0
2018-06-14 13:50:20,0
2018-06-14 13:50:25,0
2018-06-14 13:50:30,0
2018-06-14 13:50:35,0
2018-06-14 13:50:40,0
2018-06-14 13:50:45,0
2018-06-14 13:50:50,0
2018-06-14 13:50:55,0
2018-06-14 13:51:00,0
2018-06-14 13:51:05,0
2018-06-14 13:51:10,0
2018-06-14 13:51:15,0
2018-06-14 13:51:20,0
2018-06-14 13:51:25,0
2018-06-14 13:51:30,0
2018-06-14 13:51:35,26.17
2018-06-14 13:51:40,0
2018-06-14 13:51:45,0
2018-06-14 13:51:50,585.36
2018-06-14 13:51:55,701.71
2018-06-14 13:52:00,34.07
2018-06-14 13:52:05,0
2018-06-14 13:52:10,251.79
2018-06-14 13:52:15,762.35
2018-06-14 13:52:20,63
2018-06-14 13:52:25,0
2018-06-14 13:52:30,0
2018-06-14 13:52:35,0
2018-06-14 13:52:40,0
2018-06-14 13:52:45,0
2018-06-14 13:52:50,0
2018-06-14 13:52:55,0
2018-06-14 13:53:00,0
2018-06-14 13:53:05,0
2018-06-14 13:53:10,792.87
2018-06-14 13:53:15,60
2018-06-14 13:53:20,0
2018-06-14 13:53:25,216.3
2018-06-14 13:53:30,0
2018-06-14 13:53:35,466.2
2018-06-14 13:53:40,440.92
2018-06-14 13:53:45,832.16
2018-06-14 13:53:50,24
2018-06-14 13:53:55,0
2018-06-14 13:54:00,0
2018-06-14 13:54:05,111.45
2018-06-14 13:54:10,330.49
2018-06-14 13:54:15,810.51
2018-06-14 13:54:20,469.85
2018-06-14 13:54:25,899.13
2018-06-14 13:54:30,263.52
2018-06-14 13:54:35,726.91
2018-06-14 13:54:40,0
2018-06-14 13:54:45,0
2018-06-14 13:54:50,0
2018-06-14 13:54:55,0
2018-06-14 13:55:00,0
2018-06-14 13:55:05,0
2018-06-14 13:55:10,0
2018-06-14 13:55:15,0
2018-06-14 13:55:20,0
2018-06-14 13:55:25,0
2018-06-14 13:55:30,0
2018-06-14 13:55:35,0
2018-06-14 13:55:40,0
2018-06-14 13:55:45,0
2018-06-14 13:55:50,0
2018-06-14 13:55:55,0
2018-06-14 13:56:00,399.31
2018-06-14 13:56:05,0
2018-06-14 13:56:10,0
2018-06-14 13:56:15,0
2018-06-14 13:56:20,4
2018-06-14 13:56:25,28
2018-06-14 13:56:30,0
2018-06-14 13:56:35,0
2018-06-14 13:56:40,0
2018-06-14 13:56:45,0
2018-06-14 13:56:50,0
2018-06-14 13:56:55,0
2018-06-14 13:57:00,0
2018-06-14 13:57:05,0
2018-06-14 13:57:10,0
2018-06-14 13:57:15,0
2018-06-14 13:57:20,0
2018-06-14 13:57:25,0
2018-06-14 13:57:30,0
2018-06-14 13:57:35,0
2018-06-14 13:57:40,0
2018-06-14 13:57:45,0
2018-06-14 13:57:50,0
2018-06-14 13:57:55,0
2018-06-14 13:58:00,0
2018-06-14 13:58:05,0
2018-06-14 13:58:10,0
2018-06-14 13:58:15,0
2018-06-14 13:58:20,0
2018-06-14 13:58:25,0
2018-06-14 13:58:30,0
2018-06-14 13:58:35,0
2018-06-14 13:58:40,0
2018-06-14 13:58:45,0
2018-06-14 13:58:50,0
2018-06-14 13:58:55,0
2018-06-14 13:59:00,0
2018-06-14 13:59:05,0
2018-06-14 13:59:10,2
2018-06-14 13:59:15,0
2018-06-14 13:59:20,0
2018-06-14 13:59:25,0
2018-06-14 13:59:30,0
2018-06-14 13:59:35,0
2018-06-14 13:59:40,0
2018-06-14 13:59:45,0
2018-06-14 13:59:50,0
2018-06-14 13:59:55,0
2018-06-14 14:00:00,0
2018-06-14 14:00:05,0
2018-06-14 14:00:10,0
2018-06-14 14:00:15,0
2018-06-14 14:00:20,0
2018-06-14 14:00:25,0
2018-06-14 14:00:30,0
2018-06-14 14:00:35,0
2018-06-14 14:00:40,0
2018-06-14 14:00:45,0
2018-06-14 14:00:50,0
2018-06-14 14:00:55,0
2018-06-14 14:01:00,0
2018-06-14 14:01:05,0
2018-06-14 14:01:10,0
2018-06-14 14:01:15,0
2018-06-14 14:01:20,0
2018-06-14 14:01:25,0
2018-06-14 14:01:30,0
2018-06-14 14:01:35,0
2018-06-14 14:01:40,0
2018-06-14 14:01:45,0
2018-06-14 14:01:50,0
2018-06-14 14:01:55,0
2018-06-14 14:02:00,0
2018-06-14 14:02:05,0
2018-06-14 14:02:10,0
2018-06-14 14:02:15,0
2018-06-14 14:02:20,0
2018-06-14 14:02:25,0
2018-06-14 14:02:30,0
2018-06-14 14:02:35,0
2018-06-14 14:02:40,0
2018-06-14 14:02:45,0
2018-06-14 14:02:50,0
2018-06-14 14:02:55,0
2018-06-14 14:03:00,0
2018-06-14 14:03:05,0
2018-06-14 14:03:10,0
2018-06-14 14:03:15,0
2018-06-14 14:03:20,0
2018-06-14 14:03:25,0
2018-06-14 14:03:30,0
2018-06-14 14:03:35,0
2018-06-14 14:03:40,0
2018-06-14 14:03:45,0
2018-06-14 14:03:50,0
2018-06-14 14:03:55,0
2018-06-14 14:04:00,0
2018-06-14 14:04:05,0
2018-06-14 14:04:10,0
2018-06-14 14:04:15,0
2018-06-14 14:04:20,0
2018-06-14 14:04:25,0
2018-06-14 14:04:30,0
2018-06-14 14:04:35,0
2018-06-14 14:04:40,0
2018-06-14 14:04:45,0
2018-06-14 14:04:50,0
2018-06-14 14:04:55,0
2018-06-14 14:05:00,0
2018-06-14 14:05:05,0
2018-06-14 14:05:10,0
2018-06-14 14:05:15,0
2018-06-14 14:05:20,0
2018-06-14 14:05:25,0
2018-06-14 14:05:30,0
2018-06-14 14:05:35,0
2018-06-14 14:05:40,0
2018-06-14 14:05:45,0
2018-06-14 14:05:50,0
2018-06-14 14:05:55,0
2018-06-14 14:06:00,0
2018-06-14 14:06:05,0
2018-06-14 14:06:10,0
2018-06-14 14:06:15,0
2018-06-14 14:06:20,0
2018-06-14 14:06:25,0
2018-06-14 14:06:30,0
2018-06-14 14:06:35,0
2018-06-14 14:06:40,0
2018-06-14 14:06:45,0
2018-06-14 14:06:50,0
2018-06-14 14:06:55,0
2018-06-14 14:07:00,0
2018-06-14 14:07:05,0
2018-06-14 14:07:10,0
2018-06-14 14:07:15,0
2018-06-14 14:07:20,0
2018-06-14 14:07:25,0
2018-06-14 14:07:30,0
2018-06-14 14:07:35,0
2018-06-14 14:07:40,0
2018-06-14 14:07:45,0
2018-06-14 14:07:50,0
2018-06-14 14:07:55,0
2018-06-14 14:08:00,0
2018-06-14 14:08:05,0
2018-06-14 14:08:10,0
2018-06-14 14:08:15,0
2018-06-14 14:08:20,0
2018-06-14 14:08:25,0
2018-06-14 14:08:30,0
2018-06-14 14:08:35,0
2018-06-14 14:08:40,0
2018-06-14 14:08:45,0
2018-06-14 14:08:50,0
2018-06-14 14:08:55,0
2018-06-14 14:09:00,0
2018-06-14 14:09:05,0
2018-06-14 14:09:10,0
2018-06-14 14:09:15,0
2018-06-14 14:09:20,0
2018-06-14 14:09:25,0
2018-06-14 14:09:30,0
2018-06-14 14:09:35,0
2018-06-14 14:09:40,0
2018-06-14 14:09:45,0
2018-06-14 14:09:50,0
2018-06-14 14:09:55,0
2018-06-14 14:10:00,0
2018-06-14 14:10:05,0
2018-06-14 14:10:10,0
2018-06-14 14:10:15,0
2018-06-14 14:10:20,0
2018-06-14 14:10:25,0
2018-06-14 14:10:30,0
2018-06-14 14:10:35,0
2018-06-14 14:10:40,0
2018-06-14 14:10:45,0
2018-06-14 14:10:50,0
2018-06-14 14:10:55,0
2018-06-14 14:11:00,0
2018-06-14 14:11:05,0
2018-06-14 14:11:10,0
2018-06-14 14:11:15,0
2018-06-14 14:11:20,0
2018-06-14 14:11:25,0
2018-06-14 14:11:30,0
2018-06-14 14:11:35,0
2018-06-14 14:11:40,0
2018-06-14 14:11:45,0
2018-06-14 14:11:50,0
2018-06-14 14:11:55,0
2018-06-14 14:12:00,0
2018-06-14 14:12:05,0
2018-06-14 14:12:10,0
2018-06-14 14:12:15,0
2018-06-14 14:12:20,0
2018-06-14 14:12:25,0
2018-06-14 14:12:30,0
2018-06-14 14:12:35,0
2018-06-14 14:12:40,0
2018-06-14 14:12:45,0
2018-06-14 14:12:50,0
2018-06-14 14:12:55,0
2018-06-14 14:13:00,0
2018-06-14 14:13:05,0
2018-06-14 14:13:10,0
2018-06-14 14:13:15,0
2018-06-14 14:13:20,0
2018-06-14 14:13:25,0
2018-06-14 14:13:30,0
2018-06-14 14:13:35,0
2018-06-14 14:13:40,0
2018-06-14 14:13:45,0
2018-06-14 14:13:50,0
2018-06-14 14:13:55,0
2018-06-14 14:14:00,0
2018-06-14 14:14:05,0
2018-06-14 14:14:10,0
2018-06-14 14:14:15,0
2018-06-14 14:14:20,0
2018-06-14 14:14:25,0
2018-06-14 14:14:30,0
2018-06-14 14:14:35,0
2018-06-14 14:14:40,0
2018-06-14 14:14:45,0
2018-06-14 14:14:50,0
2018-06-14 14:14:55,0
2018-06-14 14:15:00,0
2018-06-14 14:15:05,0
2018-06-14 14:15:10,0
2018-06-14 14:15:15,0
2018-06-14 14:15:20,0
2018-06-14 14:15:25,0
2018-06-14 14:15:30,0
2018-06-14 14:15:35,0
2018-06-14 14:15:40,0
2018-06-14 14:15:45,0
2018-06-14 14:15:50,0
2018-06-14 14:15:55,0
2018-06-14 14:16:00,0
2018-06-14 14:16:05,0
2018-06-14 14:16:10,0
2018-06-14 14:16:15,0
2018-06-14 14:16:20,0
2018-06-14 14:16:25,0
2018-06-14 14:16:30,0
2018-06-14 14:16:35,0
2018-06-14 14:16:40,0
2018-06-14 14:16:45,0
2018-06-14 14:16:50,0
2018-06-14 14:16:55,0
2018-06-14 14:17:00,0
2018-06-14 14:17:05,0
2018-06-14 14:17:10,0
2018-06-14 14:17:15,0
2018-06-14 14:17:20,0
2018-06-14 14:17:25,0
2018-06-14 14:17:30,0
2018-06-14 14:17:35,0
2018-06-14 14:17:40,0
2018-06-14 14:17:45,0
2018-06-14 14:17:50,0
2018-06-14 14:17:55,0
2018-06-14 14:18:00,0
2018-06-14 14:18:05,0
2018-06-14 14:18:10,0
2018-06-14 14:18:15,0
2018-06-14 14:18:20,0
2018-06-14 14:18:25,0
2018-06-14 14:18:30,0
2018-06-14 14:18:35,0
2018-06-14 14:18:40,0
2018-06-14 14:18:45,0
2018-06-14 14:18:50,0
2018-06-14 14:18:55,0
2018-06-14 14:19:00,0
2018-06-14 14:19:05,0
2018-06-14 14:19:10,0
2018-06-14 14:19:15,0
2018-06-14 14:19:20,0
2018-06-14 14:19:25,0
2018-06-14 14:19:30,0
2018-06-14 14:19:35,0
2018-06-14 14:19:40,0
2018-06-14 14:19:45,0
2018-06-14 14:19:50,0
2018-06-14 14:19:55,0
2018-06-14 14:20:00,0
2018-06-14 14:20:05,0
2018-06-14 14:20:10,0
2018-06-14 14:20:15,0
2018-06-14 14:20:20,0
2018-06-14 14:20:25,0
2018-06-14 14:20:30,0
2018-06-14 14:20:35,0
2018-06-14 14:20:40,0
2018-06-14 14:20:45,0
2018-06-14 14:20:50,0
2018-06-14 14:20:55,0
2018-06-14 14:21:00,0
2018-06-14 14:21:05,0
2018-06-14 14:21:10,0
2018-06-14 14:21:15,0
2018-06-14 14:21:20,0
2018-06-14 14:21:25,0
2018-06-14 14:21:30,0
2018-06-14 14:21:35,0
2018-06-14 14:21:40,0
2018-06-14 14:21:45,0
2018-06-14 14:21:50,0
2018-06-14 14:21:55,0
2018-06-14 14:22:00,0
2018-06-14 14:22:05,0
2018-06-14 14:22:10,0
2018-06-14 14:22:15,0
2018-06-14 14:22:20,0
2018-06-14 14:22:25,0
2018-06-14 14:22:30,0
2018-06-14 14:22:35,0
2018-06-14 14:22:40,0
2018-06-14 14:22:45,0
2018-06-14 14:22:50,0
2018-06-14 14:22:55,0
2018-06-14 14:23:00,0
2018-06-14 14:23:05,0
2018-06-14 14:23:10,0
2018-06-14 14:23:15,0
2018-06-14 14:23:20,0
2018-06-14 14:23:25,0
2018-06-14 14:23:30,0
2018-06-14 14:23:35,0
2018-06-14 14:23:40,0
2018-06-14 14:23:45,0
2018-06-14 14:23:50,0
2018-06-14 14:23:55,0
2018-06-14 14:24:00,0
2018-06-14 14:24:05,0
2018-06-14 14:24:10,0
2018-06-14 14:24:15,0
2018-06-14 14:24:20,0
2018-06-14 14:24:25,0
2018-06-14 14:24:30,0
2018-06-14 14:24:35,0
2018-06-14 14:24:40,0
2018-06-14 14:24:45,0
2018-06-14 14:24:50,0
2018-06-14 14:24:55,0
2018-06-14 14:25:00,0
2018-06-14 14:25:05,0
2018-06-14 14:25:10,0
2018-06-14 14:25:15,526.9
2018-06-14 14:25:20,736.1
2018-06-14 14:25:25,746.72
2018-06-14 14:25:30,746.73
2018-06-14 14:25:35,738.93
2018-06-14 14:25:40,740.44
2018-06-14 14:25:45,741.93
2018-06-14 14:25:50,730.47
2018-06-14 14:25:55,740.38
2018-06-14 14:26:00,750.24
2018-06-14 14:26:05,741.06
2018-06-14 14:26:10,742.66
2018-06-14 14:26:15,741.05
2018-06-14 14:26:20,743.17
2018-06-14 14:26:25,745.3
2018-06-14 14:26:30,743.17
2018-06-14 14:26:35,731.86
2018-06-14 14:26:40,739.05
2018-06-14 14:26:45,747.41
2018-06-14 14:26:50,744.61
2018-06-14 14:26:55,738.97
2018-06-14 14:27:00,746
2018-06-14 14:27:05,736.89
2018-06-14 14:27:10,742.48
2018-06-14 14:27:15,741.07
2018-06-14 14:27:20,735.44
2018-06-14 14:27:25,749.54
2018-06-14 14:27:30,736.1
2018-06-14 14:27:35,741.05
2018-06-14 14:27:40,748.12
2018-06-14 14:27:45,746.74
2018-06-14 14:27:50,736.83
2018-06-14 14:27:55,736.81
2018-06-14 14:28:00,745.29
2018-06-14 14:28:05,746.02
2018-06-14 14:28:10,738.93
2018-06-14 14:28:15,743.91
2018-06-14 14:28:20,738.93
2018-06-14 14:28:25,297.88
2018-06-14 14:28:30,0
2018-06-14 14:28:35,0
2018-06-14 14:28:40,0
2018-06-14 14:28:45,0
2018-06-14 14:28:50,5
2018-06-14 14:28:55,680.24
2018-06-14 14:29:00,1596.68
2018-06-14 14:29:05,1735.99
2018-06-14 14:29:10,1750.1
2018-06-14 14:29:15,1747.29
2018-06-14 14:29:20,1752.92
2018-06-14 14:29:25,1743.73
2018-06-14 14:29:30,1751.5
2018-06-14 14:29:35,1744.44
2018-06-14 14:29:40,1745.86
2018-06-14 14:29:45,1747.97
2018-06-14 14:29:50,1751.52
2018-06-14 14:29:55,1750.12
2018-06-14 14:30:00,1750.81
2018-06-14 14:30:05,1753.64
2018-06-14 14:30:10,1756.52
2018-06-14 14:30:15,1764.35
2018-06-14 14:30:20,1760.26
2018-06-14 14:30:25,1763.63
2018-06-14 14:30:30,1757.88
2018-06-14 14:30:35,1762.98
2018-06-14 14:30:40,1761.11
2018-06-14 14:30:45,1760.41
2018-06-14 14:30:50,1761.77
2018-06-14 14:30:55,1763.6
2018-06-14 14:31:00,1745.85
2018-06-14 14:31:05,1743.74
2018-06-14 14:31:10,1749.41
2018-06-14 14:31:15,1745.14
2018-06-14 14:31:20,1736.66
2018-06-14 14:31:25,1739.48
2018-06-14 14:31:30,1735.24
2018-06-14 14:31:35,1740.19
2018-06-14 14:31:40,1742.32
2018-06-14 14:31:45,1738.07
2018-06-14 14:31:50,1742.32
2018-06-14 14:31:55,430.66
2018-06-14 14:32:00,0
2018-06-14 14:32:05,0
2018-06-14 14:32:10,0
2018-06-14 14:32:15,0
2018-06-14 14:32:20,0
2018-06-14 14:32:25,0
2018-06-14 14:32:30,0
2018-06-14 14:32:35,0
2018-06-14 14:32:40,0
2018-06-14 14:32:45,0
2018-06-14 14:32:50,0
2018-06-14 14:32:55,0
2018-06-14 14:33:00,0
2018-06-14 14:33:05,0
2018-06-14 14:33:10,0
2018-06-14 14:33:15,305.47
2018-06-14 14:33:20,1336.49
2018-06-14 14:33:25,1747.39
2018-06-14 14:33:30,1753.04
2018-06-14 14:33:35,1750.31
2018-06-14 14:33:40,1747.35
2018-06-14 14:33:45,1750.23
2018-06-14 14:33:50,1755.17
2018-06-14 14:33:55,1756.67
2018-06-14 14:34:00,1756.93
2018-06-14 14:34:05,1743.82
2018-06-14 14:34:10,1736.66
2018-06-14 14:34:15,1734.55
2018-06-14 14:34:20,1738.07
2018-06-14 14:34:25,1735.97
2018-06-14 14:34:30,1740.21
2018-06-14 14:34:35,1737.4
2018-06-14 14:34:40,1738.8
2018-06-14 14:34:45,1737.38
2018-06-14 14:34:50,1743.83
2018-06-14 14:34:55,1739.5
2018-06-14 14:35:00,1743.76
2018-06-14 14:35:05,1746.6
2018-06-14 14:35:10,1738.11
2018-06-14 14:35:15,1739.5
2018-06-14 14:35:20,1734.54
2018-06-14 14:35:25,1741.61
2018-06-14 14:35:30,1742.35
2018-06-14 14:35:35,1735.26
2018-06-14 14:35:40,1743.04
2018-06-14 14:35:45,1743.79
2018-06-14 14:35:50,1750.16
2018-06-14 14:35:55,1753.12
2018-06-14 14:36:00,1739.51
2018-06-14 14:36:05,1745.88
2018-06-14 14:36:10,1749.51
2018-06-14 14:36:15,331.7
2018-06-14 14:36:20,0
2018-06-14 14:36:25,6
2018-06-14 14:36:30,0
2018-06-14 14:36:35,0
2018-06-14 14:36:40,0
2018-06-14 14:36:45,0
2018-06-14 14:36:50,0
2018-06-14 14:36:55,0
2018-06-14 14:37:00,0
2018-06-14 14:37:05,0
2018-06-14 14:37:10,0
2018-06-14 14:37:15,0
2018-06-14 14:37:20,0
2018-06-14 14:37:25,0
2018-06-14 14:37:30,0
2018-06-14 14:37:35,0
2018-06-14 14:37:40,0
2018-06-14 14:37:45,0
2018-06-14 14:37:50,0
2018-06-14 14:37:55,513.64
2018-06-14 14:38:00,1512.03
2018-06-14 14:38:05,1841.93
2018-06-14 14:38:10,1766.35
2018-06-14 14:38:15,1763.66
2018-06-14 14:38:20,1748.32
2018-06-14 14:38:25,1749.55
2018-06-14 14:38:30,1764.21
2018-06-14 14:38:35,1762.42
2018-06-14 14:38:40,1759.04
2018-06-14 14:38:45,1770.57
2018-06-14 14:38:50,1769.94
2018-06-14 14:38:55,1753.91
2018-06-14 14:39:00,1767.03
2018-06-14 14:39:05,1756.8
2018-06-14 14:39:10,1773.18
2018-06-14 14:39:15,1762.95
2018-06-14 14:39:20,1752.52
2018-06-14 14:39:25,1747.55
2018-06-14 14:39:30,1763.32
2018-06-14 14:39:35,1768.7
2018-06-14 14:39:40,1757.79
2018-06-14 14:39:45,1769.39
2018-06-14 14:39:50,1755.15
2018-06-14 14:39:55,1759.17
2018-06-14 14:40:00,1764.99
2018-06-14 14:40:05,1769.85
2018-06-14 14:40:10,1756.74
2018-06-14 14:40:15,1766.14
2018-06-14 14:40:20,1763.4
2018-06-14 14:40:25,1754.69
2018-06-14 14:40:30,1763.23
2018-06-14 14:40:35,1762.5
2018-06-14 14:40:40,1770.91
2018-06-14 14:40:45,1778.03
2018-06-14 14:40:50,1758.51
2018-06-14 14:40:55,394.73
2018-06-14 14:41:00,0
2018-06-14 14:41:05,0
2018-06-14 14:41:10,0
2018-06-14 14:41:15,0
2018-06-14 14:41:20,0
2018-06-14 14:41:25,0
2018-06-14 14:41:30,0
2018-06-14 14:41:35,0
2018-06-14 14:41:40,0
2018-06-14 14:41:45,0
2018-06-14 14:41:50,0
2018-06-14 14:41:55,0
2018-06-14 14:42:00,0
2018-06-14 14:42:05,0
2018-06-14 14:42:10,0
2018-06-14 14:42:15,0
2018-06-14 14:42:20,0
2018-06-14 14:42:25,0
2018-06-14 14:42:30,0
2018-06-14 14:42:35,0
2018-06-14 14:42:40,0
2018-06-14 14:42:45,0
2018-06-14 14:42:50,0
2018-06-14 14:42:55,0
2018-06-14 14:43:00,0
2018-06-14 14:43:05,0
2018-06-14 14:43:10,17
2018-06-14 14:43:15,0
2018-06-14 14:43:20,0
2018-06-14 14:43:25,0
2018-06-14 14:43:30,0
2018-06-14 14:43:35,0
2018-06-14 14:43:40,0
2018-06-14 14:43:45,0
2018-06-14 14:43:50,0
2018-06-14 14:43:55,0
2018-06-14 14:44:00,3.61
2018-06-14 14:44:05,663.27
2018-06-14 14:44:10,1602.32
2018-06-14 14:44:15,1833.68
2018-06-14 14:44:20,1760.69
2018-06-14 14:44:25,1767.21
2018-06-14 14:44:30,1762.73
2018-06-14 14:44:35,1760.59
2018-06-14 14:44:40,1763.18
2018-06-14 14:44:45,1762.25
2018-06-14 14:44:50,1772.83
2018-06-14 14:44:55,1756.11
2018-06-14 14:45:00,1764.27
2018-06-14 14:45:05,1753.09
2018-06-14 14:45:10,1754.68
2018-06-14 14:45:15,1758.27
2018-06-14 14:45:20,1769.65
2018-06-14 14:45:25,1765.24
2018-06-14 14:45:30,1773.11
2018-06-14 14:45:35,1764.36
2018-06-14 14:45:40,1756.42
2018-06-14 14:45:45,1776.1
2018-06-14 14:45:50,1752.07
2018-06-14 14:45:55,1769.44
2018-06-14 14:46:00,1772.54
2018-06-14 14:46:05,1760.09
2018-06-14 14:46:10,1768.21
2018-06-14 14:46:15,1765.54
2018-06-14 14:46:20,1756.56
2018-06-14 14:46:25,1767.54
2018-06-14 14:46:30,1765.34
2018-06-14 14:46:35,1774.18
2018-06-14 14:46:40,1775.15
2018-06-14 14:46:45,1765.48
2018-06-14 14:46:50,1760.39
2018-06-14 14:46:55,1772.32
2018-06-14 14:47:00,1762.75
2018-06-14 14:47:05,1388.32
2018-06-14 14:47:10,0
2018-06-14 14:47:15,0
2018-06-14 14:47:20,0
2018-06-14 14:47:25,0
2018-06-14 14:47:30,0
2018-06-14 14:47:35,13.15
2018-06-14 14:47:40,731.18
2018-06-14 14:47:45,1644.93
2018-06-14 14:47:50,1825.76
2018-06-14 14:47:55,1594.88
2018-06-14 14:48:00,1399.54
2018-06-14 14:48:05,1403.92
2018-06-14 14:48:10,1397.03
2018-06-14 14:48:15,1410.17
2018-06-14 14:48:20,1388.66
2018-06-14 14:48:25,1393.53
2018-06-14 14:48:30,1395.06
2018-06-14 14:48:35,1399.52
2018-06-14 14:48:40,1398.73
2018-06-14 14:48:45,1397.02
2018-06-14 14:48:50,1396.34
2018-06-14 14:48:55,1397.33
2018-06-14 14:49:00,1381.27
2018-06-14 14:49:05,1397.73
2018-06-14 14:49:10,1385.19
2018-06-14 14:49:15,1394.93
2018-06-14 14:49:20,1401.51
2018-06-14 14:49:25,1408.01
2018-06-14 14:49:30,1387.13
2018-06-14 14:49:35,1402.79
2018-06-14 14:49:40,1406.72
2018-06-14 14:49:45,1407.89
2018-06-14 14:49:50,1403.16
2018-06-14 14:49:55,1390.04
2018-06-14 14:50:00,1397.88
2018-06-14 14:50:05,1413.14
2018-06-14 14:50:10,1397.32
2018-06-14 14:50:15,1421.88
2018-06-14 14:50:20,1392.03
2018-06-14 14:50:25,1390.93
2018-06-14 14:50:30,1413.35
2018-06-14 14:50:35,1353.78
2018-06-14 14:50:40,9.06
2018-06-14 14:50:45,0
2018-06-14 14:50:50,0
2018-06-14 14:50:55,23.43
2018-06-14 14:51:00,102.63
2018-06-14 14:51:05,0
2018-06-14 14:51:10,12.37
2018-06-14 14:51:15,18
2018-06-14 14:51:20,0
2018-06-14 14:51:25,0
2018-06-14 14:51:30,0
2018-06-14 14:51:35,6
2018-06-14 14:51:40,0
2018-06-14 14:51:45,0
2018-06-14 14:51:50,0
2018-06-14 14:51:55,0
2018-06-14 14:52:00,0
2018-06-14 14:52:05,0
2018-06-14 14:52:10,0
2018-06-14 14:52:15,6
2018-06-14 14:52:20,9
2018-06-14 14:52:25,0
2018-06-14 14:52:30,0
2018-06-14 14:52:35,0
2018-06-14 14:52:40,0
2018-06-14 14:52:45,0
2018-06-14 14:52:50,0
2018-06-14 14:52:55,0
2018-06-14 14:53:00,0
2018-06-14 14:53:05,0
2018-06-14 14:53:10,0
2018-06-14 14:53:15,0
2018-06-14 14:53:20,0
2018-06-14 14:53:25,0
2018-06-14 14:53:30,0
2018-06-14 14:53:35,0
2018-06-14 14:53:40,0
2018-06-14 14:53:45,0
2018-06-14 14:53:50,0
2018-06-14 14:53:55,0
2018-06-14 14:54:00,0
2018-06-14 14:54:05,0
2018-06-14 14:54:10,0
2018-06-14 14:54:15,0
2018-06-14 14:54:20,0
2018-06-14 14:54:25,0
2018-06-14 14:54:30,0
2018-06-14 14:54:35,0
2018-06-14 14:54:40,0
2018-06-14 14:54:45,0
2018-06-14 14:54:50,0
2018-06-14 14:54:55,0
2018-06-14 14:55:00,185.27
2018-06-14 14:55:05,1205.07
2018-06-14 14:55:10,1805.02
2018-06-14 14:55:15,1753.06
2018-06-14 14:55:20,1458.23
2018-06-14 14:55:25,1142.92
2018-06-14 14:55:30,1098.72
2018-06-14 14:55:35,1135.46
2018-06-14 14:55:40,1100.12
2018-06-14 14:55:45,1076.73
2018-06-14 14:55:50,1145.26
2018-06-14 14:55:55,1092.25
2018-06-14 14:56:00,1110.84
2018-06-14 14:56:05,1104.05
2018-06-14 14:56:10,1090.65
2018-06-14 14:56:15,1094.36
2018-06-14 14:56:20,1134.3
2018-06-14 14:56:25,1119.38
2018-06-14 14:56:30,1117.15
2018-06-14 14:56:35,1104.76
2018-06-14 14:56:40,1127.98
2018-06-14 14:56:45,1095.91
2018-06-14 14:56:50,1101.15
2018-06-14 14:56:55,1114.81
2018-06-14 14:57:00,1101.41
2018-06-14 14:57:05,1132.33
2018-06-14 14:57:10,1107.47
2018-06-14 14:57:15,1120.23
2018-06-14 14:57:20,1114.29
2018-06-14 14:57:25,1096.83
2018-06-14 14:57:30,1108.6
2018-06-14 14:57:35,1092.41
2018-06-14 14:57:40,1126.91
2018-06-14 14:57:45,1089.63
2018-06-14 14:57:50,1126.5
2018-06-14 14:57:55,1091.01
2018-06-14 14:58:00,1109.41
2018-06-14 14:58:05,1009.43
2018-06-14 14:58:10,0
2018-06-14 14:58:15,98.72
2018-06-14 14:58:20,16.91
2018-06-14 14:58:25,0
2018-06-14 14:58:30,0
2018-06-14 14:58:35,0
2018-06-14 14:58:40,0
2018-06-14 14:58:45,0
2018-06-14 14:58:50,0
2018-06-14 14:58:55,0
2018-06-14 14:59:00,22.47
2018-06-14 14:59:05,14.04
2018-06-14 14:59:10,0
2018-06-14 14:59:15,19
2018-06-14 14:59:20,671.72
2018-06-14 14:59:25,1136.39
2018-06-14 14:59:30,85
2018-06-14 14:59:35,136.54
2018-06-14 14:59:40,738.78
2018-06-14 14:59:45,0
2018-06-14 14:59:50,0
2018-06-14 14:59:55,0
2018-06-14 15:00:00,0
2018-06-14 15:00:05,0
2018-06-14 15:00:10,0
2018-06-14 15:00:15,0
2018-06-14 15:00:20,0
2018-06-14 15:00:25,0
2018-06-14 15:00:30,0
2018-06-14 15:00:35,0
2018-06-14 15:00:40,0
2018-06-14 15:00:45,459.47
2018-06-14 15:00:50,0
2018-06-14 15:00:55,0
2018-06-14 15:01:00,0
2018-06-14 15:01:05,0
2018-06-14 15:01:10,0
2018-06-14 15:01:15,0
2018-06-14 15:01:20,0
2018-06-14 15:01:25,0
2018-06-14 15:01:30,0
2018-06-14 15:01:35,0
2018-06-14 15:01:40,0
2018-06-14 15:01:45,0
2018-06-14 15:01:50,0
2018-06-14 15:01:55,0
2018-06-14 15:02:00,0
2018-06-14 15:02:05,0
2018-06-14 15:02:10,0
2018-06-14 15:02:15,0
2018-06-14 15:02:20,0
2018-06-14 15:02:25,0
2018-06-14 15:02:30,0
2018-06-14 15:02:35,0
2018-06-14 15:02:40,0
2018-06-14 15:02:45,0
2018-06-14 15:02:50,0
2018-06-14 15:02:55,0
2018-06-14 15:03:00,0
2018-06-14 15:03:05,0
2018-06-14 15:03:10,0
2018-06-14 15:03:15,0
2018-06-14 15:03:20,0
2018-06-14 15:03:25,0
2018-06-14 15:03:30,0
2018-06-14 15:03:35,0
2018-06-14 15:03:40,0
2018-06-14 15:03:45,0
2018-06-14 15:03:50,0
2018-06-14 15:03:55,0
2018-06-14 15:04:00,0
2018-06-14 15:04:05,0
2018-06-14 15:04:10,0
2018-06-14 15:04:15,0
2018-06-14 15:04:20,0
2018-06-14 15:04:25,0
2018-06-14 15:04:30,0
2018-06-14 15:04:35,0
2018-06-14 15:04:40,0
2018-06-14 15:04:45,0
2018-06-14 15:04:50,0
2018-06-14 15:04:55,49.5
2018-06-14 15:05:00,629.3
2018-06-14 15:05:05,0
2018-06-14 15:05:10,0
2018-06-14 15:05:15,0
2018-06-14 15:05:20,0
2018-06-14 15:05:25,0
2018-06-14 15:05:30,0
2018-06-14 15:05:35,0
2018-06-14 15:05:40,0
2018-06-14 15:05:45,0
2018-06-14 15:05:50,0
2018-06-14 15:05:55,0
2018-06-14 15:06:00,0
2018-06-14 15:06:05,0
2018-06-14 15:06:10,0
2018-06-14 15:06:15,0
2018-06-14 15:06:20,0
2018-06-14 15:06:25,0
2018-06-14 15:06:30,0
2018-06-14 15:06:35,0
2018-06-14 15:06:40,0
2018-06-14 15:06:45,0
2018-06-14 15:06:50,0
2018-06-14 15:06:55,0
2018-06-14 15:07:00,0
2018-06-14 15:07:05,0
2018-06-14 15:07:10,0
2018-06-14 15:07:15,0
2018-06-14 15:07:20,0
2018-06-14 15:07:25,0
2018-06-14 15:07:30,0
2018-06-14 15:07:35,0
2018-06-14 15:07:40,0
2018-06-14 15:07:45,0
2018-06-14 15:07:50,6
2018-06-14 15:07:55,975.16
2018-06-14 15:08:00,1165.85
2018-06-14 15:08:05,888.79
2018-06-14 15:08:10,370.3
2018-06-14 15:08:15,23.85
2018-06-14 15:08:20,0
2018-06-14 15:08:25,0
2018-06-14 15:08:30,0
2018-06-14 15:08:35,0
2018-06-14 15:08:40,0
2018-06-14 15:08:45,0
2018-06-14 15:08:50,0
2018-06-14 15:08:55,0
2018-06-14 15:09:00,0
2018-06-14 15:09:05,0
2018-06-14 15:09:10,0
2018-06-14 15:09:15,0
2018-06-14 15:09:20,0
2018-06-14 15:09:25,0
2018-06-14 15:09:30,0
2018-06-14 15:09:35,0
2018-06-14 15:09:40,0
2018-06-14 15:09:45,0
2018-06-14 15:09:50,0
2018-06-14 15:09:55,0
2018-06-14 15:10:00,0
2018-06-14 15:10:05,0
2018-06-14 15:10:10,0
2018-06-14 15:10:15,0
2018-06-14 15:10:20,0
2018-06-14 15:10:25,0
2018-06-14 15:10:30,0
2018-06-14 15:10:35,0
2018-06-14 15:10:40,0
2018-06-14 15:10:45,0
2018-06-14 15:10:50,0
2018-06-14 15:10:55,0
2018-06-14 15:11:00,0
2018-06-14 15:11:05,0
2018-06-14 15:11:10,0
2018-06-14 15:11:15,0
2018-06-14 15:11:20,0
2018-06-14 15:11:25,0
2018-06-14 15:11:30,0
2018-06-14 15:11:35,0
2018-06-14 15:11:40,0
2018-06-14 15:11:45,0
2018-06-14 15:11:50,0
2018-06-14 15:11:55,0
2018-06-14 15:12:00,0
2018-06-14 15:12:05,0
2018-06-14 15:12:10,0
2018-06-14 15:12:15,0
2018-06-14 15:12:20,0
2018-06-14 15:12:25,0
2018-06-14 15:12:30,0
2018-06-14 15:12:35,0
2018-06-14 15:12:40,0
2018-06-14 15:12:45,0
2018-06-14 15:12:50,0
2018-06-14 15:12:55,0
2018-06-14 15:13:00,0
2018-06-14 15:13:05,0
2018-06-14 15:13:10,0
2018-06-14 15:13:15,0
2018-06-14 15:13:20,0
2018-06-14 15:13:25,0
2018-06-14 15:13:30,0
2018-06-14 15:13:35,0
2018-06-14 15:13:40,0
2018-06-14 15:13:45,0
2018-06-14 15:13:50,0
2018-06-14 15:13:55,0
2018-06-14 15:14:00,0
2018-06-14 15:14:05,0
2018-06-14 15:14:10,0
2018-06-14 15:14:15,0
2018-06-14 15:14:20,0
2018-06-14 15:14:25,0
2018-06-14 15:14:30,0
2018-06-14 15:14:35,0
2018-06-14 15:14:40,0
2018-06-14 15:14:45,0
2018-06-14 15:14:50,0
2018-06-14 15:14:55,0
2018-06-14 15:15:00,0
2018-06-14 15:15:05,0
2018-06-14 15:15:10,0
2018-06-14 15:15:15,0
2018-06-14 15:15:20,0
2018-06-14 15:15:25,0
2018-06-14 15:15:30,0
2018-06-14 15:15:35,0
2018-06-14 15:15:40,0
2018-06-14 15:15:45,0
2018-06-14 15:15:50,0
2018-06-14 15:15:55,0
2018-06-14 15:16:00,0
2018-06-14 15:16:05,0
2018-06-14 15:16:10,0
2018-06-14 15:16:15,0
2018-06-14 15:16:20,0
2018-06-14 15:16:25,0
2018-06-14 15:16:30,0
2018-06-14 15:16:35,0
