Time,enmoTrunc,xRange,yRange,zRange,xStd,yStd,zStd,temp,samples,dataErrors,clipsBeforeCalibr,clipsAfterCalibr,rawSamples
2018-06-14 11:20:00.000,0.015446,0.523091,0.481628,1.421372,0.029917,0.027709,0.023821,0.00,500,0,0,0,150
2018-06-14 11:20:05.000,0.012708,0.008064,0.003874,1.020101,0.001860,0.000763,0.008245,0.00,500,0,0,0,149
2018-06-14 11:20:10.000,0.012764,0.007945,0.003991,1.020371,0.001780,0.000834,0.008228,0.00,500,0,0,0,149
2018-06-14 11:20:15.000,0.013275,0.007945,0.003749,1.020371,0.001595,0.000578,0.002993,0.00,500,0,0,0,150
2018-06-14 11:20:20.000,0.012857,0.008064,0.003991,1.020221,0.001827,0.000685,0.008234,0.00,500,0,0,0,149
2018-06-14 11:20:25.000,0.012553,0.008064,0.003991,1.020371,0.001794,0.000861,0.008217,0.00,500,0,0,0,149
2018-06-14 11:20:30.000,0.012700,0.008064,0.003991,1.020371,0.001499,0.000523,0.001590,0.00,500,0,0,0,150
2018-06-14 11:20:35.000,0.012964,0.008064,0.003991,1.020109,0.001869,0.000825,0.008259,0.00,500,0,0,0,149
2018-06-14 11:20:40.000,0.012396,0.007941,0.003991,1.020371,0.001902,0.000866,0.008219,0.00,500,0,0,0,149
2018-06-14 11:20:45.000,0.012577,0.008064,0.003756,1.020101,0.001873,0.000454,0.002652,0.00,500,0,0,0,150
2018-06-14 11:20:50.000,0.012751,0.007945,0.003991,1.020371,0.001752,0.000748,0.008236,0.00,500,0,0,0,149
2018-06-14 11:20:55.000,0.012994,0.007826,0.003874,1.020371,0.001795,0.000833,0.008245,0.00,500,0,0,0,149
2018-06-14 11:21:00.000,0.012890,0.007941,0.003628,1.020371,0.001723,0.000629,0.008269,0.00,500,0,0,0,149
2018-06-14 11:21:05.000,0.012820,0.007575,0.003749,1.020101,0.001711,0.000578,0.001701,0.00,500,0,0,0,150
2018-06-14 11:21:10.000,0.012757,0.008064,0.003874,1.019847,0.001829,0.000722,0.008262,0.00,500,0,0,0,149
2018-06-14 11:21:15.000,0.012320,0.007941,0.003874,1.020371,0.001777,0.000635,0.008183,0.00,500,0,0,0,149
2018-06-14 11:21:20.000,0.012619,0.008064,0.003874,1.015420,0.001813,0.000635,0.002391,0.00,500,0,0,0,150
2018-06-14 11:21:25.000,0.012459,0.007708,0.003991,1.020371,0.001772,0.000658,0.008259,0.00,500,0,0,0,149
2018-06-14 11:21:30.000,0.012361,0.007945,0.003991,1.019291,0.001745,0.000708,0.008192,0.00,500,0,0,0,149
2018-06-14 11:21:35.000,0.012231,0.008064,0.007274,1.019322,0.001696,0.000642,0.001473,0.00,500,0,0,0,150
2018-06-14 11:21:40.000,0.012800,0.008064,0.003991,1.020109,0.001887,0.000527,0.008278,0.00,500,0,0,0,149
2018-06-14 11:21:45.000,0.012145,0.008064,0.003639,1.020101,0.001915,0.000576,0.008182,0.00,500,0,0,0,149
2018-06-14 11:21:50.000,0.011932,0.007826,0.003874,1.019561,0.001776,0.000580,0.002618,0.00,500,0,0,0,150
2018-06-14 11:21:55.000,0.012158,0.004032,0.003991,1.019831,0.001664,0.000491,0.008203,0.00,500,0,0,0,149
2018-06-14 11:22:00.000,0.011872,0.007453,0.003991,1.019585,0.001791,0.000635,0.008223,0.00,500,0,0,0,149
2018-06-14 11:22:05.000,0.012263,0.004032,0.003870,1.019322,0.001649,0.000522,0.008176,0.00,500,0,0,0,149
2018-06-14 11:22:10.000,0.012152,0.007331,0.003870,1.020101,0.001652,0.000582,0.001706,0.00,500,0,0,0,150
2018-06-14 11:22:15.000,0.011967,0.007086,0.003628,1.019981,0.001659,0.000452,0.008225,0.00,500,0,0,0,149
2018-06-14 11:22:20.000,0.012137,0.008064,0.003756,1.020371,0.001788,0.000581,0.008234,0.00,500,0,0,0,149
2018-06-14 11:22:25.000,0.012189,0.008064,0.003874,1.019831,0.001718,0.000579,0.002536,0.00,500,0,0,0,150
2018-06-14 11:22:30.000,0.011933,0.008064,0.003991,1.015420,0.001780,0.000583,0.008172,0.00,500,0,0,0,149
2018-06-14 11:22:35.000,0.012225,0.004032,0.003991,1.020101,0.001720,0.000844,0.008196,0.00,500,0,0,0,149
2018-06-14 11:22:40.000,0.012272,0.007589,0.007263,1.020371,0.001695,0.000459,0.001570,0.00,500,0,0,0,150
2018-06-14 11:22:45.000,0.012189,0.007352,0.003870,1.019847,0.001789,0.000632,0.008194,0.00,500,0,0,0,149
2018-06-14 11:22:50.000,0.012299,0.007352,0.003874,1.019847,0.001733,0.000527,0.008179,0.00,500,0,0,0,149
2018-06-14 11:22:55.000,0.012100,0.007471,0.003991,1.020109,0.001661,0.000761,0.002457,0.00,500,0,0,0,150
2018-06-14 11:23:00.000,0.011911,0.007941,0.003991,1.019831,0.001815,0.000685,0.008177,0.00,500,0,0,0,149
2018-06-14 11:23:05.000,0.012110,0.007708,0.003756,1.015304,0.001701,0.000453,0.008163,0.00,500,0,0,0,149
2018-06-14 11:23:10.000,0.012398,0.007697,0.003639,1.015420,0.001732,0.000371,0.008139,0.00,500,0,0,0,149
2018-06-14 11:23:15.000,0.012426,0.007589,0.003749,1.019561,0.001603,0.000581,0.001552,0.00,500,0,0,0,150
2018-06-14 11:23:20.000,0.012074,0.004032,0.003991,1.015420,0.001593,0.000584,0.008156,0.00,500,0,0,0,149
2018-06-14 11:23:25.000,0.012855,0.004032,0.003991,1.020371,0.001624,0.000493,0.008266,0.00,500,0,0,0,149
2018-06-14 11:23:30.000,0.012331,0.004032,0.007395,1.019831,0.001603,0.000532,0.002528,0.00,500,0,0,0,150
2018-06-14 11:23:35.000,0.012490,0.004032,0.003991,1.020371,0.001613,0.000581,0.008205,0.00,500,0,0,0,149
2018-06-14 11:23:40.000,0.012473,0.007575,0.003991,1.020109,0.001626,0.000641,0.008162,0.00,500,0,0,0,149
2018-06-14 11:23:45.000,0.012700,0.007826,0.003991,1.020371,0.001656,0.000380,0.001922,0.00,500,0,0,0,150
2018-06-14 11:23:50.000,0.012833,0.007945,0.003870,1.020371,0.001776,0.000455,0.008244,0.00,500,0,0,0,149
2018-06-14 11:23:55.000,0.012328,0.004032,0.003991,1.019831,0.001538,0.000727,0.008141,0.00,500,0,0,0,149
2018-06-14 11:24:00.000,0.011959,0.007819,0.003749,1.019981,0.001668,0.000453,0.002589,0.00,500,0,0,0,150
2018-06-14 11:24:05.000,0.012208,0.004032,0.003874,1.019021,0.001569,0.000374,0.008174,0.00,500,0,0,0,149
2018-06-14 11:24:10.000,0.012262,0.004032,0.003874,1.019847,0.001502,0.000633,0.008205,0.00,500,0,0,0,149
2018-06-14 11:24:15.000,0.011939,0.007819,0.003639,1.020109,0.001581,0.000264,0.008237,0.00,500,0,0,0,149
2018-06-14 11:24:20.000,0.012218,0.007471,0.003874,1.019831,0.001591,0.000378,0.001696,0.00,500,0,0,0,150
2018-06-14 11:24:25.000,0.012491,0.004032,0.003749,1.019235,0.001577,0.000373,0.008182,0.00,500,0,0,0,149
2018-06-14 11:24:30.000,0.012096,0.007352,0.003874,1.020109,0.001644,0.000458,0.008219,0.00,500,0,0,0,149
2018-06-14 11:24:35.000,0.012061,0.007819,0.003991,1.019561,0.001498,0.000506,0.001403,0.00,500,0,0,0,150
2018-06-14 11:24:40.000,0.011976,0.004032,0.003874,1.015300,0.001530,0.000457,0.008155,0.00,500,0,0,0,149
2018-06-14 11:24:45.000,0.012297,0.004032,0.003874,1.015420,0.001349,0.000454,0.008166,0.00,500,0,0,0,149
2018-06-14 11:24:50.000,0.012368,0.004032,0.003991,1.019322,0.001445,0.000805,0.001516,0.00,500,0,0,0,150
2018-06-14 11:24:55.000,0.011884,0.004032,0.007623,1.015304,0.001398,0.000530,0.008178,0.00,500,0,0,0,149
2018-06-14 11:25:00.000,0.012333,0.004032,0.003874,1.019831,0.001528,0.000581,0.008199,0.00,500,0,0,0,149
2018-06-14 11:25:05.000,0.012183,0.004032,0.003991,1.019621,0.001383,0.000730,0.002616,0.00,500,0,0,0,150
2018-06-14 11:25:10.000,0.011984,0.004032,0.003991,1.020109,0.001402,0.000378,0.008228,0.00,500,0,0,0,149
2018-06-14 11:25:15.000,0.011887,0.004032,0.007982,1.019585,0.001358,0.000538,0.008169,0.00,500,0,0,0,149
2018-06-14 11:25:20.000,0.011514,0.004032,0.003991,1.015180,0.001485,0.000376,0.008183,0.00,500,0,0,0,149
2018-06-14 11:25:25.000,0.011859,0.004032,0.000000,1.019291,0.001384,0.000000,0.001535,0.00,500,0,0,0,150
2018-06-14 11:25:30.000,0.011890,0.004032,0.003874,1.019322,0.001228,0.000522,0.008203,0.00,500,0,0,0,149
2018-06-14 11:25:35.000,0.012420,0.004032,0.003628,1.020371,0.001265,0.000452,0.008223,0.00,500,0,0,0,149
2018-06-14 11:25:40.000,0.012180,0.004032,0.003991,1.020371,0.001371,0.000585,0.001536,0.00,500,0,0,0,150
2018-06-14 11:25:45.000,0.012360,0.004032,0.003991,1.020109,0.001328,0.000459,0.008233,0.00,500,0,0,0,149
2018-06-14 11:25:50.000,0.012810,0.004032,0.003991,1.020371,0.001404,0.000527,0.008253,0.00,500,0,0,0,149
2018-06-14 11:25:55.000,0.012085,0.004032,0.003874,1.020101,0.001313,0.000520,0.001567,0.00,500,0,0,0,150
2018-06-14 11:26:00.000,0.012088,0.004032,0.003874,1.019585,0.001213,0.000454,0.008212,0.00,500,0,0,0,149
2018-06-14 11:26:05.000,0.012067,0.004032,0.000000,1.015420,0.001336,0.000009,0.008199,0.00,500,0,0,0,149
2018-06-14 11:26:10.000,0.011913,0.004032,0.003749,1.019561,0.001398,0.000372,0.002507,0.00,500,0,0,0,150
2018-06-14 11:26:15.000,0.011687,0.004032,0.003628,1.019291,0.001193,0.000371,0.008206,0.00,500,0,0,0,149
2018-06-14 11:26:20.000,0.011537,0.004032,0.003639,1.015300,0.001257,0.000371,0.008197,0.00,500,0,0,0,149
2018-06-14 11:26:25.000,0.011545,0.004032,0.003756,1.019831,0.001390,0.000520,0.008209,0.00,500,0,0,0,149
2018-06-14 11:26:30.000,0.011429,0.004032,0.003874,1.019831,0.001292,0.000520,0.001620,0.00,500,0,0,0,150
2018-06-14 11:26:35.000,0.011268,0.004032,0.003749,1.015187,0.001288,0.000453,0.008192,0.00,500,0,0,0,149
2018-06-14 11:26:40.000,0.011500,0.004032,0.007743,1.015180,0.001209,0.000646,0.008192,0.00,500,0,0,0,149
2018-06-14 11:26:45.000,0.011311,0.004032,0.000000,1.019201,0.001174,0.000000,0.001686,0.00,500,0,0,0,150
2018-06-14 11:26:50.000,0.011556,0.004032,0.003991,1.020371,0.001222,0.000375,0.008223,0.00,500,0,0,0,149
2018-06-14 11:26:55.000,0.011596,0.004032,0.003874,1.019235,0.001144,0.000375,0.008223,0.00,500,0,0,0,149
2018-06-14 11:27:00.000,0.011812,0.004032,0.003991,1.015420,0.001044,0.000377,0.001327,0.00,500,0,0,0,150
2018-06-14 11:27:05.000,0.011962,0.004032,0.003507,1.019643,0.001045,0.000264,0.008199,0.00,500,0,0,0,149
2018-06-14 11:27:10.000,0.011685,0.004032,0.003991,1.015187,0.001273,0.000272,0.008152,0.00,500,0,0,0,149
2018-06-14 11:27:15.000,0.012032,0.007819,0.007630,1.019322,0.001302,0.000598,0.002429,0.00,500,0,0,0,150
2018-06-14 11:27:20.000,0.011721,0.004032,0.003870,1.019291,0.000944,0.000374,0.008201,0.00,500,0,0,0,149
2018-06-14 11:27:25.000,0.011719,0.004032,0.003991,1.019561,0.001165,0.000524,0.008222,0.00,500,0,0,0,149
2018-06-14 11:27:30.000,0.011623,0.004032,0.000000,1.015300,0.001150,0.000009,0.008177,0.00,500,0,0,0,149
2018-06-14 11:27:35.000,0.011872,0.004032,0.003749,1.015304,0.001034,0.000266,0.001240,0.00,500,0,0,0,150
2018-06-14 11:27:40.000,0.012076,0.004032,0.003639,1.019992,0.001229,0.000264,0.008229,0.00,500,0,0,0,149
2018-06-14 11:27:45.000,0.011738,0.004032,0.003756,1.015420,0.000879,0.000454,0.008174,0.00,500,0,0,0,149
2018-06-14 11:27:50.000,0.012117,0.004032,0.003874,1.020101,0.000693,0.000524,0.001757,0.00,500,0,0,0,150
2018-06-14 11:27:55.000,0.011799,0.004032,0.003756,1.018857,0.000932,0.000371,0.008194,0.00,500,0,0,0,149
2018-06-14 11:28:00.000,0.011848,0.004032,0.003874,1.020371,0.000929,0.000375,0.008191,0.00,500,0,0,0,149
2018-06-14 11:28:05.000,0.011680,0.004032,0.003991,1.015180,0.000972,0.000378,0.001343,0.00,500,0,0,0,150
2018-06-14 11:28:10.000,0.011384,0.004032,0.003756,1.019060,0.000891,0.000266,0.008220,0.00,500,0,0,0,149
2018-06-14 11:28:15.000,0.011648,0.004032,0.003874,1.015304,0.000864,0.000375,0.008168,0.00,500,0,0,0,149
2018-06-14 11:28:20.000,0.011535,0.003910,0.007150,1.015071,0.000689,0.000375,0.002467,0.00,500,0,0,0,150
2018-06-14 11:28:25.000,0.011508,0.003913,0.003874,1.015060,0.000850,0.000374,0.008174,0.00,500,0,0,0,149
2018-06-14 11:28:30.000,0.011919,0.004032,0.003874,1.020225,0.000963,0.000581,0.008204,0.00,500,0,0,0,149
2018-06-14 11:28:35.000,0.011310,0.004032,0.007630,1.020371,0.000843,0.000380,0.008294,0.00,500,0,0,0,149
2018-06-14 11:28:40.000,0.011580,0.004032,0.000000,1.019831,0.001199,0.000000,0.001876,0.00,500,0,0,0,150
2018-06-14 11:28:45.000,0.011359,0.004032,0.003991,1.015420,0.000960,0.000420,0.008188,0.00,500,0,0,0,149
2018-06-14 11:28:50.000,0.011579,0.004032,0.003628,1.019322,0.001195,0.000265,0.008227,0.00,500,0,0,0,149
2018-06-14 11:28:55.000,0.011768,0.004032,0.007153,1.020101,0.000824,0.000374,0.001927,0.00,500,0,0,0,150
2018-06-14 11:29:00.000,0.011511,0.008064,0.003874,1.015420,0.001000,0.000522,0.008196,0.00,500,0,0,0,149
2018-06-14 11:29:05.000,0.011945,0.003676,0.007377,1.019322,0.000764,0.000462,0.008190,0.00,500,0,0,0,149
2018-06-14 11:29:10.000,0.011713,0.003910,0.003756,1.014838,0.000985,0.000374,0.001272,0.00,500,0,0,0,150
2018-06-14 11:29:15.000,0.011434,0.003913,0.003874,1.015180,0.000843,0.000269,0.008177,0.00,500,0,0,0,149
2018-06-14 11:29:20.000,0.011427,0.004032,0.000000,1.015420,0.000956,0.000009,0.008186,0.00,500,0,0,0,149
2018-06-14 11:29:25.000,0.011589,0.004032,0.003639,1.019614,0.000902,0.000372,0.002554,0.00,500,0,0,0,150
2018-06-14 11:29:30.000,0.011299,0.004032,0.003870,1.015071,0.000962,0.000521,0.008206,0.00,500,0,0,0,149
2018-06-14 11:29:35.000,0.011453,0.003795,0.003991,1.014838,0.000724,0.000382,0.008173,0.00,500,0,0,0,149
2018-06-14 11:29:40.000,0.011603,0.004032,0.000000,1.020109,0.000749,0.000009,0.008240,0.00,500,0,0,0,149
2018-06-14 11:29:45.000,0.011738,0.004032,0.003991,1.020371,0.000763,0.000272,0.001422,0.00,500,0,0,0,150
2018-06-14 11:29:50.000,0.011141,0.004032,0.003874,1.011460,0.000961,0.000374,0.008186,0.00,500,0,0,0,149
2018-06-14 11:29:55.000,0.011647,0.003913,0.000000,1.011460,0.000969,0.000009,0.008151,0.00,500,0,0,0,149
2018-06-14 11:30:00.000,0.011390,0.004032,0.003507,1.011460,0.000794,0.000263,0.001466,0.00,500,0,0,0,150
2018-06-14 11:30:05.000,0.011679,0.004032,0.003991,1.015060,0.000682,0.000460,0.008160,0.00,500,0,0,0,149
2018-06-14 11:30:10.000,0.011812,0.004032,0.003991,1.015300,0.000953,0.000349,0.008161,0.00,500,0,0,0,149
2018-06-14 11:30:15.000,0.011437,0.003913,0.003628,1.014838,0.000688,0.000264,0.001470,0.00,500,0,0,0,150
2018-06-14 11:30:20.000,0.011935,0.004032,0.003756,1.019060,0.000680,0.000372,0.008176,0.00,500,0,0,0,149
2018-06-14 11:30:25.000,0.011690,0.004032,0.008451,1.015304,0.001008,0.000598,0.008176,0.00,500,0,0,0,149
2018-06-14 11:30:30.000,0.011424,0.004032,0.003870,1.020109,0.000808,0.000454,0.002677,0.00,500,0,0,0,150
2018-06-14 11:30:35.000,0.011460,0.004032,0.007747,1.015420,0.000633,0.000382,0.008200,0.00,500,0,0,0,149
2018-06-14 11:30:40.000,0.011185,0.004032,0.007864,1.014700,0.000867,0.000384,0.008193,0.00,500,0,0,0,149
2018-06-14 11:30:45.000,0.011072,0.004032,0.003756,1.014954,0.000829,0.000266,0.008194,0.00,500,0,0,0,149
2018-06-14 11:30:50.000,0.010848,0.004032,0.007509,1.011460,0.000691,0.000378,0.001628,0.00,500,0,0,0,150
2018-06-14 11:30:55.000,0.011066,0.004032,0.000000,1.020109,0.000516,0.000009,0.008227,0.00,500,0,0,0,149
2018-06-14 11:31:00.000,0.011119,0.004032,0.007160,1.015187,0.000727,0.000458,0.008218,0.00,500,0,0,0,149
2018-06-14 11:31:05.000,0.011354,0.003910,0.000000,1.019831,0.000639,0.000000,0.001670,0.00,500,0,0,0,150
2018-06-14 11:31:10.000,0.011439,0.004032,0.003874,1.015060,0.000831,0.000376,0.008183,0.00,500,0,0,0,149
2018-06-14 11:31:15.000,0.011403,0.003913,0.000000,1.019291,0.000574,0.000009,0.008249,0.00,500,0,0,0,149
2018-06-14 11:31:20.000,0.011590,0.004032,0.007498,1.015420,0.000861,0.000462,0.001452,0.00,500,0,0,0,150
2018-06-14 11:31:25.000,0.011311,0.000000,0.003991,1.015420,0.000344,0.000272,0.008223,0.00,500,0,0,0,149
2018-06-14 11:31:30.000,0.011565,0.004032,0.003639,1.020101,0.000753,0.000371,0.008268,0.00,500,0,0,0,149
2018-06-14 11:31:35.000,0.011447,0.004032,0.003756,1.011460,0.000722,0.000372,0.002439,0.00,500,0,0,0,150
2018-06-14 11:31:40.000,0.011102,0.004032,0.000000,1.011460,0.000772,0.000009,0.008193,0.00,500,0,0,0,149
2018-06-14 11:31:45.000,0.011107,0.003558,0.003404,1.014820,0.000508,0.000263,0.008193,0.00,500,0,0,0,149
2018-06-14 11:31:50.000,0.010811,0.004032,0.000000,1.011460,0.000847,0.000009,0.008200,0.00,500,0,0,0,149
2018-06-14 11:31:55.000,0.010940,0.004032,0.003522,1.015420,0.000834,0.000263,0.002558,0.00,500,0,0,0,150
2018-06-14 11:32:00.000,0.011150,0.003913,0.003991,1.014940,0.000683,0.000459,0.008201,0.00,500,0,0,0,149
2018-06-14 11:32:05.000,0.011203,0.004032,0.003628,1.015187,0.000727,0.000371,0.008192,0.00,500,0,0,0,149
2018-06-14 11:32:10.000,0.011323,0.003910,0.007630,1.019847,0.000458,0.000381,0.001748,0.00,500,0,0,0,150
2018-06-14 11:32:15.000,0.011716,0.003913,0.003628,1.019614,0.000808,0.000265,0.008196,0.00,500,0,0,0,149
2018-06-14 11:32:20.000,0.011682,0.003913,0.007395,1.019831,0.000681,0.000377,0.008204,0.00,500,0,0,0,149
2018-06-14 11:32:25.000,0.011561,0.003913,0.007043,1.020371,0.000640,0.000529,0.001540,0.00,500,0,0,0,150
2018-06-14 11:32:30.000,0.011839,0.004032,0.003870,1.020101,0.000882,0.000374,0.008188,0.00,500,0,0,0,149
2018-06-14 11:32:35.000,0.011496,0.004032,0.003522,1.019847,0.000669,0.000263,0.008236,0.00,500,0,0,0,149
2018-06-14 11:32:40.000,0.011230,0.004032,0.003870,1.019981,0.000957,0.000456,0.002627,0.00,500,0,0,0,150
2018-06-14 11:32:45.000,0.011331,0.004032,0.000000,1.015071,0.000732,0.000009,0.008199,0.00,500,0,0,0,149
2018-06-14 11:32:50.000,0.011258,0.004032,0.003870,1.014820,0.000680,0.000376,0.008196,0.00,500,0,0,0,149
2018-06-14 11:32:55.000,0.011343,0.003913,0.007388,1.011460,0.000725,0.000377,0.008177,0.00,500,0,0,0,149
2018-06-14 11:33:00.000,0.011427,0.003910,0.003991,1.015420,0.000467,0.000272,0.002529,0.00,500,0,0,0,150
2018-06-14 11:33:05.000,0.011487,0.004032,0.003522,1.014940,0.000823,0.000263,0.008177,0.00,500,0,0,0,149
2018-06-14 11:33:10.000,0.011607,0.003439,0.003628,1.014838,0.000435,0.000265,0.008179,0.00,500,0,0,0,149
2018-06-14 11:33:15.000,0.011309,0.003913,0.003507,1.014954,0.000527,0.000263,0.001524,0.00,500,0,0,0,150
2018-06-14 11:33:20.000,0.011428,0.004032,0.007509,1.015420,0.000732,0.000461,0.008185,0.00,500,0,0,0,149
2018-06-14 11:33:25.000,0.011498,0.003676,0.003756,1.015187,0.000572,0.000266,0.008196,0.00,500,0,0,0,149
2018-06-14 11:33:30.000,0.011398,0.003788,0.007270,1.015304,0.000458,0.000459,0.001535,0.00,500,0,0,0,150
2018-06-14 11:33:35.000,0.011551,0.003439,0.003749,1.020371,0.000435,0.000266,0.008209,0.00,500,0,0,0,149
2018-06-14 11:33:40.000,0.011142,0.003543,0.007743,1.019291,0.000435,0.000381,0.008234,0.00,500,0,0,0,149
2018-06-14 11:33:45.000,0.011024,0.004032,0.003870,1.011460,0.000714,0.000268,0.001508,0.00,500,0,0,0,150
2018-06-14 11:33:50.000,0.011216,0.003795,0.000000,1.011460,0.000510,0.000009,0.008182,0.00,500,0,0,0,149
2018-06-14 11:33:55.000,0.010991,0.003788,0.003749,1.014460,0.000510,0.000373,0.008204,0.00,500,0,0,0,149
2018-06-14 11:34:00.000,0.011001,0.003439,0.000000,1.011460,0.000435,0.000009,0.008207,0.00,500,0,0,0,149
2018-06-14 11:34:05.000,0.010899,0.003788,0.003639,1.011460,0.000689,0.000264,0.002555,0.00,500,0,0,0,150
2018-06-14 11:34:10.000,0.011073,0.004032,0.003870,1.015300,0.000632,0.000374,0.008210,0.00,500,0,0,0,149
2018-06-14 11:34:15.000,0.011129,0.003676,0.007256,1.015300,0.000572,0.000376,0.008186,0.00,500,0,0,0,149
2018-06-14 11:34:20.000,0.011474,0.003676,0.003991,1.020109,0.000457,0.000272,0.001609,0.00,500,0,0,0,150
2018-06-14 11:34:25.000,0.011329,0.000000,0.007740,1.019992,0.000344,0.000352,0.008216,0.00,500,0,0,0,149
2018-06-14 11:34:30.000,0.011312,0.003913,0.007861,1.015300,0.000577,0.000566,0.008193,0.00,500,0,0,0,149
2018-06-14 11:34:35.000,0.011020,0.008775,0.007160,1.014940,0.000688,0.000459,0.001607,0.00,500,0,0,0,150
2018-06-14 11:34:40.000,0.010984,0.000000,0.003749,1.015187,0.000344,0.000266,0.008219,0.00,500,0,0,0,149
2018-06-14 11:34:45.000,0.011377,0.008775,0.000000,1.020371,0.000767,0.000009,0.008230,0.00,500,0,0,0,149
2018-06-14 11:34:50.000,0.011251,0.004032,0.003522,1.015071,0.000380,0.000263,0.001608,0.00,500,0,0,0,150
2018-06-14 11:34:55.000,0.010948,0.004032,0.000000,1.015300,0.000752,0.000009,0.008207,0.00,500,0,0,0,149
2018-06-14 11:35:00.000,0.010928,0.004032,0.000000,1.014721,0.000632,0.000009,0.008214,0.00,500,0,0,0,149
2018-06-14 11:35:05.000,0.011149,0.003913,0.003522,1.014838,0.000575,0.000263,0.008197,0.00,500,0,0,0,149
2018-06-14 11:35:10.000,0.010821,0.000000,0.003870,1.019585,0.000087,0.000267,0.002756,0.00,500,0,0,0,150
2018-06-14 11:35:15.000,0.011205,0.003913,0.007747,1.014700,0.000438,0.000382,0.008196,0.00,500,0,0,0,149
2018-06-14 11:35:20.000,0.011383,0.000000,0.003522,1.015304,0.000344,0.000263,0.008195,0.00,500,0,0,0,149
2018-06-14 11:35:25.000,0.011003,0.004032,0.007747,1.011460,0.000533,0.000465,0.001542,0.00,500,0,0,0,150
2018-06-14 11:35:30.000,0.011298,0.000000,0.007146,1.014954,0.000344,0.000458,0.008186,0.00,500,0,0,0,149
2018-06-14 11:35:35.000,0.011093,0.004032,0.000000,1.018811,0.000658,0.000009,0.008223,0.00,500,0,0,0,149
2018-06-14 11:35:40.000,0.010869,0.004032,0.007630,1.015187,0.000380,0.000380,0.001640,0.00,500,0,0,0,150
2018-06-14 11:35:45.000,0.010837,0.003913,0.003404,1.011460,0.000511,0.000263,0.008196,0.00,500,0,0,0,149
2018-06-14 11:35:50.000,0.010688,0.000000,0.003756,1.015187,0.000344,0.000266,0.008200,0.00,500,0,0,0,149
2018-06-14 11:35:55.000,0.010676,0.003676,0.003404,1.015187,0.000375,0.000263,0.001628,0.00,500,0,0,0,150
2018-06-14 11:36:00.000,0.010673,0.003795,0.000000,1.011460,0.000437,0.000009,0.008202,0.00,500,0,0,0,149
2018-06-14 11:36:05.000,0.011121,0.004032,0.000000,1.014820,0.000516,0.000009,0.008208,0.00,500,0,0,0,149
2018-06-14 11:36:10.000,0.011269,0.003910,0.000000,1.020371,0.000512,0.000009,0.008204,0.00,500,0,0,0,149
2018-06-14 11:36:15.000,0.011405,0.000000,0.003639,1.014954,0.000087,0.000371,0.002509,0.00,500,0,0,0,150
2018-06-14 11:36:20.000,0.011028,0.003910,0.003991,1.015071,0.000629,0.000272,0.008212,0.00,500,0,0,0,149
2018-06-14 11:36:25.000,0.010582,0.000000,0.003991,1.011460,0.000344,0.000272,0.008206,0.00,500,0,0,0,149
2018-06-14 11:36:30.000,0.010489,0.003666,0.000000,1.011460,0.000267,0.000000,0.001641,0.00,500,0,0,0,150
2018-06-14 11:36:35.000,0.010687,0.003788,0.007135,1.015180,0.000678,0.000375,0.008217,0.00,500,0,0,0,149
2018-06-14 11:36:40.000,0.010533,0.003558,0.000000,1.011460,0.000435,0.000009,0.008193,0.00,500,0,0,0,149
2018-06-14 11:36:45.000,0.011136,0.003788,0.003628,1.015060,0.000377,0.000518,0.001639,0.00,500,0,0,0,150
2018-06-14 11:36:50.000,0.011155,0.003558,0.003507,1.014820,0.000435,0.000264,0.008188,0.00,500,0,0,0,149
2018-06-14 11:36:55.000,0.011318,0.003676,0.003991,1.018857,0.000509,0.000380,0.008234,0.00,500,0,0,0,149
2018-06-14 11:37:00.000,0.010992,0.004032,0.003991,1.011460,0.000495,0.000456,0.001529,0.00,500,0,0,0,150
2018-06-14 11:37:05.000,0.011230,0.003910,0.007498,1.011460,0.000438,0.000379,0.008181,0.00,500,0,0,0,149
2018-06-14 11:37:10.000,0.010788,0.003676,0.000000,1.015304,0.000573,0.000009,0.008215,0.00,500,0,0,0,149
2018-06-14 11:37:15.000,0.011273,0.008674,0.003639,1.014940,0.000554,0.000452,0.008195,0.00,500,0,0,0,149
2018-06-14 11:37:20.000,0.011128,0.004032,0.007395,1.015180,0.000390,0.000531,0.002586,0.00,500,0,0,0,150
2018-06-14 11:37:25.000,0.011108,0.000000,0.003522,1.014838,0.000344,0.000263,0.008205,0.00,500,0,0,0,149
2018-06-14 11:37:30.000,0.011134,0.003439,0.007029,1.020101,0.000435,0.000373,0.008233,0.00,500,0,0,0,149
2018-06-14 11:37:35.000,0.010929,0.000000,0.000000,1.011460,0.000000,0.000000,0.001527,0.00,500,0,0,0,150
2018-06-14 11:37:40.000,0.011081,0.004032,0.007388,1.015187,0.000579,0.000532,0.008201,0.00,500,0,0,0,149
2018-06-14 11:37:45.000,0.011206,0.000000,0.003507,1.011460,0.000344,0.000264,0.008185,0.00,500,0,0,0,149
2018-06-14 11:37:50.000,0.011022,0.000000,0.000000,1.011460,0.000000,0.000000,0.001552,0.00,500,0,0,0,150
2018-06-14 11:37:55.000,0.011094,0.003666,0.003874,1.011460,0.000436,0.000269,0.008186,0.00,500,0,0,0,149
2018-06-14 11:38:00.000,0.011056,0.003910,0.003522,1.011460,0.000513,0.000263,0.008182,0.00,500,0,0,0,149
2018-06-14 11:38:05.000,0.011412,0.003676,0.003628,1.019561,0.000524,0.000264,0.001741,0.00,500,0,0,0,150
2018-06-14 11:38:10.000,0.010868,0.003788,0.003756,1.011460,0.000437,0.000373,0.008199,0.00,500,0,0,0,149
2018-06-14 11:38:15.000,0.010902,0.000000,0.000000,1.011460,0.000344,0.000009,0.008200,0.00,500,0,0,0,149
2018-06-14 11:38:20.000,0.010650,0.004032,0.007982,1.011460,0.000754,0.000470,0.008217,0.00,500,0,0,0,149
2018-06-14 11:38:25.000,0.010742,0.000000,0.000000,1.011460,0.000087,0.000003,0.002603,0.00,500,0,0,0,150
2018-06-14 11:38:30.000,0.010868,0.008155,0.000000,1.011460,0.000494,0.000009,0.008187,0.00,500,0,0,0,149
2018-06-14 11:38:35.000,0.010953,0.000000,0.003639,1.014940,0.000344,0.000372,0.008201,0.00,500,0,0,0,149
2018-06-14 11:38:40.000,0.010971,0.000000,0.003522,1.014838,0.000000,0.000263,0.001606,0.00,500,0,0,0,150
2018-06-14 11:38:45.000,0.011015,0.000000,0.007391,1.011460,0.000344,0.000376,0.008196,0.00,500,0,0,0,149
2018-06-14 11:38:50.000,0.010721,0.003910,0.000000,1.011460,0.000513,0.000009,0.008202,0.00,500,0,0,0,149
2018-06-14 11:38:55.000,0.010385,0.003676,0.007743,1.011460,0.000267,0.000381,0.001578,0.00,500,0,0,0,150
2018-06-14 11:39:00.000,0.011065,0.004734,0.000000,1.015420,0.000481,0.000009,0.008218,0.00,500,0,0,0,149
2018-06-14 11:39:05.000,0.010882,0.003676,0.000000,1.011460,0.000436,0.000009,0.008196,0.00,500,0,0,0,149
2018-06-14 11:39:10.000,0.010920,0.003788,0.000000,1.011460,0.000458,0.000000,0.001580,0.00,500,0,0,0,150
2018-06-14 11:39:15.000,0.010931,0.003558,0.003749,1.015420,0.000435,0.000266,0.008220,0.00,500,0,0,0,149
2018-06-14 11:39:20.000,0.011006,0.003558,0.007864,1.014721,0.000508,0.000467,0.008196,0.00,500,0,0,0,149
2018-06-14 11:39:25.000,0.010831,0.000000,0.000000,1.015304,0.000344,0.000009,0.008215,0.00,500,0,0,0,149
2018-06-14 11:39:30.000,0.010788,0.000000,0.003404,1.018857,0.000087,0.000263,0.002621,0.00,500,0,0,0,150
2018-06-14 11:39:35.000,0.010698,0.003666,0.000000,1.020109,0.000436,0.000009,0.008272,0.00,500,0,0,0,149
2018-06-14 11:39:40.000,0.010408,0.003666,0.003507,1.019561,0.000436,0.000264,0.008259,0.00,500,0,0,0,149
2018-06-14 11:39:45.000,0.010587,0.000000,0.003874,1.018811,0.000000,0.000374,0.001740,0.00,500,0,0,0,150
2018-06-14 11:39:50.000,0.010723,0.000000,0.007747,1.014721,0.000344,0.000381,0.008199,0.00,500,0,0,0,149
2018-06-14 11:39:55.000,0.011078,0.003676,0.003639,1.011460,0.000572,0.000264,0.008203,0.00,500,0,0,0,149
2018-06-14 11:40:00.000,0.010479,0.003910,0.003507,1.015300,0.000388,0.000370,0.002764,0.00,500,0,0,0,150
2018-06-14 11:40:05.000,0.010235,0.003913,0.003874,1.019471,0.000510,0.000458,0.008250,0.00,500,0,0,0,149
2018-06-14 11:40:10.000,0.010760,0.000000,0.007377,1.018857,0.000344,0.000378,0.008226,0.00,500,0,0,0,149
2018-06-14 11:40:15.000,0.010626,0.000000,0.000000,1.015420,0.000000,0.000000,0.001869,0.00,500,0,0,0,150
2018-06-14 11:40:20.000,0.011017,0.003676,0.000000,1.014954,0.000510,0.000009,0.008222,0.00,500,0,0,0,149
2018-06-14 11:40:25.000,0.010767,0.004032,0.000000,1.015420,0.000440,0.000009,0.008213,0.00,500,0,0,0,149
2018-06-14 11:40:30.000,0.010768,0.008716,0.007747,1.011460,0.000556,0.000533,0.008196,0.00,500,0,0,0,149
2018-06-14 11:40:35.000,0.010869,0.000000,0.007619,1.019060,0.000087,0.000381,0.002765,0.00,500,0,0,0,150
2018-06-14 11:40:40.000,0.010589,0.003913,0.003870,1.011460,0.000511,0.000375,0.008206,0.00,500,0,0,0,149
2018-06-14 11:40:45.000,0.010531,0.000000,0.000000,1.014838,0.000344,0.000009,0.008220,0.00,500,0,0,0,149
2018-06-14 11:40:50.000,0.010505,0.003558,0.003639,1.011460,0.000266,0.000264,0.001632,0.00,500,0,0,0,150
2018-06-14 11:40:55.000,0.010498,0.008004,0.003404,1.014700,0.000509,0.000263,0.008226,0.00,500,0,0,0,149
2018-06-14 11:41:00.000,0.010158,0.003910,0.000000,1.011460,0.000514,0.000009,0.008194,0.00,500,0,0,0,149
2018-06-14 11:41:05.000,0.010487,0.003788,0.000000,1.014721,0.000489,0.000003,0.002614,0.00,500,0,0,0,150
2018-06-14 11:41:10.000,0.010674,0.003913,0.003756,1.011460,0.000511,0.000266,0.008197,0.00,500,0,0,0,149
2018-06-14 11:41:15.000,0.010869,0.000000,0.000000,1.014460,0.000344,0.000009,0.008200,0.00,500,0,0,0,149
2018-06-14 11:41:20.000,0.010610,0.008531,0.003870,1.011460,0.000432,0.000374,0.001652,0.00,500,0,0,0,150
2018-06-14 11:41:25.000,0.011043,0.003676,0.000000,1.019322,0.000436,0.000009,0.008226,0.00,500,0,0,0,149
2018-06-14 11:41:30.000,0.010552,0.000000,0.003639,1.014940,0.000344,0.000372,0.008217,0.00,500,0,0,0,149
2018-06-14 11:41:35.000,0.010998,0.003543,0.000000,1.011460,0.000435,0.000009,0.008200,0.00,500,0,0,0,149
2018-06-14 11:41:40.000,0.011019,0.003439,0.007864,1.015071,0.000279,0.000465,0.002619,0.00,500,0,0,0,150
2018-06-14 11:41:45.000,0.010667,0.000000,0.003522,1.011460,0.000344,0.000263,0.008193,0.00,500,0,0,0,149
2018-06-14 11:41:50.000,0.010564,0.000000,0.000000,1.020371,0.000344,0.000009,0.008245,0.00,500,0,0,0,149
2018-06-14 11:41:55.000,0.010925,0.000000,0.003404,1.011460,0.000000,0.000263,0.001523,0.00,500,0,0,0,150
2018-06-14 11:42:00.000,0.010586,0.003666,0.006911,1.015180,0.000436,0.000374,0.008215,0.00,500,0,0,0,149
2018-06-14 11:42:05.000,0.010668,0.000000,0.000000,1.015420,0.000344,0.000009,0.008198,0.00,500,0,0,0,149
2018-06-14 11:42:10.000,0.010686,0.003910,0.003749,1.011460,0.000388,0.000266,0.002588,0.00,500,0,0,0,150
2018-06-14 11:42:15.000,0.010759,0.003558,0.003991,1.011460,0.000435,0.000272,0.008195,0.00,500,0,0,0,149
2018-06-14 11:42:20.000,0.011034,0.003788,0.007619,1.011460,0.000437,0.000463,0.008197,0.00,500,0,0,0,149
2018-06-14 11:42:25.000,0.010632,0.000000,0.003522,1.011460,0.000000,0.000263,0.001584,0.00,500,0,0,0,150
2018-06-14 11:42:30.000,0.010544,0.000000,0.003756,1.015300,0.000344,0.000452,0.008212,0.00,500,0,0,0,149
2018-06-14 11:42:35.000,0.010773,0.000000,0.007630,1.011460,0.000344,0.000381,0.008205,0.00,500,0,0,0,149
2018-06-14 11:42:40.000,0.010566,0.000000,0.003756,1.011460,0.000344,0.000372,0.008205,0.00,500,0,0,0,149
2018-06-14 11:42:45.000,0.010391,0.003666,0.002903,1.011460,0.000281,0.000152,0.002600,0.00,500,0,0,0,150
2018-06-14 11:42:50.000,0.010277,0.000000,0.000000,1.011460,0.000344,0.000009,0.008203,0.00,500,0,0,0,149
2018-06-14 11:42:55.000,0.010146,0.000000,0.000000,1.011460,0.000344,0.000009,0.008235,0.00,500,0,0,0,149
2018-06-14 11:43:00.000,0.010635,0.000000,0.000000,1.015071,0.000000,0.000000,0.001669,0.00,500,0,0,0,150
2018-06-14 11:43:05.000,0.010560,0.000000,0.003870,1.011460,0.000344,0.000457,0.008207,0.00,500,0,0,0,149
2018-06-14 11:43:10.000,0.010652,0.000000,0.003628,1.011460,0.000344,0.000265,0.008211,0.00,500,0,0,0,149
2018-06-14 11:43:15.000,0.010571,0.003910,0.000000,1.015300,0.000285,0.000003,0.002595,0.00,500,0,0,0,150
2018-06-14 11:43:20.000,0.010239,0.000000,0.000000,1.011460,0.000344,0.000009,0.008202,0.00,500,0,0,0,149
2018-06-14 11:43:25.000,0.010392,0.003910,0.000000,1.011460,0.000438,0.000009,0.008202,0.00,500,0,0,0,149
2018-06-14 11:43:30.000,0.010706,0.009071,0.007747,1.011460,0.000617,0.000464,0.001583,0.00,500,0,0,0,150
2018-06-14 11:43:35.000,0.010329,0.008271,0.003628,1.011460,0.000550,0.000265,0.008198,0.00,500,0,0,0,149
2018-06-14 11:43:40.000,0.010339,0.000000,0.003639,1.014940,0.000344,0.000264,0.008214,0.00,500,0,0,0,149
2018-06-14 11:43:45.000,0.010237,0.003913,0.007135,1.011460,0.000438,0.000458,0.008225,0.00,500,0,0,0,149
2018-06-14 11:43:50.000,0.010528,0.000000,0.003874,1.011460,0.000087,0.000268,0.002604,0.00,500,0,0,0,150
2018-06-14 11:43:55.000,0.010384,0.008479,0.003749,1.011460,0.000554,0.000266,0.008213,0.00,500,0,0,0,149
2018-06-14 11:44:00.000,0.010087,0.003795,0.003522,1.014721,0.000437,0.000263,0.008195,0.00,500,0,0,0,149
2018-06-14 11:44:05.000,0.010294,0.000000,0.000000,1.014838,0.000000,0.000000,0.001707,0.00,500,0,0,0,150
2018-06-14 11:44:10.000,0.010240,0.008342,0.000000,1.011460,0.000551,0.000009,0.008188,0.00,500,0,0,0,149
2018-06-14 11:44:15.000,0.009990,0.003910,0.003756,1.011460,0.000438,0.000266,0.008198,0.00,500,0,0,0,149
2018-06-14 11:44:20.000,0.009928,0.003910,0.003404,1.011460,0.000283,0.000263,0.002545,0.00,500,0,0,0,150
2018-06-14 11:44:25.000,0.010184,0.004429,0.007381,1.015180,0.000478,0.000461,0.008199,0.00,500,0,0,0,149
2018-06-14 11:44:30.000,0.009944,0.000000,0.000000,1.011460,0.000344,0.000009,0.008192,0.00,500,0,0,0,149
2018-06-14 11:44:35.000,0.010231,0.000000,0.007384,1.011460,0.000000,0.000377,0.001605,0.00,500,0,0,0,150
2018-06-14 11:44:40.000,0.010100,0.003543,0.007864,1.011460,0.000435,0.000467,0.008201,0.00,500,0,0,0,149
2018-06-14 11:44:45.000,0.010324,0.003910,0.000000,1.011460,0.000438,0.000009,0.008208,0.00,500,0,0,0,149
2018-06-14 11:44:50.000,0.010172,0.003913,0.003522,1.011460,0.000438,0.000263,0.008205,0.00,500,0,0,0,149
2018-06-14 11:44:55.000,0.010433,0.008919,0.003522,1.011460,0.000446,0.000263,0.002600,0.00,500,0,0,0,150
2018-06-14 11:45:00.000,0.010460,0.004032,0.003404,1.011460,0.000577,0.000263,0.008209,0.00,500,0,0,0,149
2018-06-14 11:45:05.000,0.010024,0.000000,0.007278,1.011460,0.000344,0.000376,0.008190,0.00,500,0,0,0,149
2018-06-14 11:45:10.000,0.010523,0.000000,0.007861,1.011460,0.000000,0.000384,0.001684,0.00,500,0,0,0,150
2018-06-14 11:45:15.000,0.010218,0.000000,0.007391,1.011460,0.000344,0.000530,0.008200,0.00,500,0,0,0,149
2018-06-14 11:45:20.000,0.010141,0.000000,0.000000,1.011460,0.000344,0.000009,0.008191,0.00,500,0,0,0,149
2018-06-14 11:45:25.000,0.010220,0.003439,0.007377,1.011460,0.000279,0.000377,0.002666,0.00,500,0,0,0,150
2018-06-14 11:45:30.000,0.010263,0.003666,0.003870,1.011460,0.000436,0.000456,0.008222,0.00,500,0,0,0,149
2018-06-14 11:45:35.000,0.010549,0.000000,0.003749,1.011460,0.000344,0.000266,0.008205,0.00,500,0,0,0,149
2018-06-14 11:45:40.000,0.010388,0.000000,0.007384,1.014721,0.000000,0.000528,0.001679,0.00,500,0,0,0,150
2018-06-14 11:45:45.000,0.010344,0.000000,0.003170,1.011460,0.000344,0.000172,0.008204,0.00,500,0,0,0,149
2018-06-14 11:45:50.000,0.010565,0.000000,0.007388,1.014838,0.000344,0.000377,0.008220,0.00,500,0,0,0,149
2018-06-14 11:45:55.000,0.010512,0.004447,0.007502,1.011460,0.000478,0.000461,0.008204,0.00,500,0,0,0,149
2018-06-14 11:46:00.000,0.010311,0.004429,0.000000,1.011460,0.000343,0.000003,0.002541,0.00,500,0,0,0,150
2018-06-14 11:46:05.000,0.010310,0.000000,0.003991,1.015300,0.000344,0.000376,0.008234,0.00,500,0,0,0,149
2018-06-14 11:46:10.000,0.010347,0.000000,0.003756,1.011460,0.000344,0.000266,0.008201,0.00,500,0,0,0,149
2018-06-14 11:46:15.000,0.010438,0.003439,0.000000,1.011460,0.000266,0.000000,0.001679,0.00,500,0,0,0,150
2018-06-14 11:46:20.000,0.010360,0.003910,0.000000,1.011460,0.000438,0.000009,0.008200,0.00,500,0,0,0,149
2018-06-14 11:46:25.000,0.010449,0.004887,0.000000,1.015300,0.000483,0.000009,0.008204,0.00,500,0,0,0,149
2018-06-14 11:46:30.000,0.010674,0.000000,0.007278,1.014838,0.000087,0.000458,0.002629,0.00,500,0,0,0,150
2018-06-14 11:46:35.000,0.010052,0.004299,0.003756,1.014255,0.000478,0.000520,0.008208,0.00,500,0,0,0,149
2018-06-14 11:46:40.000,0.010314,0.000000,0.003749,1.011460,0.000344,0.000266,0.008202,0.00,500,0,0,0,149
2018-06-14 11:46:45.000,0.074584,1.838764,1.865008,3.085084,0.299266,0.346704,0.555895,0.00,500,0,0,0,150
2018-06-14 11:46:50.000,0.062897,1.629248,1.528063,1.360044,0.265441,0.323556,0.159738,0.00,500,0,0,0,149
2018-06-14 11:46:55.000,0.079136,1.047404,1.050869,2.451451,0.173250,0.145811,0.248729,0.00,500,0,0,0,149
2018-06-14 11:47:00.000,0.016678,0.346033,0.377116,1.236801,0.036351,0.028625,0.035436,0.00,500,0,0,0,149
2018-06-14 11:47:05.000,0.010022,0.004032,0.004989,1.014721,0.001608,0.000983,0.002634,0.00,500,0,0,0,150
2018-06-14 11:47:10.000,0.009939,0.004032,0.004989,1.015187,0.001571,0.001014,0.008219,0.00,500,0,0,0,149
2018-06-14 11:47:15.000,0.009996,0.028043,0.023400,1.022351,0.004338,0.002924,0.008478,0.00,500,0,0,0,149
2018-06-14 11:47:20.000,0.010865,0.100056,0.030837,1.090204,0.009731,0.003478,0.007510,0.00,500,0,0,0,150
2018-06-14 11:47:25.000,0.010397,0.170155,0.020951,1.027797,0.011923,0.002738,0.009016,0.00,500,0,0,0,149
2018-06-14 11:47:30.000,0.010186,0.037475,0.012819,1.019981,0.005000,0.002047,0.008248,0.00,500,0,0,0,149
2018-06-14 11:47:35.000,0.010158,0.016035,0.008979,1.020371,0.001177,0.001587,0.002860,0.00,500,0,0,0,150
2018-06-14 11:47:40.000,0.010205,0.008115,0.003991,1.015187,0.000340,0.001344,0.008207,0.00,500,0,0,0,149
2018-06-14 11:47:45.000,0.010003,0.008263,0.003991,1.015187,0.000344,0.001203,0.008211,0.00,500,0,0,0,149
2018-06-14 11:47:50.000,0.010008,0.007805,0.008828,1.019614,0.000468,0.001286,0.001794,0.00,500,0,0,0,150
2018-06-14 11:47:55.000,0.009863,0.007966,0.008686,1.011460,0.000337,0.001115,0.008208,0.00,500,0,0,0,149
2018-06-14 11:48:00.000,0.009793,0.008263,0.003991,1.011460,0.000344,0.001077,0.008221,0.00,500,0,0,0,149
2018-06-14 11:48:05.000,0.009803,0.008115,0.008828,1.011460,0.000340,0.001356,0.008206,0.00,500,0,0,0,149
2018-06-14 11:48:10.000,0.010000,0.007805,0.008707,1.011460,0.000469,0.001274,0.002571,0.00,500,0,0,0,150
2018-06-14 11:48:15.000,0.009428,0.007957,0.003991,1.015060,0.000471,0.001200,0.008208,0.00,500,0,0,0,149
2018-06-14 11:48:20.000,0.009666,0.007966,0.008715,1.011460,0.000472,0.001307,0.008212,0.00,500,0,0,0,149
2018-06-14 11:48:25.000,0.009661,0.008263,0.003991,1.019585,0.000713,0.001243,0.001760,0.00,500,0,0,0,150
2018-06-14 11:48:30.000,0.009621,0.007966,0.008677,1.011460,0.000572,0.001233,0.008208,0.00,500,0,0,0,149
2018-06-14 11:48:35.000,0.010213,0.020433,0.027282,1.067027,0.001684,0.002337,0.009458,0.00,500,0,0,0,149
2018-06-14 11:48:40.000,0.010071,0.008110,0.008833,1.011460,0.000575,0.001105,0.002527,0.00,500,0,0,0,150
2018-06-14 11:48:45.000,0.009632,0.129462,0.053602,1.019591,0.009364,0.004138,0.008283,0.00,500,0,0,0,149
2018-06-14 11:48:50.000,0.010811,0.191132,0.059361,1.040683,0.015854,0.005729,0.009284,0.00,500,0,0,0,149
2018-06-14 11:48:55.000,0.009811,0.007966,0.003991,1.011460,0.000336,0.001277,0.001546,0.00,500,0,0,0,150
2018-06-14 11:49:00.000,0.009750,0.007225,0.008833,1.020371,0.000218,0.001241,0.008256,0.00,500,0,0,0,149
2018-06-14 11:49:05.000,0.010586,0.152308,0.072157,1.037203,0.021108,0.008012,0.010313,0.00,500,0,0,0,149
2018-06-14 11:49:10.000,0.009602,0.003223,0.003991,1.015420,0.000007,0.001267,0.002594,0.00,500,0,0,0,150
2018-06-14 11:49:15.000,0.009817,0.003223,0.003991,1.011460,0.000026,0.001358,0.008205,0.00,500,0,0,0,149
2018-06-14 11:49:20.000,0.009768,0.003223,0.003991,1.011460,0.000026,0.001408,0.008213,0.00,500,0,0,0,149
2018-06-14 11:49:25.000,0.009838,0.003223,0.003991,1.011460,0.000026,0.001382,0.008202,0.00,500,0,0,0,149
2018-06-14 11:49:30.000,0.009662,0.003223,0.003991,1.011460,0.000000,0.001363,0.001608,0.00,500,0,0,0,150
2018-06-14 11:49:35.000,0.009869,0.003223,0.003991,1.014838,0.000026,0.001279,0.008209,0.00,500,0,0,0,149
2018-06-14 11:49:40.000,0.010091,0.016423,0.003991,1.020371,0.000820,0.001529,0.008359,0.00,500,0,0,0,149
2018-06-14 11:49:45.000,0.009888,0.003223,0.003991,1.015187,0.000007,0.001441,0.002611,0.00,500,0,0,0,150
2018-06-14 11:49:50.000,0.009957,0.003223,0.003991,1.014838,0.000026,0.001483,0.008211,0.00,500,0,0,0,149
2018-06-14 11:49:55.000,0.009773,0.008064,0.003991,1.015060,0.000549,0.001435,0.008204,0.00,500,0,0,0,149
2018-06-14 11:50:00.000,0.009817,0.003223,0.003991,1.020101,0.000000,0.001329,0.001753,0.00,500,0,0,0,150
2018-06-14 11:50:05.000,0.009947,0.003223,0.003991,1.019831,0.000026,0.001537,0.008242,0.00,500,0,0,0,149
2018-06-14 11:50:10.000,0.009841,0.003223,0.003991,1.019322,0.000026,0.001363,0.008275,0.00,500,0,0,0,149
2018-06-14 11:50:15.000,0.009493,0.003223,0.003991,1.015060,0.000007,0.001466,0.002623,0.00,500,0,0,0,150
2018-06-14 11:50:20.000,0.009516,0.003223,0.003991,1.011460,0.000026,0.001447,0.008215,0.00,500,0,0,0,149
2018-06-14 11:50:25.000,0.009477,0.003223,0.003991,1.011460,0.000026,0.001582,0.008201,0.00,500,0,0,0,149
2018-06-14 11:50:30.000,0.009452,0.003223,0.003991,1.011460,0.000026,0.001514,0.008201,0.00,500,0,0,0,149
2018-06-14 11:50:35.000,0.009752,0.003223,0.003991,1.019614,0.000000,0.001468,0.001768,0.00,500,0,0,0,150
2018-06-14 11:50:40.000,0.009691,0.007826,0.003991,1.011460,0.000542,0.001472,0.008206,0.00,500,0,0,0,149
2018-06-14 11:50:45.000,0.009925,0.007575,0.003991,1.011460,0.000534,0.001579,0.008205,0.00,500,0,0,0,149
2018-06-14 11:50:50.000,0.009845,0.007819,0.003991,1.019614,0.000542,0.001539,0.002799,0.00,500,0,0,0,150
2018-06-14 11:50:55.000,0.009457,0.003223,0.003991,1.011460,0.000026,0.001457,0.008209,0.00,500,0,0,0,149
2018-06-14 11:51:00.000,0.009545,0.007352,0.007278,1.023632,0.000534,0.001611,0.008386,0.00,500,0,0,0,149
2018-06-14 11:51:05.000,0.009874,0.003223,0.003991,1.015304,0.000000,0.001553,0.001603,0.00,500,0,0,0,150
2018-06-14 11:51:10.000,0.009610,0.003223,0.003991,1.011460,0.000026,0.001462,0.008203,0.00,500,0,0,0,149
2018-06-14 11:51:15.000,0.009591,0.003223,0.003991,1.011460,0.000026,0.001523,0.008194,0.00,500,0,0,0,149
2018-06-14 11:51:20.000,0.009786,0.003223,0.003991,1.018811,0.000007,0.001597,0.002628,0.00,500,0,0,0,150
2018-06-14 11:51:25.000,0.009621,0.003223,0.003991,1.011460,0.000026,0.001559,0.008207,0.00,500,0,0,0,149
2018-06-14 11:51:30.000,0.009789,0.003223,0.003991,1.011460,0.000026,0.001511,0.008215,0.00,500,0,0,0,149
2018-06-14 11:51:35.000,0.009595,0.012658,0.003991,1.011460,0.001176,0.001525,0.008206,0.00,500,0,0,0,149
2018-06-14 11:51:40.000,0.010125,0.091283,0.037559,1.036423,0.011584,0.005544,0.005091,0.00,500,0,0,0,150
2018-06-14 11:51:45.000,0.009790,0.024953,0.007982,1.020109,0.002125,0.001796,0.008254,0.00,500,0,0,0,149
2018-06-14 11:51:50.000,0.009600,0.003223,0.003991,1.019981,0.000026,0.001587,0.008235,0.00,500,0,0,0,149
2018-06-14 11:51:55.000,0.009371,0.003223,0.003991,1.011460,0.000007,0.001668,0.002599,0.00,500,0,0,0,150
2018-06-14 11:52:00.000,0.009512,0.003223,0.003991,1.011460,0.000026,0.001614,0.008199,0.00,500,0,0,0,149
2018-06-14 11:52:05.000,0.009225,0.007522,0.003991,1.019235,0.000333,0.001633,0.008224,0.00,500,0,0,0,149
2018-06-14 11:52:10.000,0.009659,0.012955,0.007377,1.021856,0.000786,0.001687,0.001874,0.00,500,0,0,0,150
2018-06-14 11:52:15.000,0.009396,0.093195,0.041667,1.022291,0.008039,0.003748,0.008658,0.00,500,0,0,0,149
2018-06-14 11:52:20.000,0.009677,0.167457,0.083188,1.033242,0.016323,0.007846,0.008881,0.00,500,0,0,0,149
2018-06-14 11:52:25.000,0.009562,0.027763,0.011254,1.015180,0.003323,0.001803,0.002604,0.00,500,0,0,0,150
2018-06-14 11:52:30.000,0.009436,0.003223,0.003991,1.011460,0.000026,0.001621,0.008211,0.00,500,0,0,0,149
2018-06-14 11:52:35.000,0.009799,0.003223,0.003991,1.011460,0.000026,0.001597,0.008203,0.00,500,0,0,0,149
2018-06-14 11:52:40.000,0.009501,0.003223,0.003991,1.011460,0.000026,0.001606,0.008216,0.00,500,0,0,0,149
2018-06-14 11:52:45.000,0.009731,0.003223,0.003991,1.015420,0.000000,0.001607,0.001628,0.00,500,0,0,0,150
2018-06-14 11:52:50.000,0.009998,0.003223,0.003991,1.019614,0.000026,0.001583,0.008250,0.00,500,0,0,0,149
2018-06-14 11:52:55.000,0.009567,0.003223,0.003991,1.011460,0.000026,0.001618,0.008197,0.00,500,0,0,0,149
2018-06-14 11:53:00.000,0.009503,0.003223,0.003991,1.014838,0.000007,0.001610,0.002646,0.00,500,0,0,0,150
2018-06-14 11:53:05.000,0.009667,0.003223,0.003991,1.011460,0.000026,0.001627,0.008211,0.00,500,0,0,0,149
2018-06-14 11:53:10.000,0.010844,0.115815,0.071227,1.073928,0.015880,0.006870,0.010606,0.00,500,0,0,0,149
2018-06-14 11:53:15.000,0.009808,0.099999,0.045530,1.070343,0.012018,0.005272,0.005522,0.00,500,0,0,0,150
2018-06-14 11:53:20.000,0.009472,0.003223,0.003991,1.011460,0.000026,0.001562,0.008202,0.00,500,0,0,0,149
2018-06-14 11:53:25.000,0.009874,0.003223,0.003991,1.011460,0.000026,0.001592,0.008191,0.00,500,0,0,0,149
2018-06-14 11:53:30.000,0.009674,0.003223,0.003991,1.011460,0.000007,0.001597,0.002578,0.00,500,0,0,0,150
2018-06-14 11:53:35.000,0.009419,0.003223,0.003991,1.014838,0.000026,0.001613,0.008228,0.00,500,0,0,0,149
2018-06-14 11:53:40.000,0.009962,0.003223,0.003991,1.011460,0.000026,0.001586,0.008190,0.00,500,0,0,0,149
2018-06-14 11:53:45.000,0.009744,0.024098,0.010564,1.015071,0.002577,0.001740,0.008262,0.00,500,0,0,0,149
2018-06-14 11:53:50.000,0.010459,0.023775,0.015816,1.035313,0.001522,0.001840,0.003606,0.00,500,0,0,0,150
2018-06-14 11:53:55.000,0.010265,0.024465,0.019954,1.037494,0.002870,0.002258,0.009323,0.00,500,0,0,0,149
2018-06-14 11:54:00.000,0.009749,0.022584,0.011972,1.020371,0.002281,0.001894,0.008452,0.00,500,0,0,0,149
2018-06-14 11:54:05.000,0.009707,0.020654,0.011613,1.020109,0.002601,0.001786,0.003113,0.00,500,0,0,0,150
2018-06-14 11:54:10.000,0.009601,0.144189,0.100825,1.023691,0.013502,0.008549,0.008658,0.00,500,0,0,0,149
2018-06-14 11:54:15.000,0.009796,0.024842,0.014915,1.027360,0.003788,0.001911,0.008454,0.00,500,0,0,0,149
2018-06-14 11:54:20.000,0.009734,0.008064,0.003991,1.011460,0.001061,0.001589,0.001581,0.00,500,0,0,0,150
2018-06-14 11:54:25.000,0.009549,0.007331,0.003991,1.011460,0.000749,0.001657,0.008196,0.00,500,0,0,0,149
2018-06-14 11:54:30.000,0.009471,0.020266,0.033165,1.031961,0.001869,0.002690,0.008924,0.00,500,0,0,0,149
2018-06-14 11:54:35.000,0.009768,0.012562,0.003991,1.015071,0.000983,0.001659,0.002702,0.00,500,0,0,0,150
2018-06-14 11:54:40.000,0.009757,0.008064,0.003991,1.019322,0.001420,0.001618,0.008224,0.00,500,0,0,0,149
2018-06-14 11:54:45.000,0.009944,0.014927,0.003991,1.014838,0.001585,0.001637,0.008213,0.00,500,0,0,0,149
2018-06-14 11:54:50.000,0.010217,0.007589,0.003991,1.015180,0.000538,0.001616,0.008233,0.00,500,0,0,0,149
2018-06-14 11:54:55.000,0.010103,0.008064,0.003991,1.011460,0.001177,0.001672,0.001575,0.00,500,0,0,0,150
2018-06-14 11:55:00.000,0.009816,0.008064,0.003991,1.011460,0.001411,0.001592,0.008207,0.00,500,0,0,0,149
2018-06-14 11:55:05.000,0.010228,0.007819,0.003991,1.011460,0.000755,0.001585,0.008190,0.00,500,0,0,0,149
2018-06-14 11:55:10.000,0.010035,0.007826,0.003991,1.011460,0.000918,0.001630,0.002544,0.00,500,0,0,0,150
2018-06-14 11:55:15.000,0.009372,0.008064,0.003991,1.014721,0.000927,0.001616,0.008206,0.00,500,0,0,0,149
2018-06-14 11:55:20.000,0.009646,0.007826,0.003991,1.011460,0.001057,0.001600,0.008215,0.00,500,0,0,0,149
2018-06-14 11:55:25.000,0.009477,0.007589,0.003991,1.011460,0.001055,0.001605,0.001554,0.00,500,0,0,0,150
2018-06-14 11:55:30.000,0.009672,0.008064,0.003991,1.011460,0.001286,0.001526,0.008199,0.00,500,0,0,0,149
2018-06-14 11:55:35.000,0.009786,0.007352,0.003991,1.011460,0.000534,0.001650,0.008222,0.00,500,0,0,0,149
2018-06-14 11:55:40.000,0.009572,0.008064,0.003991,1.015304,0.001069,0.001649,0.002674,0.00,500,0,0,0,150
2018-06-14 11:55:45.000,0.009593,0.020616,0.011610,1.023196,0.003358,0.001829,0.008598,0.00,500,0,0,0,149
2018-06-14 11:55:50.000,0.010062,0.027968,0.007982,1.020371,0.002818,0.001790,0.008376,0.00,500,0,0,0,149
2018-06-14 11:55:55.000,0.009632,0.008064,0.003991,1.014940,0.001128,0.001607,0.008228,0.00,500,0,0,0,149
2018-06-14 11:56:00.000,0.010014,0.008064,0.003991,1.014838,0.000548,0.001652,0.001685,0.00,500,0,0,0,150
2018-06-14 11:56:05.000,0.010204,0.007826,0.003991,1.011460,0.001276,0.001643,0.008184,0.00,500,0,0,0,149
2018-06-14 11:56:10.000,0.009703,0.007575,0.003991,1.015420,0.001053,0.001565,0.008218,0.00,500,0,0,0,149
2018-06-14 11:56:15.000,0.009526,0.007819,0.003991,1.015187,0.000926,0.001619,0.002634,0.00,500,0,0,0,150
2018-06-14 11:56:20.000,0.009795,0.007575,0.003991,1.015180,0.001053,0.001624,0.008222,0.00,500,0,0,0,149
2018-06-14 11:56:25.000,0.009494,0.008064,0.003991,1.019992,0.001547,0.001618,0.008250,0.00,500,0,0,0,149
2018-06-14 11:56:30.000,0.009783,0.007819,0.003991,1.014954,0.001369,0.001662,0.001620,0.00,500,0,0,0,150
2018-06-14 11:56:35.000,0.009673,0.007589,0.003991,1.011460,0.000915,0.001651,0.008217,0.00,500,0,0,0,149
2018-06-14 11:56:40.000,0.009395,0.006878,0.003991,1.015420,0.000532,0.001673,0.008204,0.00,500,0,0,0,149
2018-06-14 11:56:45.000,0.009436,0.007575,0.003991,1.011460,0.000751,0.001590,0.002575,0.00,500,0,0,0,150
2018-06-14 11:56:50.000,0.009554,0.008064,0.003991,1.011460,0.001250,0.001586,0.008215,0.00,500,0,0,0,149
2018-06-14 11:56:55.000,0.009656,0.007819,0.003991,1.011460,0.001178,0.001608,0.008206,0.00,500,0,0,0,149
2018-06-14 11:57:00.000,0.009422,0.008064,0.003991,1.011460,0.001056,0.001685,0.008192,0.00,500,0,0,0,149
2018-06-14 11:57:05.000,0.009391,0.007826,0.003991,1.011460,0.001056,0.001599,0.001628,0.00,500,0,0,0,150
2018-06-14 11:57:10.000,0.009070,0.008064,0.003991,1.020101,0.001114,0.001630,0.008245,0.00,500,0,0,0,149
2018-06-14 11:57:15.000,0.009245,0.008064,0.003991,1.011460,0.000924,0.001659,0.008200,0.00,500,0,0,0,149
2018-06-14 11:57:20.000,0.009312,0.006878,0.003991,1.014940,0.000531,0.001602,0.002650,0.00,500,0,0,0,150
2018-06-14 11:57:25.000,0.009990,0.055827,0.028440,1.036393,0.006554,0.003362,0.009401,0.00,500,0,0,0,149
2018-06-14 11:57:30.000,0.009549,0.007826,0.003991,1.014721,0.001114,0.001614,0.008207,0.00,500,0,0,0,149
2018-06-14 11:57:35.000,0.008963,0.044867,0.015842,1.011460,0.003852,0.001799,0.001618,0.00,500,0,0,0,150
2018-06-14 11:57:40.000,0.009121,0.033853,0.016054,1.011460,0.002924,0.001955,0.008229,0.00,500,0,0,0,149
2018-06-14 11:57:45.000,0.008859,0.008064,0.003991,1.011460,0.001460,0.001568,0.008200,0.00,500,0,0,0,149
2018-06-14 11:57:50.000,0.009681,0.016035,0.003991,1.011460,0.002097,0.001647,0.002600,0.00,500,0,0,0,150
2018-06-14 11:57:55.000,0.009347,0.074465,0.051255,1.028052,0.007343,0.004131,0.008609,0.00,500,0,0,0,149
2018-06-14 11:58:00.000,0.009368,0.088328,0.033105,1.019585,0.006509,0.002605,0.008262,0.00,500,0,0,0,149
2018-06-14 11:58:05.000,0.009410,0.007826,0.003991,1.014940,0.001540,0.001635,0.008214,0.00,500,0,0,0,149
2018-06-14 11:58:10.000,0.009989,0.125037,0.076367,1.035583,0.013993,0.007226,0.006814,0.00,500,0,0,0,150
2018-06-14 11:58:15.000,0.009264,0.008064,0.003991,1.011460,0.001689,0.001606,0.008196,0.00,500,0,0,0,149
2018-06-14 11:58:20.000,0.022591,0.100581,0.432486,1.831283,0.011082,0.032288,0.073869,0.00,500,0,0,0,149
2018-06-14 11:58:25.000,0.009455,0.066995,0.033393,1.015187,0.009815,0.003773,0.001911,0.00,500,0,0,0,150
2018-06-14 11:58:30.000,0.010687,0.068854,0.039348,1.024091,0.011399,0.004413,0.008718,0.00,500,0,0,0,149
2018-06-14 11:58:35.000,0.010678,0.174303,0.100910,1.055782,0.015819,0.010402,0.019511,0.00,500,0,0,0,149
2018-06-14 11:58:40.000,0.012981,0.180498,0.197719,1.251245,0.013371,0.015148,0.024039,0.00,500,0,0,0,150
2018-06-14 11:58:45.000,0.009678,0.008064,0.003991,1.011460,0.002579,0.001439,0.008200,0.00,500,0,0,0,149
2018-06-14 11:58:50.000,0.009732,0.008064,0.003991,1.020371,0.002586,0.001460,0.008242,0.00,500,0,0,0,149
2018-06-14 11:58:55.000,0.009890,0.008064,0.003991,1.011460,0.002656,0.001364,0.002606,0.00,500,0,0,0,150
2018-06-14 11:59:00.000,0.009524,0.008064,0.003991,1.015180,0.002336,0.001399,0.008219,0.00,500,0,0,0,149
2018-06-14 11:59:05.000,0.009426,0.011858,0.003991,1.011460,0.002599,0.001381,0.008197,0.00,500,0,0,0,149
2018-06-14 11:59:10.000,0.009563,0.008064,0.003991,1.011460,0.002728,0.001499,0.008202,0.00,500,0,0,0,149
2018-06-14 11:59:15.000,0.010856,0.143547,0.057513,1.075398,0.011319,0.005804,0.018433,0.00,500,0,0,0,150
2018-06-14 11:59:20.000,0.009919,0.104569,0.073211,1.040683,0.017614,0.010587,0.012229,0.00,500,0,0,0,149
2018-06-14 11:59:25.000,0.010118,0.059878,0.052060,1.048784,0.005791,0.003434,0.009108,0.00,500,0,0,0,149
2018-06-14 11:59:30.000,0.009579,0.012095,0.003874,1.011460,0.001493,0.000457,0.001612,0.00,500,0,0,0,150
2018-06-14 11:59:35.000,0.009825,0.019914,0.007861,1.014838,0.002684,0.000654,0.008213,0.00,500,0,0,0,149
2018-06-14 11:59:40.000,0.009263,0.011851,0.003628,1.011460,0.001137,0.000267,0.008205,0.00,500,0,0,0,149
2018-06-14 11:59:45.000,0.009494,0.011858,0.003870,1.011460,0.001725,0.000523,0.001649,0.00,500,0,0,0,150
2018-06-14 11:59:50.000,0.009556,0.012095,0.007630,1.011460,0.001316,0.000382,0.008201,0.00,500,0,0,0,149
2018-06-14 11:59:55.000,0.009241,0.012095,0.003870,1.011460,0.001298,0.000376,0.008197,0.00,500,0,0,0,149
2018-06-14 12:00:00.000,0.009441,0.011384,0.003639,1.015187,0.001433,0.000452,0.002590,0.00,500,0,0,0,150
2018-06-14 12:00:05.000,0.009248,0.012095,0.003628,1.011460,0.001605,0.000268,0.008203,0.00,500,0,0,0,149
2018-06-14 12:00:10.000,0.009236,0.012095,0.003874,1.011460,0.001113,0.000378,0.008197,0.00,500,0,0,0,149
2018-06-14 12:00:15.000,0.010007,0.032467,0.025411,1.036067,0.003751,0.002394,0.009363,0.00,500,0,0,0,149
2018-06-14 12:00:20.000,0.010203,0.045563,0.025500,1.028292,0.004510,0.002315,0.003557,0.00,500,0,0,0,150
2018-06-14 12:00:25.000,0.009565,0.012095,0.011620,1.020371,0.001686,0.001394,0.008515,0.00,500,0,0,0,149
2018-06-14 12:00:30.000,0.009886,0.015652,0.015816,1.027572,0.002346,0.001376,0.008824,0.00,500,0,0,0,149
2018-06-14 12:00:35.000,0.009610,0.034580,0.015017,1.026457,0.003005,0.001560,0.003271,0.00,500,0,0,0,150
2018-06-14 12:00:40.000,0.009890,0.019921,0.020562,1.034143,0.004079,0.002855,0.009469,0.00,500,0,0,0,149
2018-06-14 12:00:45.000,0.010315,0.042213,0.046891,1.040533,0.005793,0.006054,0.013231,0.00,500,0,0,0,149
2018-06-14 12:00:50.000,0.009832,0.028488,0.032893,1.028292,0.003994,0.002800,0.004662,0.00,500,0,0,0,150
2018-06-14 12:00:55.000,0.009847,0.015889,0.020649,1.027360,0.002270,0.001661,0.008970,0.00,500,0,0,0,149
2018-06-14 12:01:00.000,0.010040,0.011606,0.035183,1.048994,0.001154,0.002519,0.009639,0.00,500,0,0,0,149
2018-06-14 12:01:05.000,0.009250,0.011858,0.003991,1.011460,0.001476,0.000379,0.002613,0.00,500,0,0,0,150
2018-06-14 12:01:10.000,0.009635,0.011739,0.003639,1.011460,0.001338,0.000374,0.008204,0.00,500,0,0,0,149
2018-06-14 12:01:15.000,0.009452,0.011973,0.007395,1.014721,0.001346,0.000382,0.008203,0.00,500,0,0,0,149
2018-06-14 12:01:20.000,0.009927,0.029229,0.028078,1.033796,0.004074,0.001934,0.008437,0.00,500,0,0,0,149
2018-06-14 12:01:25.000,0.010981,0.262050,0.043807,1.101561,0.019518,0.003906,0.009253,0.00,500,0,0,0,150
2018-06-14 12:01:30.000,0.011923,0.183761,0.073438,1.077438,0.038640,0.011057,0.014374,0.00,500,0,0,0,149
