HEADER_TIME_STAMP,Y_ACCELERATION_METERS_PER_SECOND_SQUARED,group
2015-12-15 13:51:47,2.887,gt
2015-12-15 13:51:47,2.523,gt
2015-12-15 13:51:47,2.141,gt
2015-12-15 13:51:47,1.813,gt
2015-12-15 13:51:47,1.547,gt
2015-12-15 13:51:47,1.289,gt
2015-12-15 13:51:47,1.066,gt
2015-12-15 13:51:47,0.871,gt
2015-12-15 13:51:47,0.715,gt
2015-12-15 13:51:47,0.602,gt
2015-12-15 13:51:47,0.527,gt
2015-12-15 13:51:47,0.469,gt
2015-12-15 13:51:47,0.406,gt
2015-12-15 13:51:47,0.344,gt
2015-12-15 13:51:47,0.309,gt
2015-12-15 13:51:47,0.344,gt
2015-12-15 13:51:47,0.402,gt
2015-12-15 13:51:48,0.43,gt
2015-12-15 13:51:48,0.422,gt
2015-12-15 13:51:48,0.477,gt
2015-12-15 13:51:48,0.637,gt
2015-12-15 13:51:48,0.875,gt
2015-12-15 13:51:48,1.234,gt
2015-12-15 13:51:48,1.848,gt
2015-12-15 13:51:48,2.75,gt
2015-12-15 13:51:48,3.602,gt
2015-12-15 13:51:48,4.02,gt
2015-12-15 13:51:48,4.145,gt
2015-12-15 13:51:48,4.043,gt
2015-12-15 13:51:48,3.719,gt
2015-12-15 13:51:48,3.164,gt
2015-12-15 13:51:48,2.523,gt
2015-12-15 13:51:48,2.043,gt
2015-12-15 13:51:48,1.758,gt
2015-12-15 13:51:48,1.48,gt
2015-12-15 13:51:48,1.156,gt
2015-12-15 13:51:48,0.813,gt
2015-12-15 13:51:48,0.484,gt
2015-12-15 13:51:48,0.211,gt
2015-12-15 13:51:48,-0.004,gt
2015-12-15 13:51:48,-0.191,gt
2015-12-15 13:51:48,-0.305,gt
2015-12-15 13:51:48,-0.379,gt
2015-12-15 13:51:48,-0.438,gt
2015-12-15 13:51:48,-0.473,gt
2015-12-15 13:51:48,-0.492,gt
2015-12-15 13:51:48,-0.523,gt
2015-12-15 13:51:48,-0.574,gt
2015-12-15 13:51:48,-0.621,gt
2015-12-15 13:51:48,-0.629,gt
2015-12-15 13:51:48,-0.582,gt
2015-12-15 13:51:48,-0.523,gt
2015-12-15 13:51:48,-0.469,gt
2015-12-15 13:51:48,-0.352,gt
2015-12-15 13:51:48,-0.137,gt
2015-12-15 13:51:48,0.355,gt
2015-12-15 13:51:48,1.293,gt
2015-12-15 13:51:48,2.383,gt
2015-12-15 13:51:48,3.207,gt
2015-12-15 13:51:48,3.602,gt
2015-12-15 13:51:48,3.859,gt
2015-12-15 13:51:48,3.973,gt
2015-12-15 13:51:48,3.766,gt
2015-12-15 13:51:48,3.348,gt
2015-12-15 13:51:48,2.852,gt
2015-12-15 13:51:48,2.371,gt
2015-12-15 13:51:48,1.934,gt
2015-12-15 13:51:48,1.559,gt
2015-12-15 13:51:48,1.293,gt
2015-12-15 13:51:48,1.09,gt
2015-12-15 13:51:48,0.918,gt
2015-12-15 13:51:48,0.793,gt
2015-12-15 13:51:48,0.715,gt
2015-12-15 13:51:48,0.668,gt
2015-12-15 13:51:48,0.629,gt
2015-12-15 13:51:48,0.566,gt
2015-12-15 13:51:48,0.512,gt
2015-12-15 13:51:48,0.477,gt
2015-12-15 13:51:48,0.469,gt
2015-12-15 13:51:48,0.488,gt
2015-12-15 13:51:48,0.563,gt
2015-12-15 13:51:48,0.723,gt
2015-12-15 13:51:48,0.938,gt
2015-12-15 13:51:48,1.172,gt
2015-12-15 13:51:48,1.445,gt
2015-12-15 13:51:48,1.91,gt
2015-12-15 13:51:48,2.738,gt
2015-12-15 13:51:48,3.793,gt
2015-12-15 13:51:48,4.477,gt
2015-12-15 13:51:48,4.523,gt
2015-12-15 13:51:48,4.348,gt
2015-12-15 13:51:48,4.516,gt
2015-12-15 13:51:48,4.711,gt
2015-12-15 13:51:48,4.266,gt
2015-12-15 13:51:48,3.305,gt
2015-12-15 13:51:48,2.313,gt
2015-12-15 13:51:48,1.578,gt
2015-12-15 13:51:49,1.168,gt
2015-12-15 13:51:49,0.895,gt
2015-12-15 13:51:49,0.578,gt
2015-12-15 13:51:49,0.195,gt
2015-12-15 13:51:49,-0.199,gt
2015-12-15 13:51:49,-0.473,gt
2015-12-15 13:51:49,-0.578,gt
2015-12-15 13:51:49,-0.566,gt
2015-12-15 13:51:49,-0.504,gt
2015-12-15 13:51:49,-0.457,gt
2015-12-15 13:51:49,-0.469,gt
2015-12-15 13:51:49,-0.523,gt
2015-12-15 13:51:49,-0.594,gt
2015-12-15 13:51:49,-0.641,gt
2015-12-15 13:51:49,-0.664,gt
2015-12-15 13:51:49,-0.641,gt
2015-12-15 13:51:49,-0.535,gt
2015-12-15 13:51:49,-0.379,gt
2015-12-15 13:51:49,-0.199,gt
2015-12-15 13:51:49,0.027,gt
2015-12-15 13:51:49,0.52,gt
2015-12-15 13:51:49,1.652,gt
2015-12-15 13:51:49,3.051,gt
2015-12-15 13:51:49,3.934,gt
2015-12-15 13:51:49,4.148,gt
2015-12-15 13:51:49,4.434,gt
2015-12-15 13:51:49,4.531,gt
2015-12-15 13:51:49,4.141,gt
2015-12-15 13:51:49,3.602,gt
2015-12-15 13:51:49,3.113,gt
2015-12-15 13:51:49,2.723,gt
2015-12-15 13:51:49,2.344,gt
2015-12-15 13:51:49,1.922,gt
2015-12-15 13:51:49,1.469,gt
2015-12-15 13:51:49,1.051,gt
2015-12-15 13:51:49,0.734,gt
2015-12-15 13:51:49,0.508,gt
2015-12-15 13:51:49,0.375,gt
2015-12-15 13:51:49,0.352,gt
2015-12-15 13:51:49,0.387,gt
2015-12-15 13:51:49,0.402,gt
2015-12-15 13:51:49,0.316,gt
2015-12-15 13:51:49,0.184,gt
2015-12-15 13:51:49,0.078,gt
2015-12-15 13:51:49,0.027,gt
2015-12-15 13:51:49,0.031,gt
2015-12-15 13:51:49,0.109,gt
2015-12-15 13:51:49,0.262,gt
2015-12-15 13:51:49,0.531,gt
2015-12-15 13:51:49,1.129,gt
2015-12-15 13:51:49,2.301,gt
2015-12-15 13:51:49,3.742,gt
2015-12-15 13:51:49,4.551,gt
2015-12-15 13:51:49,4.613,gt
2015-12-15 13:51:49,4.406,gt
2015-12-15 13:51:49,4.156,gt
2015-12-15 13:51:49,3.984,gt
2015-12-15 13:51:49,3.715,gt
2015-12-15 13:51:49,3.191,gt
2015-12-15 13:51:49,2.512,gt
2015-12-15 13:51:49,1.805,gt
2015-12-15 13:51:49,1.184,gt
2015-12-15 13:51:49,0.68,gt
2015-12-15 13:51:49,0.258,gt
2015-12-15 13:51:49,-0.074,gt
2015-12-15 13:51:49,-0.328,gt
2015-12-15 13:51:49,-0.465,gt
2015-12-15 13:51:49,-0.465,gt
2015-12-15 13:51:49,-0.383,gt
2015-12-15 13:51:49,-0.301,gt
2015-12-15 13:51:49,-0.293,gt
2015-12-15 13:51:49,-0.34,gt
2015-12-15 13:51:49,-0.438,gt
2015-12-15 13:51:49,-0.543,gt
2015-12-15 13:51:49,-0.605,gt
2015-12-15 13:51:49,-0.598,gt
2015-12-15 13:51:49,-0.523,gt
2015-12-15 13:51:49,-0.371,gt
2015-12-15 13:51:49,-0.113,gt
2015-12-15 13:51:49,0.223,gt
2015-12-15 13:51:50,0.543,gt
2015-12-15 13:51:50,0.852,gt
2015-12-15 13:51:50,1.23,gt
2015-12-15 13:51:50,1.742,gt
2015-12-15 13:51:50,2.555,gt
2015-12-15 13:51:50,3.512,gt
2015-12-15 13:51:50,4.223,gt
2015-12-15 13:51:50,4.336,gt
2015-12-15 13:51:50,3.887,gt
2015-12-15 13:51:50,3.188,gt
2015-12-15 13:51:50,2.574,gt
2015-12-15 13:51:50,2.137,gt
2015-12-15 13:51:50,1.875,gt
2015-12-15 13:51:50,1.723,gt
2015-12-15 13:51:50,1.523,gt
2015-12-15 13:51:50,1.246,gt
2015-12-15 13:51:50,0.961,gt
2015-12-15 13:51:50,0.734,gt
2015-12-15 13:51:50,0.594,gt
2015-12-15 13:51:50,0.52,gt
2015-12-15 13:51:50,0.449,gt
2015-12-15 13:51:50,0.34,gt
2015-12-15 13:51:50,0.215,gt
2015-12-15 13:51:50,0.117,gt
2015-12-15 13:51:50,0.086,gt
2015-12-15 13:51:50,0.109,gt
2015-12-15 13:51:50,0.164,gt
2015-12-15 13:51:50,0.242,gt
2015-12-15 13:51:50,0.367,gt
2015-12-15 13:51:50,0.625,gt
2015-12-15 13:51:50,1.109,gt
2015-12-15 13:51:50,2.234,gt
2015-12-15 13:51:50,3.855,gt
2015-12-15 13:51:50,4.652,gt
2015-12-15 13:51:50,4.406,gt
2015-12-15 13:51:50,3.953,gt
2015-12-15 13:51:50,4.004,gt
2015-12-15 13:51:50,4.336,gt
2015-12-15 13:51:50,4.238,gt
2015-12-15 13:51:50,3.477,gt
2015-12-15 13:51:50,2.559,gt
2015-12-15 13:51:50,1.789,gt
2015-12-15 13:51:50,1.191,gt
2015-12-15 13:51:50,0.742,gt
2015-12-15 13:51:50,0.406,gt
2015-12-15 13:51:50,0.129,gt
2015-12-15 13:51:50,-0.113,gt
2015-12-15 13:51:50,-0.289,gt
2015-12-15 13:51:50,-0.34,gt
2015-12-15 13:51:50,-0.301,gt
2015-12-15 13:51:50,-0.242,gt
2015-12-15 13:51:50,-0.234,gt
2015-12-15 13:51:50,-0.293,gt
2015-12-15 13:51:50,-0.367,gt
2015-12-15 13:51:50,-0.422,gt
2015-12-15 13:51:50,-0.457,gt
2015-12-15 13:51:50,-0.457,gt
2015-12-15 13:51:50,-0.371,gt
2015-12-15 13:51:50,-0.168,gt
2015-12-15 13:51:50,0.203,gt
2015-12-15 13:51:50,0.727,gt
2015-12-15 13:51:50,1.277,gt
2015-12-15 13:51:50,1.934,gt
2015-12-15 13:51:50,2.578,gt
2015-12-15 13:51:50,2.836,gt
2015-12-15 13:51:50,2.934,gt
2015-12-15 13:51:50,3.098,gt
2015-12-15 13:51:50,3.125,gt
2015-12-15 13:51:50,2.871,gt
2015-12-15 13:51:50,2.566,gt
2015-12-15 13:51:50,2.438,gt
2015-12-15 13:51:50,2.422,gt
2015-12-15 13:51:50,2.344,gt
2015-12-15 13:51:50,2.145,gt
2015-12-15 13:51:50,1.84,gt
2015-12-15 13:51:50,1.523,gt
2015-12-15 13:51:50,1.262,gt
2015-12-15 13:51:50,1.016,gt
2015-12-15 13:51:50,0.824,gt
2015-12-15 13:51:50,0.695,gt
2015-12-15 13:51:51,0.613,gt
2015-12-15 13:51:51,0.586,gt
2015-12-15 13:51:51,0.555,gt
2015-12-15 13:51:51,0.469,gt
2015-12-15 13:51:51,0.352,gt
2015-12-15 13:51:51,0.242,gt
2015-12-15 13:51:51,0.184,gt
2015-12-15 13:51:51,0.215,gt
2015-12-15 13:51:51,0.293,gt
2015-12-15 13:51:51,0.418,gt
2015-12-15 13:51:51,0.582,gt
2015-12-15 13:51:51,0.832,gt
2015-12-15 13:51:51,1.328,gt
2015-12-15 13:51:51,2.281,gt
2015-12-15 13:51:51,3.453,gt
2015-12-15 13:51:51,4.09,gt
2015-12-15 13:51:51,4.16,gt
2015-12-15 13:51:51,4.109,gt
2015-12-15 13:51:51,4.309,gt
2015-12-15 13:51:51,4.715,gt
2015-12-15 13:51:51,4.766,gt
2015-12-15 13:51:51,4.25,gt
2015-12-15 13:51:51,3.344,gt
2015-12-15 13:51:51,2.383,gt
2015-12-15 13:51:51,1.535,gt
2015-12-15 13:51:51,0.887,gt
2015-12-15 13:51:51,0.43,gt
2015-12-15 13:51:51,0.086,gt
2015-12-15 13:51:51,-0.191,gt
2015-12-15 13:51:51,-0.402,gt
2015-12-15 13:51:51,-0.5,gt
2015-12-15 13:51:51,-0.492,gt
2015-12-15 13:51:51,-0.438,gt
2015-12-15 13:51:51,-0.406,gt
2015-12-15 13:51:51,-0.422,gt
2015-12-15 13:51:51,-0.449,gt
2015-12-15 13:51:51,-0.438,gt
2015-12-15 13:51:51,-0.395,gt
2015-12-15 13:51:51,-0.297,gt
2015-12-15 13:51:51,-0.156,gt
2015-12-15 13:51:51,0.031,gt
2015-12-15 13:51:51,0.277,gt
2015-12-15 13:51:51,0.512,gt
2015-12-15 13:51:51,0.773,gt
2015-12-15 13:51:51,1.184,gt
2015-12-15 13:51:51,1.793,gt
2015-12-15 13:51:51,2.48,gt
2015-12-15 13:51:51,3.082,gt
2015-12-15 13:51:51,3.578,gt
2015-12-15 13:51:51,3.957,gt
2015-12-15 13:51:51,3.969,gt
2015-12-15 13:51:51,3.719,gt
2015-12-15 13:51:51,3.391,gt
2015-12-15 13:51:51,3.035,gt
2015-12-15 13:51:51,2.656,gt
2015-12-15 13:51:51,2.281,gt
2015-12-15 13:51:51,1.938,gt
2015-12-15 13:51:51,1.586,gt
2015-12-15 13:51:51,1.273,gt
2015-12-15 13:51:51,1.027,gt
2015-12-15 13:51:51,0.859,gt
2015-12-15 13:51:51,0.742,gt
2015-12-15 13:51:51,0.648,gt
2015-12-15 13:51:51,0.547,gt
2015-12-15 13:51:51,0.418,gt
2015-12-15 13:51:51,0.285,gt
2015-12-15 13:51:51,0.172,gt
2015-12-15 13:51:51,0.086,gt
2015-12-15 13:51:51,0.031,gt
2015-12-15 13:51:51,0.016,gt
2015-12-15 13:51:51,0.035,gt
2015-12-15 13:51:51,0.082,gt
2015-12-15 13:51:51,0.152,gt
2015-12-15 13:51:51,0.266,gt
2015-12-15 13:51:51,0.477,gt
2015-12-15 13:51:51,1.016,gt
2015-12-15 13:51:51,2.207,gt
2015-12-15 13:51:51,3.699,gt
2015-12-15 13:51:51,4.5,gt
2015-12-15 13:51:51,4.75,gt
2015-12-15 13:51:52,4.906,gt
2015-12-15 13:51:52,4.809,gt
2015-12-15 13:51:52,4.379,gt
2015-12-15 13:51:52,3.828,gt
2015-12-15 13:51:52,3.219,gt
2015-12-15 13:51:52,2.609,gt
2015-12-15 13:51:52,2.02,gt
2015-12-15 13:51:52,1.457,gt
2015-12-15 13:51:52,0.918,gt
2015-12-15 13:51:52,0.414,gt
2015-12-15 13:51:52,-0.027,gt
2015-12-15 13:51:52,-0.324,gt
2015-12-15 13:51:52,-0.457,gt
2015-12-15 13:51:52,-0.469,gt
2015-12-15 13:51:52,-0.426,gt
2015-12-15 13:51:52,-0.363,gt
2015-12-15 13:51:52,-0.344,gt
2015-12-15 13:51:52,-0.359,gt
2015-12-15 13:51:52,-0.395,gt
2015-12-15 13:51:52,-0.414,gt
2015-12-15 13:51:52,-0.43,gt
2015-12-15 13:51:52,-0.457,gt
2015-12-15 13:51:52,-0.457,gt
2015-12-15 13:51:52,-0.406,gt
2015-12-15 13:51:52,-0.32,gt
2015-12-15 13:51:52,-0.188,gt
2015-12-15 13:51:52,0.055,gt
2015-12-15 13:51:52,0.652,gt
2015-12-15 13:51:52,1.773,gt
2015-12-15 13:51:52,3.035,gt
2015-12-15 13:51:52,3.598,gt
2015-12-15 13:51:52,3.82,gt
2015-12-15 13:51:52,4.09,gt
2015-12-15 13:51:52,4.277,gt
2015-12-15 13:51:52,4.117,gt
2015-12-15 13:51:52,3.656,gt
2015-12-15 13:51:52,3.082,gt
2015-12-15 13:51:52,2.504,gt
2015-12-15 13:51:52,1.961,gt
2015-12-15 13:51:52,1.484,gt
2015-12-15 13:51:52,1.102,gt
2015-12-15 13:51:52,0.844,gt
2015-12-15 13:51:52,0.676,gt
2015-12-15 13:51:52,0.578,gt
2015-12-15 13:51:52,0.52,gt
2015-12-15 13:51:52,0.457,gt
2015-12-15 13:51:52,0.367,gt
2015-12-15 13:51:52,0.254,gt
2015-12-15 13:51:52,0.16,gt
2015-12-15 13:51:52,0.105,gt
2015-12-15 13:51:52,0.07,gt
2015-12-15 13:51:52,0.051,gt
2015-12-15 13:51:52,0.051,gt
2015-12-15 13:51:52,0.094,gt
2015-12-15 13:51:52,0.219,gt
2015-12-15 13:51:52,0.465,gt
2015-12-15 13:51:52,0.902,gt
2015-12-15 13:51:52,1.691,gt
2015-12-15 13:51:52,2.957,gt
2015-12-15 13:51:52,4.219,gt
2015-12-15 13:51:52,4.887,gt
2015-12-15 13:51:52,4.938,gt
2015-12-15 13:51:52,4.816,gt
2015-12-15 13:51:52,4.605,gt
2015-12-15 13:51:52,4.207,gt
2015-12-15 13:51:52,3.66,gt
2015-12-15 13:51:52,2.945,gt
2015-12-15 13:51:52,2.211,gt
2015-12-15 13:51:52,1.535,gt
2015-12-15 13:51:52,0.945,gt
2015-12-15 13:51:52,0.422,gt
2015-12-15 13:51:52,0.008,gt
2015-12-15 13:51:52,-0.258,gt
2015-12-15 13:51:52,-0.375,gt
2015-12-15 13:51:52,-0.375,gt
2015-12-15 13:51:52,-0.328,gt
2015-12-15 13:51:52,-0.301,gt
2015-12-15 13:51:52,-0.332,gt
2015-12-15 13:51:52,-0.426,gt
2015-12-15 13:51:52,-0.527,gt
2015-12-15 13:51:53,-0.59,gt
2015-12-15 13:51:53,-0.586,gt
2015-12-15 13:51:53,-0.551,gt
2015-12-15 13:51:53,-0.484,gt
2015-12-15 13:51:53,-0.406,gt
2015-12-15 13:51:53,-0.316,gt
2015-12-15 13:51:53,-0.246,gt
2015-12-15 13:51:53,-0.121,gt
2015-12-15 13:51:53,0.172,gt
2015-12-15 13:51:53,1.031,gt
2015-12-15 13:51:53,2.52,gt
2015-12-15 13:51:53,3.902,gt
2015-12-15 13:51:53,4.738,gt
2015-12-15 13:51:53,5.098,gt
2015-12-15 13:51:53,4.969,gt
2015-12-15 13:51:53,4.391,gt
2015-12-15 13:51:53,3.602,gt
2015-12-15 13:51:53,2.891,gt
2015-12-15 13:51:53,2.367,gt
2015-12-15 13:51:53,1.914,gt
2015-12-15 13:51:53,1.492,gt
2015-12-15 13:51:53,1.094,gt
2015-12-15 13:51:53,0.766,gt
2015-12-15 13:51:53,0.535,gt
2015-12-15 13:51:53,0.434,gt
2015-12-15 13:51:53,0.434,gt
2015-12-15 13:51:53,0.43,gt
2015-12-15 13:51:53,0.355,gt
2015-12-15 13:51:53,0.219,gt
2015-12-15 13:51:53,0.086,gt
2015-12-15 13:51:53,-0.016,gt
2015-12-15 13:51:53,-0.066,gt
2015-12-15 13:51:53,-0.066,gt
2015-12-15 13:51:53,-0.016,gt
2015-12-15 13:51:53,0.059,gt
2015-12-15 13:51:53,0.113,gt
2015-12-15 13:51:53,0.191,gt
2015-12-15 13:51:53,0.363,gt
2015-12-15 13:51:53,0.758,gt
2015-12-15 13:51:53,1.656,gt
2015-12-15 13:51:53,3.16,gt
2015-12-15 13:51:53,4.5,gt
2015-12-15 13:51:53,5,gt
2015-12-15 13:51:53,5.219,gt
2015-12-15 13:51:53,5.203,gt
2015-12-15 13:51:53,4.992,gt
2015-12-15 13:51:53,4.559,gt
2015-12-15 13:51:53,3.984,gt
2015-12-15 13:51:53,3.352,gt
2015-12-15 13:51:53,2.656,gt
2015-12-15 13:51:53,1.941,gt
2015-12-15 13:51:53,1.336,gt
2015-12-15 13:51:53,0.82,gt
2015-12-15 13:51:53,0.344,gt
2015-12-15 13:51:53,-0.078,gt
2015-12-15 13:51:53,-0.348,gt
2015-12-15 13:51:53,-0.406,gt
2015-12-15 13:51:53,-0.336,gt
2015-12-15 13:51:53,-0.246,gt
2015-12-15 13:51:53,-0.234,gt
2015-12-15 13:51:53,-0.344,gt
2015-12-15 13:51:53,-0.52,gt
2015-12-15 13:51:53,-0.691,gt
2015-12-15 13:51:53,-0.789,gt
2015-12-15 13:51:53,-0.805,gt
2015-12-15 13:51:53,-0.758,gt
2015-12-15 13:51:53,-0.637,gt
2015-12-15 13:51:53,-0.469,gt
2015-12-15 13:51:53,-0.301,gt
2015-12-15 13:51:53,-0.188,gt
2015-12-15 13:51:53,0.117,gt
2015-12-15 13:51:53,0.809,gt
2015-12-15 13:51:53,2.332,gt
2015-12-15 13:51:53,4.285,gt
2015-12-15 13:51:53,5.285,gt
2015-12-15 13:51:53,5.082,gt
2015-12-15 13:51:53,4.695,gt
2015-12-15 13:51:53,4.254,gt
2015-12-15 13:51:53,3.754,gt
2015-12-15 13:51:53,3.227,gt
2015-12-15 13:51:54,2.699,gt
2015-12-15 13:51:54,2.172,gt
2015-12-15 13:51:54,1.641,gt
2015-12-15 13:51:54,1.145,gt
2015-12-15 13:51:54,0.77,gt
2015-12-15 13:51:54,0.539,gt
2015-12-15 13:51:54,0.473,gt
2015-12-15 13:51:54,0.52,gt
2015-12-15 13:51:54,0.563,gt
2015-12-15 13:51:54,0.508,gt
2015-12-15 13:51:54,0.363,gt
2015-12-15 13:51:54,0.191,gt
2015-12-15 13:51:54,0.047,gt
2015-12-15 13:51:54,-0.055,gt
2015-12-15 13:51:54,-0.098,gt
2015-12-15 13:51:54,-0.066,gt
2015-12-15 13:51:54,0.02,gt
2015-12-15 13:51:54,0.148,gt
2015-12-15 13:51:54,0.313,gt
2015-12-15 13:51:54,0.516,gt
2015-12-15 13:51:54,0.887,gt
2015-12-15 13:51:54,1.715,gt
2015-12-15 13:51:54,3.203,gt
2015-12-15 13:51:54,4.738,gt
2015-12-15 13:51:54,5.473,gt
2015-12-15 13:51:54,5.691,gt
2015-12-15 13:51:54,5.332,gt
2015-12-15 13:51:54,4.465,gt
2015-12-15 13:51:54,3.488,gt
2015-12-15 13:51:54,2.746,gt
2015-12-15 13:51:54,2.207,gt
2015-12-15 13:51:54,1.723,gt
2015-12-15 13:51:54,1.258,gt
2015-12-15 13:51:54,0.852,gt
2015-12-15 13:51:54,0.535,gt
2015-12-15 13:51:54,0.289,gt
2015-12-15 13:51:54,0.109,gt
2015-12-15 13:51:54,-0.039,gt
2015-12-15 13:51:54,-0.18,gt
2015-12-15 13:51:54,-0.313,gt
2015-12-15 13:51:54,-0.438,gt
2015-12-15 13:51:54,-0.547,gt
2015-12-15 13:51:54,-0.645,gt
2015-12-15 13:51:54,-0.723,gt
2015-12-15 13:51:54,-0.754,gt
2015-12-15 13:51:54,-0.699,gt
2015-12-15 13:51:54,-0.594,gt
2015-12-15 13:51:54,-0.465,gt
2015-12-15 13:51:54,-0.316,gt
2015-12-15 13:51:54,-0.211,gt
2015-12-15 13:51:54,-0.219,gt
2015-12-15 13:51:54,-0.246,gt
2015-12-15 13:51:54,-0.066,gt
2015-12-15 13:51:54,0.48,gt
2015-12-15 13:51:54,1.711,gt
2015-12-15 13:51:54,3.266,gt
2015-12-15 13:51:54,4.281,gt
2015-12-15 13:51:54,4.496,gt
2015-12-15 13:51:54,4.418,gt
2015-12-15 13:51:54,4.082,gt
2015-12-15 13:51:54,3.434,gt
2015-12-15 13:51:54,2.773,gt
2015-12-15 13:51:54,2.281,gt
2015-12-15 13:51:54,1.945,gt
2015-12-15 13:51:54,1.641,gt
2015-12-15 13:51:54,1.281,gt
2015-12-15 13:51:54,0.938,gt
2015-12-15 13:51:54,0.66,gt
2015-12-15 13:51:54,0.449,gt
2015-12-15 13:51:54,0.309,gt
2015-12-15 13:51:54,0.234,gt
2015-12-15 13:51:54,0.195,gt
2015-12-15 13:51:54,0.168,gt
2015-12-15 13:51:54,0.129,gt
2015-12-15 13:51:54,0.07,gt
2015-12-15 13:51:54,0.031,gt
2015-12-15 13:51:54,0.023,gt
2015-12-15 13:51:54,0.059,gt
2015-12-15 13:51:54,0.148,gt
2015-12-15 13:51:54,0.301,gt
2015-12-15 13:51:55,0.535,gt
2015-12-15 13:51:55,0.891,gt
2015-12-15 13:51:55,1.488,gt
2015-12-15 13:51:55,2.523,gt
2015-12-15 13:51:55,3.668,gt
2015-12-15 13:51:55,4.254,gt
2015-12-15 13:51:55,4.355,gt
2015-12-15 13:51:55,4.375,gt
2015-12-15 13:51:55,4.582,gt
2015-12-15 13:51:55,4.66,gt
2015-12-15 13:51:55,4.09,gt
2015-12-15 13:51:55,3.117,gt
2015-12-15 13:51:55,2.191,gt
2015-12-15 13:51:55,1.488,gt
2015-12-15 13:51:55,1.059,gt
2015-12-15 13:51:55,0.777,gt
2015-12-15 13:51:55,0.539,gt
2015-12-15 13:51:55,0.277,gt
2015-12-15 13:51:55,0.012,gt
2015-12-15 13:51:55,-0.227,gt
2015-12-15 13:51:55,-0.398,gt
2015-12-15 13:51:55,-0.48,gt
2015-12-15 13:51:55,-0.488,gt
2015-12-15 13:51:55,-0.488,gt
2015-12-15 13:51:47,1.33322673144171,extrap
2015-12-15 13:51:47,1.7226724802495,extrap
2015-12-15 13:51:47,1.88759920769384,extrap
2015-12-15 13:51:47,1.87918038759012,extrap
2015-12-15 13:51:47,1.74858949375371,extrap
2015-12-15 13:51:47,1.547,extrap
2015-12-15 13:51:47,1.32961102494626,extrap
2015-12-15 13:51:47,1.14759604240788,extrap
2015-12-15 13:51:47,0.982124011920859,extrap
2015-12-15 13:51:47,0.829802455387777,extrap
2015-12-15 13:51:47,0.715,extrap
2015-12-15 13:51:47,0.617990084321238,extrap
2015-12-15 13:51:47,0.551976642194793,extrap
2015-12-15 13:51:47,0.502686325851119,extrap
2015-12-15 13:51:47,0.45478286654278,extrap
2015-12-15 13:51:47,0.405998770900488,extrap
2015-12-15 13:51:47,0.35368906168461,extrap
2015-12-15 13:51:47,0.314410498696303,extrap
2015-12-15 13:51:47,0.317257573735137,extrap
2015-12-15 13:51:47,0.35767337238687,extrap
2015-12-15 13:51:47,0.402000937427765,extrap
2015-12-15 13:51:47,0.42886387388971,extrap
2015-12-15 13:51:48,0.422850723273174,extrap
2015-12-15 13:51:48,0.434641777254252,extrap
2015-12-15 13:51:48,0.503738486987051,extrap
2015-12-15 13:51:48,0.637,extrap
2015-12-15 13:51:48,0.834434820382046,extrap
2015-12-15 13:51:48,1.05300130796668,extrap
2015-12-15 13:51:48,1.49795816167362,extrap
2015-12-15 13:51:48,1.97619717828835,extrap
2015-12-15 13:51:48,2.40816224606562,extrap
2015-12-15 13:51:48,2.77832335165296,extrap
2015-12-15 13:51:48,3.07115048169791,extrap
2015-12-15 13:51:48,3.271113622848,extrap
2015-12-15 13:51:48,3.36268276175078,extrap
2015-12-15 13:51:48,3.33130158077792,extrap
2015-12-15 13:51:48,3.18481001760195,extrap
2015-12-15 13:51:48,2.95344496168822,extrap
2015-12-15 13:51:48,2.66840995024895,extrap
2015-12-15 13:51:48,2.36092991909433,extrap
2015-12-15 13:51:48,2.06220931278788,extrap
2015-12-15 13:51:48,1.80345885581744,extrap
2015-12-15 13:51:48,1.59091717194846,extrap
2015-12-15 13:51:48,1.35032661143331,extrap
2015-12-15 13:51:48,1.07585546121784,extrap
2015-12-15 13:51:48,0.812993472446205,extrap
2015-12-15 13:51:48,0.535303793864292,extrap
2015-12-15 13:51:48,0.307280907780278,extrap
2015-12-15 13:51:48,0.118258263820737,extrap
2015-12-15 13:51:48,-0.0523570171318734,extrap
2015-12-15 13:51:48,-0.191,extrap
2015-12-15 13:51:48,-0.289915759172871,extrap
2015-12-15 13:51:48,-0.353266093699049,extrap
2015-12-15 13:51:48,-0.405134457926211,extrap
2015-12-15 13:51:48,-0.448882332050657,extrap
2015-12-15 13:51:48,-0.473,extrap
2015-12-15 13:51:48,-0.488794530155354,extrap
2015-12-15 13:51:48,-0.508125146449809,extrap
2015-12-15 13:51:48,-0.542739402604948,extrap
2015-12-15 13:51:48,-0.586898832065245,extrap
2015-12-15 13:51:48,-0.621,extrap
2015-12-15 13:51:48,-0.631181302847803,extrap
2015-12-15 13:51:48,-0.605308622854079,extrap
2015-12-15 13:51:48,-0.555947866547909,extrap
2015-12-15 13:51:48,-0.512310863159025,extrap
2015-12-15 13:51:48,-0.468998409883118,extrap
2015-12-15 13:51:48,-0.374774275261827,extrap
2015-12-15 13:51:48,-0.243940142450176,extrap
2015-12-15 13:51:48,0.0228161440158017,extrap
2015-12-15 13:51:48,0.540170008898634,extrap
2015-12-15 13:51:48,1.29301953736524,extrap
2015-12-15 13:51:48,2.0220052958035,extrap
2015-12-15 13:51:48,2.65120408459805,extrap
2015-12-15 13:51:48,3.16899009554373,extrap
2015-12-15 13:51:48,3.56373752043538,extrap
2015-12-15 13:51:48,3.82382055106783,extrap
2015-12-15 13:51:48,3.93761337923592,extrap
2015-12-15 13:51:48,3.89446139000124,extrap
2015-12-15 13:51:48,3.70604616323685,extrap
2015-12-15 13:51:48,3.40638477902467,extrap
2015-12-15 13:51:48,3.03046537179292,extrap
2015-12-15 13:51:48,2.61327607596979,extrap
2015-12-15 13:51:48,2.1898050259835,extrap
2015-12-15 13:51:48,1.79504035626223,extrap
2015-12-15 13:51:48,1.47891930946519,extrap
2015-12-15 13:51:48,1.293,extrap
2015-12-15 13:51:48,1.12199434871924,extrap
2015-12-15 13:51:48,0.978635390399246,extrap
2015-12-15 13:51:48,0.861023644142313,extrap
2015-12-15 13:51:48,0.770206256472707,extrap
2015-12-15 13:51:48,0.71499890216862,extrap
2015-12-15 13:51:48,0.674384173345748,extrap
2015-12-15 13:51:48,0.646246909873059,extrap
2015-12-15 13:51:48,0.604422043154749,extrap
2015-12-15 13:51:48,0.551440542443376,extrap
2015-12-15 13:51:48,0.511999158222785,extrap
2015-12-15 13:51:48,0.481279988801617,extrap
2015-12-15 13:51:48,0.468409664221002,extrap
2015-12-15 13:51:48,0.47351086577163,extrap
2015-12-15 13:51:48,0.497961608203688,extrap
2015-12-15 13:51:48,0.563,extrap
2015-12-15 13:51:48,0.692845137330803,extrap
2015-12-15 13:51:48,0.84898655850698,extrap
2015-12-15 13:51:48,1.03753674030309,extrap
2015-12-15 13:51:48,1.22108354469545,extrap
2015-12-15 13:51:48,1.445,extrap
2015-12-15 13:51:48,1.84810252693184,extrap
2015-12-15 13:51:48,2.27114557222444,extrap
2015-12-15 13:51:48,2.65368352132596,extrap
2015-12-15 13:51:48,2.98443212436762,extrap
2015-12-15 13:51:48,3.25210713148063,extrap
2015-12-15 13:51:48,3.44542429279623,extrap
2015-12-15 13:51:48,3.55309935844563,extrap
2015-12-15 13:51:48,3.56384708966659,extrap
2015-12-15 13:51:48,3.4710493854462,extrap
2015-12-15 13:51:48,3.2867578801261,extrap
2015-12-15 13:51:48,3.02768963704807,extrap
2015-12-15 13:51:48,2.71056171955389,extrap
2015-12-15 13:51:48,2.35209119098533,extrap
2015-12-15 13:51:48,1.96899511468417,extrap
2015-12-15 13:51:48,1.57799055399218,extrap
2015-12-15 13:51:48,1.22370196383561,extrap
2015-12-15 13:51:49,0.995957655500406,extrap
2015-12-15 13:51:49,0.772518105767165,extrap
2015-12-15 13:51:49,0.493358030828678,extrap
2015-12-15 13:51:49,0.195,extrap
2015-12-15 13:51:49,-0.138662327469599,extrap
2015-12-15 13:51:49,-0.390033117309039,extrap
2015-12-15 13:51:49,-0.532342364968084,extrap
2015-12-15 13:51:49,-0.584776923460697,extrap
2015-12-15 13:51:49,-0.566,extrap
2015-12-15 13:51:49,-0.51471481553818,extrap
2015-12-15 13:51:49,-0.468733117200084,extrap
2015-12-15 13:51:49,-0.455981987002731,extrap
2015-12-15 13:51:49,-0.478206302511579,extrap
2015-12-15 13:51:49,-0.523,extrap
2015-12-15 13:51:49,-0.583180818431629,extrap
2015-12-15 13:51:49,-0.626553252706959,extrap
2015-12-15 13:51:49,-0.653087611481608,extrap
2015-12-15 13:51:49,-0.665403415958934,extrap
2015-12-15 13:51:49,-0.640998672005906,extrap
2015-12-15 13:51:49,-0.556276084263447,extrap
2015-12-15 13:51:49,-0.443764682684442,extrap
2015-12-15 13:51:49,-0.306572664426226,extrap
2015-12-15 13:51:49,-0.152831290739019,extrap
2015-12-15 13:51:49,0.027005229967738,extrap
2015-12-15 13:51:49,0.388432559267023,extrap
2015-12-15 13:51:49,1.23677012008239,extrap
2015-12-15 13:51:49,2.09469955009638,extrap
2015-12-15 13:51:49,2.8159230067415,extrap
2015-12-15 13:51:49,3.40119079457791,extrap
2015-12-15 13:51:49,3.85125321816574,extrap
2015-12-15 13:51:49,4.16686058206516,extrap
2015-12-15 13:51:49,4.34876319083629,extrap
2015-12-15 13:51:49,4.39771134903929,extrap
2015-12-15 13:51:49,4.31492282744126,extrap
2015-12-15 13:51:49,4.11236772143829,extrap
2015-12-15 13:51:49,3.81276878543751,extrap
2015-12-15 13:51:49,3.43931630692945,extrap
2015-12-15 13:51:49,3.01520057340467,extrap
2015-12-15 13:51:49,2.56361187235369,extrap
2015-12-15 13:51:49,2.10774049126705,extrap
2015-12-15 13:51:49,1.67077671763529,extrap
2015-12-15 13:51:49,1.27936137002469,extrap
2015-12-15 13:51:49,0.967565332669097,extrap
2015-12-15 13:51:49,0.733994927402628,extrap
2015-12-15 13:51:49,0.539945876900086,extrap
2015-12-15 13:51:49,0.41130489747986,extrap
2015-12-15 13:51:49,0.35565700108986,extrap
2015-12-15 13:51:49,0.356969696729922,extrap
2015-12-15 13:51:49,0.387000767801514,extrap
2015-12-15 13:51:49,0.404833331894712,extrap
2015-12-15 13:51:49,0.360946832860573,extrap
2015-12-15 13:51:49,0.261713249734676,extrap
2015-12-15 13:51:49,0.154519743673551,extrap
2015-12-15 13:51:49,0.078,extrap
2015-12-15 13:51:49,0.0323895412160727,extrap
2015-12-15 13:51:49,0.0200446202004745,extrap
2015-12-15 13:51:49,0.055912585639632,extrap
2015-12-15 13:51:49,0.136410137953313,extrap
2015-12-15 13:51:49,0.262,extrap
2015-12-15 13:51:49,0.475308709879049,extrap
2015-12-15 13:51:49,0.82920519165717,extrap
2015-12-15 13:51:49,1.53040618742607,extrap
2015-12-15 13:51:49,2.25573188407594,extrap
2015-12-15 13:51:49,2.89435482647644,extrap
2015-12-15 13:51:49,3.43335362111112,extrap
2015-12-15 13:51:49,3.85980687446353,extrap
2015-12-15 13:51:49,4.16079877068384,extrap
2015-12-15 13:51:49,4.32339330744555,extrap
2015-12-15 13:51:49,4.33467781430533,extrap
2015-12-15 13:51:49,4.18858951664397,extrap
2015-12-15 13:51:49,3.90650011543117,extrap
2015-12-15 13:51:49,3.51663993053387,extrap
2015-12-15 13:51:49,3.04723928181899,extrap
2015-12-15 13:51:49,2.52652848915349,extrap
2015-12-15 13:51:49,1.98273787240429,extrap
2015-12-15 13:51:49,1.44409775143832,extrap
2015-12-15 13:51:49,0.953291205568545,extrap
2015-12-15 13:51:49,0.57513521787762,extrap
2015-12-15 13:51:49,0.258,extrap
2015-12-15 13:51:49,-0.0243199291386026,extrap
2015-12-15 13:51:49,-0.243064055209577,extrap
2015-12-15 13:51:49,-0.398881083275918,extrap
2015-12-15 13:51:49,-0.478134892797539,extrap
2015-12-15 13:51:49,-0.465,extrap
2015-12-15 13:51:49,-0.398558870300074,extrap
2015-12-15 13:51:49,-0.325642120847269,extrap
2015-12-15 13:51:49,-0.290066687583937,extrap
2015-12-15 13:51:49,-0.29865896861964,extrap
2015-12-15 13:51:49,-0.34,extrap
2015-12-15 13:51:49,-0.420183066361994,extrap
2015-12-15 13:51:49,-0.50556392361959,extrap
2015-12-15 13:51:49,-0.574940480058339,extrap
2015-12-15 13:51:49,-0.610893155203992,extrap
2015-12-15 13:51:49,-0.597999102371577,extrap
2015-12-15 13:51:49,-0.539000940469454,extrap
2015-12-15 13:51:49,-0.443239826544991,extrap
2015-12-15 13:51:49,-0.275077408084043,extrap
2015-12-15 13:51:49,-0.0385222529433596,extrap
2015-12-15 13:51:49,0.223006463013183,extrap
2015-12-15 13:51:49,0.492524515692755,extrap
2015-12-15 13:51:50,0.730621506101175,extrap
2015-12-15 13:51:50,0.990850027824552,extrap
2015-12-15 13:51:50,1.35122286851344,extrap
2015-12-15 13:51:50,1.742,extrap
2015-12-15 13:51:50,2.13871901737695,extrap
2015-12-15 13:51:50,2.51838659417294,extrap
2015-12-15 13:51:50,2.85232371810389,extrap
2015-12-15 13:51:50,3.11185137688572,extrap
2015-12-15 13:51:50,3.26829055823432,extrap
2015-12-15 13:51:50,3.29296224986562,extrap
2015-12-15 13:51:50,3.16978597003168,extrap
2015-12-15 13:51:50,2.93307535912922,extrap
2015-12-15 13:51:50,2.62974258809111,extrap
2015-12-15 13:51:50,2.3066998278502,extrap
2015-12-15 13:51:50,2.01085924933938,extrap
2015-12-15 13:51:50,1.78913302349152,extrap
2015-12-15 13:51:50,1.64652036367059,extrap
2015-12-15 13:51:50,1.4645728571081,extrap
2015-12-15 13:51:50,1.24599434064659,extrap
2015-12-15 13:51:50,1.00534512517441,extrap
2015-12-15 13:51:50,0.810685143027805,extrap
2015-12-15 13:51:50,0.666968843622478,extrap
2015-12-15 13:51:50,0.571898737266246,extrap
2015-12-15 13:51:50,0.519998829920872,extrap
2015-12-15 13:51:50,0.46260151975981,extrap
2015-12-15 13:51:50,0.386531911069368,extrap
2015-12-15 13:51:50,0.287918156374778,extrap
2015-12-15 13:51:50,0.187100295971691,extrap
2015-12-15 13:51:50,0.117,extrap
2015-12-15 13:51:50,0.0873088276141767,extrap
2015-12-15 13:51:50,0.0942869204830384,extrap
2015-12-15 13:51:50,0.129509703963348,extrap
2015-12-15 13:51:50,0.179689417697831,extrap
2015-12-15 13:51:50,0.242,extrap
2015-12-15 13:51:50,0.340190896973587,extrap
2015-12-15 13:51:50,0.506792163947746,extrap
2015-12-15 13:51:50,0.776802502499076,extrap
2015-12-15 13:51:50,1.31122311820978,extrap
2015-12-15 13:51:50,1.88513980119911,extrap
2015-12-15 13:51:50,2.41501507697242,extrap
2015-12-15 13:51:50,2.88531546858473,extrap
2015-12-15 13:51:50,3.28051590237515,extrap
2015-12-15 13:51:50,3.58506374858061,extrap
2015-12-15 13:51:50,3.78343590944285,extrap
2015-12-15 13:51:50,3.86009890801691,extrap
2015-12-15 13:51:50,3.80497050425535,extrap
2015-12-15 13:51:50,3.62977184614378,extrap
2015-12-15 13:51:50,3.35167453881471,extrap
2015-12-15 13:51:50,2.98785018740062,extrap
2015-12-15 13:51:50,2.55547039703402,extrap
2015-12-15 13:51:50,2.07170677284738,extrap
2015-12-15 13:51:50,1.55373091997321,extrap
2015-12-15 13:51:50,1.06320942542862,extrap
2015-12-15 13:51:50,0.742,extrap
2015-12-15 13:51:50,0.457109937739242,extrap
2015-12-15 13:51:50,0.229876946272541,extrap
2015-12-15 13:51:50,0.0251547028024053,extrap
2015-12-15 13:51:50,-0.164249716054699,extrap
2015-12-15 13:51:50,-0.289,extrap
2015-12-15 13:51:50,-0.338477977622053,extrap
2015-12-15 13:51:50,-0.323633979193361,extrap
2015-12-15 13:51:50,-0.274535977764795,extrap
2015-12-15 13:51:50,-0.233077293945304,extrap
2015-12-15 13:51:50,-0.234,extrap
2015-12-15 13:51:50,-0.281095087726523,extrap
2015-12-15 13:51:50,-0.339666292548079,extrap
2015-12-15 13:51:50,-0.392096040059248,extrap
2015-12-15 13:51:50,-0.432507236591135,extrap
2015-12-15 13:51:50,-0.457000393303964,extrap
2015-12-15 13:51:50,-0.460720550167869,extrap
2015-12-15 13:51:50,-0.419028615121004,extrap
2015-12-15 13:51:50,-0.300418442425869,extrap
2015-12-15 13:51:50,-0.100640577178771,extrap
2015-12-15 13:51:50,0.203009260254793,extrap
2015-12-15 13:51:50,0.642114149307276,extrap
2015-12-15 13:51:50,1.03761971100774,extrap
2015-12-15 13:51:50,1.58614556153054,extrap
2015-12-15 13:51:50,2.16330069328331,extrap
2015-12-15 13:51:50,2.70587223445296,extrap
2015-12-15 13:51:50,3.19840312052244,extrap
2015-12-15 13:51:50,3.62543628697473,extrap
2015-12-15 13:51:50,3.97151466929276,extrap
2015-12-15 13:51:50,4.2211812029595,extrap
2015-12-15 13:51:50,4.35897882345791,extrap
2015-12-15 13:51:50,4.36945046627094,extrap
2015-12-15 13:51:50,4.24448547388495,extrap
2015-12-15 13:51:50,4.00535881679996,extrap
2015-12-15 13:51:50,3.68069187251939,extrap
2015-12-15 13:51:50,3.29910601854664,extrap
2015-12-15 13:51:50,2.88922263238513,extrap
2015-12-15 13:51:50,2.4796630915383,extrap
2015-12-15 13:51:50,2.09904027148152,extrap
2015-12-15 13:51:50,1.77599426747214,extrap
2015-12-15 13:51:50,1.52299410587125,extrap
2015-12-15 13:51:50,1.30203246376643,extrap
2015-12-15 13:51:50,1.10770396079184,extrap
2015-12-15 13:51:50,0.928981742026561,extrap
2015-12-15 13:51:50,0.787897316590183,extrap
2015-12-15 13:51:50,0.694998039124442,extrap
2015-12-15 13:51:50,0.622851267107151,extrap
2015-12-15 13:51:51,0.59228339246006,extrap
2015-12-15 13:51:51,0.577299567079351,extrap
2015-12-15 13:51:51,0.540410771709929,extrap
2015-12-15 13:51:51,0.469,extrap
2015-12-15 13:51:51,0.371667415966474,extrap
2015-12-15 13:51:51,0.280415844903114,extrap
2015-12-15 13:51:51,0.209696821219446,extrap
2015-12-15 13:51:51,0.182972024752413,extrap
2015-12-15 13:51:51,0.215,extrap
2015-12-15 13:51:51,0.277790568901559,extrap
2015-12-15 13:51:51,0.363447319686044,extrap
2015-12-15 13:51:51,0.4821872235995,extrap
2015-12-15 13:51:51,0.626671010007547,extrap
2015-12-15 13:51:51,0.832,extrap
2015-12-15 13:51:51,1.22286585247409,extrap
2015-12-15 13:51:51,1.78199978695124,extrap
2015-12-15 13:51:51,2.37555915957202,extrap
2015-12-15 13:51:51,2.94914229666463,extrap
2015-12-15 13:51:51,3.4749320775214,extrap
2015-12-15 13:51:51,3.9250972134198,extrap
2015-12-15 13:51:51,4.27180641563725,extrap
2015-12-15 13:51:51,4.48722839545123,extrap
2015-12-15 13:51:51,4.54353186413916,extrap
2015-12-15 13:51:51,4.42305896035043,extrap
2015-12-15 13:51:51,4.14884553222211,extrap
2015-12-15 13:51:51,3.7541008552632,extrap
2015-12-15 13:51:51,3.27203420498267,extrap
2015-12-15 13:51:51,2.73585485688954,extrap
2015-12-15 13:51:51,2.17877208649279,extrap
2015-12-15 13:51:51,1.63399516930141,extrap
2015-12-15 13:51:51,1.12734428929895,extrap
2015-12-15 13:51:51,0.675611265305308,extrap
2015-12-15 13:51:51,0.341180016385765,extrap
2015-12-15 13:51:51,0.086,extrap
2015-12-15 13:51:51,-0.148818822431008,extrap
2015-12-15 13:51:51,-0.333481062557166,extrap
2015-12-15 13:51:51,-0.45518144059974,extrap
2015-12-15 13:51:51,-0.507385627080109,extrap
2015-12-15 13:51:51,-0.492,extrap
2015-12-15 13:51:51,-0.446833792509913,extrap
2015-12-15 13:51:51,-0.412239177900438,extrap
2015-12-15 13:51:51,-0.408409674419199,extrap
2015-12-15 13:51:51,-0.429669606359067,extrap
2015-12-15 13:51:51,-0.449000161059853,extrap
2015-12-15 13:51:51,-0.44160474090235,extrap
2015-12-15 13:51:51,-0.418004325006472,extrap
2015-12-15 13:51:51,-0.359792174617073,extrap
2015-12-15 13:51:51,-0.268011564248376,extrap
2015-12-15 13:51:51,-0.155996876978662,extrap
2015-12-15 13:51:51,-0.00367828305969059,extrap
2015-12-15 13:51:51,0.179139716054325,extrap
2015-12-15 13:51:51,0.376453549317849,extrap
2015-12-15 13:51:51,0.56725344600306,extrap
2015-12-15 13:51:51,0.773,extrap
2015-12-15 13:51:51,1.09623698014558,extrap
2015-12-15 13:51:51,1.58504043565588,extrap
2015-12-15 13:51:51,2.08550716684656,extrap
2015-12-15 13:51:51,2.54541375359045,extrap
2015-12-15 13:51:51,2.95287837760575,extrap
2015-12-15 13:51:51,3.2960192206107,extrap
2015-12-15 13:51:51,3.56295446432352,extrap
2015-12-15 13:51:51,3.74180229046241,extrap
2015-12-15 13:51:51,3.8206808807456,extrap
2015-12-15 13:51:51,3.788394271675,extrap
2015-12-15 13:51:51,3.64952204282397,extrap
2015-12-15 13:51:51,3.42441980743446,extrap
2015-12-15 13:51:51,3.13412160067936,extrap
2015-12-15 13:51:51,2.79968324894484,extrap
2015-12-15 13:51:51,2.44214009077757,extrap
2015-12-15 13:51:51,2.08253369232259,extrap
2015-12-15 13:51:51,1.741905619725,extrap
2015-12-15 13:51:51,1.44335142441893,extrap
2015-12-15 13:51:51,1.20912436276926,extrap
2015-12-15 13:51:51,1.02699611210706,extrap
2015-12-15 13:51:51,0.882533736241431,extrap
2015-12-15 13:51:51,0.782391253512342,extrap
2015-12-15 13:51:51,0.702051685501934,extrap
2015-12-15 13:51:51,0.626227669761993,extrap
2015-12-15 13:51:51,0.547,extrap
2015-12-15 13:51:51,0.440125869346215,extrap
2015-12-15 13:51:51,0.334822978213979,extrap
2015-12-15 13:51:51,0.235483523833483,extrap
2015-12-15 13:51:51,0.14882437200541,extrap
2015-12-15 13:51:51,0.086,extrap
2015-12-15 13:51:51,0.0377886529518314,extrap
2015-12-15 13:51:51,0.0164142406341979,extrap
2015-12-15 13:51:51,0.0208514123743089,extrap
2015-12-15 13:51:51,0.0433214453244216,extrap
2015-12-15 13:51:51,0.082,extrap
2015-12-15 13:51:51,0.138997499762853,extrap
2015-12-15 13:51:51,0.212386514144703,extrap
2015-12-15 13:51:51,0.339271179752077,extrap
2015-12-15 13:51:51,0.550771016648118,extrap
2015-12-15 13:51:51,1.01601756953583,extrap
2015-12-15 13:51:51,1.84410156880148,extrap
2015-12-15 13:51:51,2.6702511685615,extrap
2015-12-15 13:51:51,3.38225127058748,extrap
2015-12-15 13:51:51,3.96769140854341,extrap
2015-12-15 13:51:51,4.41416111609329,extrap
2015-12-15 13:51:51,4.70924992690113,extrap
2015-12-15 13:51:52,4.84054737463093,extrap
2015-12-15 13:51:52,4.79564299294669,extrap
2015-12-15 13:51:52,4.57073219911201,extrap
2015-12-15 13:51:52,4.19643394478884,extrap
2015-12-15 13:51:52,3.71197306523873,extrap
2015-12-15 13:51:52,3.15657439572325,extrap
2015-12-15 13:51:52,2.56946277150393,extrap
2015-12-15 13:51:52,1.98986302784233,extrap
2015-12-15 13:51:52,1.457,extrap
2015-12-15 13:51:52,1.00108457110055,extrap
2015-12-15 13:51:52,0.605096557414672,extrap
2015-12-15 13:51:52,0.220253558280077,extrap
2015-12-15 13:51:52,-0.11392284663139,extrap
2015-12-15 13:51:52,-0.324,extrap
2015-12-15 13:51:52,-0.443788699790561,extrap
2015-12-15 13:51:52,-0.475930257681818,extrap
2015-12-15 13:51:52,-0.454947969126594,extrap
2015-12-15 13:51:52,-0.410738929137563,extrap
2015-12-15 13:51:52,-0.362999157673105,extrap
2015-12-15 13:51:52,-0.344560302784484,extrap
2015-12-15 13:51:52,-0.349114349796158,extrap
2015-12-15 13:51:52,-0.373846942144777,extrap
2015-12-15 13:51:52,-0.401460794368938,extrap
2015-12-15 13:51:52,-0.414000237498193,extrap
2015-12-15 13:51:52,-0.426430088118929,extrap
2015-12-15 13:51:52,-0.447518320852035,extrap
2015-12-15 13:51:52,-0.461722805859387,extrap
2015-12-15 13:51:52,-0.450103857822382,extrap
2015-12-15 13:51:52,-0.406,extrap
2015-12-15 13:51:52,-0.335585893989795,extrap
2015-12-15 13:51:52,-0.250125658708826,extrap
2015-12-15 13:51:52,-0.102108499907765,extrap
2015-12-15 13:51:52,0.136081823556155,extrap
2015-12-15 13:51:52,0.652,extrap
2015-12-15 13:51:52,1.6228004168798,extrap
2015-12-15 13:51:52,2.54522750520174,extrap
2015-12-15 13:51:52,3.28053279473893,extrap
2015-12-15 13:51:52,3.83541443006683,extrap
2015-12-15 13:51:52,4.21657055576091,extrap
2015-12-15 13:51:52,4.43069931639661,extrap
2015-12-15 13:51:52,4.4844988565494,extrap
2015-12-15 13:51:52,4.38466316238665,extrap
2015-12-15 13:51:52,4.14237688969906,extrap
2015-12-15 13:51:52,3.78674569618972,extrap
2015-12-15 13:51:52,3.3513574326725,extrap
2015-12-15 13:51:52,2.86979994996128,extrap
2015-12-15 13:51:52,2.37566109886993,extrap
2015-12-15 13:51:52,1.90252873021235,extrap
2015-12-15 13:51:52,1.48399069480241,extrap
2015-12-15 13:51:52,1.15422204369424,extrap
2015-12-15 13:51:52,0.930563473852507,extrap
2015-12-15 13:51:52,0.765987614551377,extrap
2015-12-15 13:51:52,0.646551758824168,extrap
2015-12-15 13:51:52,0.578,extrap
2015-12-15 13:51:52,0.528845292280138,extrap
2015-12-15 13:51:52,0.484168855673283,extrap
2015-12-15 13:51:52,0.422996025901337,extrap
2015-12-15 13:51:52,0.34144600655583,extrap
2015-12-15 13:51:52,0.254,extrap
2015-12-15 13:51:52,0.172993268202429,extrap
2015-12-15 13:51:52,0.122111039513698,extrap
2015-12-15 13:51:52,0.0890770520555093,extrap
2015-12-15 13:51:52,0.0637593717763861,extrap
2015-12-15 13:51:52,0.051,extrap
2015-12-15 13:51:52,0.0494016467943612,extrap
2015-12-15 13:51:52,0.0685206166570268,extrap
2015-12-15 13:51:52,0.135022858914132,extrap
2015-12-15 13:51:52,0.264341320466176,extrap
2015-12-15 13:51:52,0.465005841804456,extrap
2015-12-15 13:51:52,0.800964189559176,extrap
2015-12-15 13:51:52,1.40510777050202,extrap
2015-12-15 13:51:52,2.06253684456312,extrap
2015-12-15 13:51:52,2.68687012550377,extrap
2015-12-15 13:51:52,3.25216963635124,extrap
2015-12-15 13:51:52,3.73249740013278,extrap
2015-12-15 13:51:52,4.10191543987567,extrap
2015-12-15 13:51:52,4.33448577860717,extrap
2015-12-15 13:51:52,4.40427043935456,extrap
2015-12-15 13:51:52,4.29547019997376,extrap
2015-12-15 13:51:52,4.03284085763546,extrap
2015-12-15 13:51:52,3.651276964339,extrap
2015-12-15 13:51:52,3.18567307208372,extrap
2015-12-15 13:51:52,2.67092373286898,extrap
2015-12-15 13:51:52,2.14192349869412,extrap
2015-12-15 13:51:52,1.63356692155848,extrap
2015-12-15 13:51:52,1.16704511479819,extrap
2015-12-15 13:51:52,0.719098277152058,extrap
2015-12-15 13:51:52,0.311324764159944,extrap
2015-12-15 13:51:52,0.00800000000000006,extrap
2015-12-15 13:51:52,-0.223462286544551,extrap
2015-12-15 13:51:52,-0.349089577593854,extrap
2015-12-15 13:51:52,-0.38378504202996,extrap
2015-12-15 13:51:52,-0.365960191369091,extrap
2015-12-15 13:51:52,-0.327999138749395,extrap
2015-12-15 13:51:52,-0.30265107044912,extrap
2015-12-15 13:51:52,-0.310384018155655,extrap
2015-12-15 13:51:52,-0.36670776328311,extrap
2015-12-15 13:51:52,-0.451107550570786,extrap
2015-12-15 13:51:52,-0.527001662666661,extrap
2015-12-15 13:51:52,-0.583720452236496,extrap
2015-12-15 13:51:53,-0.594259891160884,extrap
2015-12-15 13:51:53,-0.574190184312396,extrap
2015-12-15 13:51:53,-0.538015051596174,extrap
2015-12-15 13:51:53,-0.484,extrap
2015-12-15 13:51:53,-0.41986840619521,extrap
2015-12-15 13:51:53,-0.349002476326597,extrap
2015-12-15 13:51:53,-0.287240692233251,extrap
2015-12-15 13:51:53,-0.224694270272611,extrap
2015-12-15 13:51:53,-0.121,extrap
2015-12-15 13:51:53,0.0969899826871892,extrap
2015-12-15 13:51:53,0.623135517587999,extrap
2015-12-15 13:51:53,1.50945183854959,extrap
2015-12-15 13:51:53,2.3603290794419,extrap
2015-12-15 13:51:53,3.06421797382371,extrap
2015-12-15 13:51:53,3.61450700800638,extrap
2015-12-15 13:51:53,4.00458466830127,extrap
2015-12-15 13:51:53,4.22784272255477,extrap
2015-12-15 13:51:53,4.27765888018853,extrap
2015-12-15 13:51:53,4.14850010323326,extrap
2015-12-15 13:51:53,3.85946081090039,extrap
2015-12-15 13:51:53,3.45426945122231,extrap
2015-12-15 13:51:53,2.97772545701029,extrap
2015-12-15 13:51:53,2.47462826107561,extrap
2015-12-15 13:51:53,1.98977729622954,extrap
2015-12-15 13:51:53,1.56797199528335,extrap
2015-12-15 13:51:53,1.23560307928438,extrap
2015-12-15 13:51:53,0.951083313719768,extrap
2015-12-15 13:51:53,0.699545903161758,extrap
2015-12-15 13:51:53,0.535,extrap
2015-12-15 13:51:53,0.442860505980071,extrap
2015-12-15 13:51:53,0.427468806635042,extrap
2015-12-15 13:51:53,0.437601523799663,extrap
2015-12-15 13:51:53,0.42048549084222,extrap
2015-12-15 13:51:53,0.355,extrap
2015-12-15 13:51:53,0.242379699799549,extrap
2015-12-15 13:51:53,0.134404467833239,extrap
2015-12-15 13:51:53,0.0392977947188625,extrap
2015-12-15 13:51:53,-0.0334307436424181,extrap
2015-12-15 13:51:53,-0.066,extrap
2015-12-15 13:51:53,-0.0689702730780955,extrap
2015-12-15 13:51:53,-0.0414200858939529,extrap
2015-12-15 13:51:53,0.015726022893278,extrap
2015-12-15 13:51:53,0.0733139065477756,extrap
2015-12-15 13:51:53,0.113001058494626,extrap
2015-12-15 13:51:53,0.173885477891235,extrap
2015-12-15 13:51:53,0.282314520687618,extrap
2015-12-15 13:51:53,0.473838565403062,extrap
2015-12-15 13:51:53,0.948996049859347,extrap
2015-12-15 13:51:53,1.656013888127,extrap
2015-12-15 13:51:53,2.38172955822761,extrap
2015-12-15 13:51:53,3.05735919593787,extrap
2015-12-15 13:51:53,3.65871055695581,extrap
2015-12-15 13:51:53,4.16159139697944,extrap
2015-12-15 13:51:53,4.54180947170678,extrap
2015-12-15 13:51:53,4.77517253683585,extrap
2015-12-15 13:51:53,4.83748834806466,extrap
2015-12-15 13:51:53,4.71445533678105,extrap
2015-12-15 13:51:53,4.43133463713218,extrap
2015-12-15 13:51:53,4.02327805895503,extrap
2015-12-15 13:51:53,3.52543741208657,extrap
2015-12-15 13:51:53,2.97296450636378,extrap
2015-12-15 13:51:53,2.40101115162363,extrap
2015-12-15 13:51:53,1.8447291577031,extrap
2015-12-15 13:51:53,1.336,extrap
2015-12-15 13:51:53,0.896130561306991,extrap
2015-12-15 13:51:53,0.526609486815001,extrap
2015-12-15 13:51:53,0.158680723378708,extrap
2015-12-15 13:51:53,-0.161288003156765,extrap
2015-12-15 13:51:53,-0.348002831654805,extrap
2015-12-15 13:51:53,-0.406782773336084,extrap
2015-12-15 13:51:53,-0.372679161871669,extrap
2015-12-15 13:51:53,-0.295340223960392,extrap
2015-12-15 13:51:53,-0.232012563880175,extrap
2015-12-15 13:51:53,-0.234001114184341,extrap
2015-12-15 13:51:53,-0.32033861314565,extrap
2015-12-15 13:51:53,-0.448025718368368,extrap
2015-12-15 13:51:53,-0.595417371143869,extrap
2015-12-15 13:51:53,-0.723027333577245,extrap
2015-12-15 13:51:53,-0.789,extrap
2015-12-15 13:51:53,-0.806048617143223,extrap
2015-12-15 13:51:53,-0.786199120658346,extrap
2015-12-15 13:51:53,-0.714422009605917,extrap
2015-12-15 13:51:53,-0.601458048596096,extrap
2015-12-15 13:51:53,-0.469,extrap
2015-12-15 13:51:53,-0.322557161060687,extrap
2015-12-15 13:51:53,-0.243554535749145,extrap
2015-12-15 13:51:53,-0.0849234969581046,extrap
2015-12-15 13:51:53,0.216135998793726,extrap
2015-12-15 13:51:53,0.809,extrap
2015-12-15 13:51:53,1.44626147545423,extrap
2015-12-15 13:51:53,2.03704635459006,extrap
2015-12-15 13:51:53,2.56336811632633,extrap
2015-12-15 13:51:53,3.00720314902229,extrap
2015-12-15 13:51:53,3.35056668335627,extrap
2015-12-15 13:51:53,3.57546056168371,extrap
2015-12-15 13:51:53,3.66388662636007,extrap
2015-12-15 13:51:53,3.60536266768411,extrap
2015-12-15 13:51:53,3.41947026772789,extrap
2015-12-15 13:51:53,3.13330695650678,extrap
2015-12-15 13:51:53,2.77397026403616,extrap
2015-12-15 13:51:54,2.36855772033139,extrap
2015-12-15 13:51:54,1.94416685540785,extrap
2015-12-15 13:51:54,1.52789519928091,extrap
2015-12-15 13:51:54,1.145,extrap
2015-12-15 13:51:54,0.822402510812533,extrap
2015-12-15 13:51:54,0.606542144778334,extrap
2015-12-15 13:51:54,0.495454601540149,extrap
2015-12-15 13:51:54,0.476410694941254,extrap
2015-12-15 13:51:54,0.52,extrap
2015-12-15 13:51:54,0.56049559623629,extrap
2015-12-15 13:51:54,0.544057252652152,extrap
2015-12-15 13:51:54,0.45432959622297,extrap
2015-12-15 13:51:54,0.322761754501941,extrap
2015-12-15 13:51:54,0.191,extrap
2015-12-15 13:51:54,0.0682894897687069,extrap
2015-12-15 13:51:54,-0.0225310805380995,extrap
2015-12-15 13:51:54,-0.0800144086572945,extrap
2015-12-15 13:51:54,-0.0979748448156124,extrap
2015-12-15 13:51:54,-0.0659987189420822,extrap
2015-12-15 13:51:54,0.00345784040332064,extrap
2015-12-15 13:51:54,0.0929562256120559,extrap
2015-12-15 13:51:54,0.212809527096668,extrap
2015-12-15 13:51:54,0.356791906272977,extrap
2015-12-15 13:51:54,0.516004254853241,extrap
2015-12-15 13:51:54,0.789605354678584,extrap
2015-12-15 13:51:54,1.41545877264625,extrap
2015-12-15 13:51:54,2.06650077844097,extrap
2015-12-15 13:51:54,2.63114373001414,extrap
2015-12-15 13:51:54,3.09821310522112,extrap
2015-12-15 13:51:54,3.45653438191728,extrap
2015-12-15 13:51:54,3.69493303795799,extrap
2015-12-15 13:51:54,3.8022345511986,extrap
2015-12-15 13:51:54,3.76807420931491,extrap
2015-12-15 13:51:54,3.60071188329449,extrap
2015-12-15 13:51:54,3.32703144825654,extrap
2015-12-15 13:51:54,2.97472647330458,extrap
2015-12-15 13:51:54,2.57149052754214,extrap
2015-12-15 13:51:54,2.14501718007277,extrap
2015-12-15 13:51:54,1.723,extrap
2015-12-15 13:51:54,1.33292618913149,extrap
2015-12-15 13:51:54,0.996641690583553,extrap
2015-12-15 13:51:54,0.712257584592919,extrap
2015-12-15 13:51:54,0.469882380289555,extrap
2015-12-15 13:51:54,0.288996070274789,extrap
2015-12-15 13:51:54,0.135638700743994,extrap
2015-12-15 13:51:54,0.0161640777967418,extrap
2015-12-15 13:51:54,-0.0979490762632792,extrap
2015-12-15 13:51:54,-0.212139438926652,extrap
2015-12-15 13:51:54,-0.313002470159962,extrap
2015-12-15 13:51:54,-0.418423160626801,extrap
2015-12-15 13:51:54,-0.50676364361323,extrap
2015-12-15 13:51:54,-0.58876424107052,extrap
2015-12-15 13:51:54,-0.666257160492542,extrap
2015-12-15 13:51:54,-0.723,extrap
2015-12-15 13:51:54,-0.753676088095383,extrap
2015-12-15 13:51:54,-0.730476906392127,extrap
2015-12-15 13:51:54,-0.658290017582249,extrap
2015-12-15 13:51:54,-0.566255541322613,extrap
2015-12-15 13:51:54,-0.465,extrap
2015-12-15 13:51:54,-0.339942560496142,extrap
2015-12-15 13:51:54,-0.238842375834361,extrap
2015-12-15 13:51:54,-0.202391536636313,extrap
2015-12-15 13:51:54,-0.233772625207825,extrap
2015-12-15 13:51:54,-0.246,extrap
2015-12-15 13:51:54,-0.105205630170883,extrap
2015-12-15 13:51:54,0.161543921651295,extrap
2015-12-15 13:51:54,0.994649431752843,extrap
2015-12-15 13:51:54,1.83813703357423,extrap
2015-12-15 13:51:54,2.51466562844441,extrap
2015-12-15 13:51:54,3.02970237157109,extrap
2015-12-15 13:51:54,3.38871441816198,extrap
2015-12-15 13:51:54,3.59716892342478,extrap
2015-12-15 13:51:54,3.6605330425672,extrap
2015-12-15 13:51:54,3.58481941371799,extrap
2015-12-15 13:51:54,3.38858748450651,extrap
2015-12-15 13:51:54,3.10294390225071,extrap
2015-12-15 13:51:54,2.75954087522725,extrap
2015-12-15 13:51:54,2.39003061171276,extrap
2015-12-15 13:51:54,2.0260653199839,extrap
2015-12-15 13:51:54,1.69929720831732,extrap
2015-12-15 13:51:54,1.41991409892204,extrap
2015-12-15 13:51:54,1.13440060768238,extrap
2015-12-15 13:51:54,0.865107059222456,extrap
2015-12-15 13:51:54,0.66,extrap
2015-12-15 13:51:54,0.47953695635144,extrap
2015-12-15 13:51:54,0.353074118362138,extrap
2015-12-15 13:51:54,0.272572695296499,extrap
2015-12-15 13:51:54,0.222087838664045,extrap
2015-12-15 13:51:54,0.195,extrap
2015-12-15 13:51:54,0.172567237782039,extrap
2015-12-15 13:51:54,0.147263550741687,extrap
2015-12-15 13:51:54,0.104924492726945,extrap
2015-12-15 13:51:54,0.0577758979942784,extrap
2015-12-15 13:51:54,0.0309995739068479,extrap
2015-12-15 13:51:54,0.0221579639285209,extrap
2015-12-15 13:51:54,0.0379554183583864,extrap
2015-12-15 13:51:54,0.0904287572534181,extrap
2015-12-15 13:51:54,0.176248164979805,extrap
2015-12-15 13:51:54,0.301003810520809,extrap
2015-12-15 13:51:54,0.492578546311557,extrap
2015-12-15 13:51:55,0.723664551224243,extrap
2015-12-15 13:51:55,1.11849179144701,extrap
2015-12-15 13:51:55,1.64293671866693,extrap
2015-12-15 13:51:55,2.17989572130223,extrap
2015-12-15 13:51:55,2.68372826476469,extrap
2015-12-15 13:51:55,3.12998927621938,extrap
2015-12-15 13:51:55,3.49423368283139,extrap
2015-12-15 13:51:55,3.7520164117658,extrap
2015-12-15 13:51:55,3.87889239018768,extrap
2015-12-15 13:51:55,3.85161624016167,extrap
2015-12-15 13:51:55,3.67453402194265,extrap
2015-12-15 13:51:55,3.37958237594758,extrap
2015-12-15 13:51:55,2.99989746588739,extrap
2015-12-15 13:51:55,2.56861545547298,extrap
2015-12-15 13:51:55,2.11887250841529,extrap
2015-12-15 13:51:55,1.68380478842523,extrap
2015-12-15 13:51:55,1.29365940284214,extrap
2015-12-15 13:51:55,0.980287491566516,extrap
2015-12-15 13:51:55,0.776995454175031,extrap
2015-12-15 13:51:55,0.578905166087385,extrap
2015-12-15 13:51:55,0.380745311919417,extrap
2015-12-15 13:51:55,0.166055454518239,extrap
2015-12-15 13:51:55,-0.0485865548877492,extrap
2015-12-15 13:51:55,-0.227003944968365,extrap
2015-12-15 13:51:55,-0.375018827681631,extrap
2015-12-15 13:51:55,-0.460777371863776,extrap
2015-12-15 13:51:55,-0.487794388162894,extrap
2015-12-15 13:51:55,-0.486986277182415,extrap
2015-12-15 13:51:55,-0.488,extrap
2015-12-15 13:51:47,1.96493182507678,origin
2015-12-15 13:51:47,2.00692475214043,origin
2015-12-15 13:51:47,2.04206519977338,origin
2015-12-15 13:51:47,1.813,origin
2015-12-15 13:51:47,1.547,origin
2015-12-15 13:51:47,1.289,origin
2015-12-15 13:51:47,1.066,origin
2015-12-15 13:51:47,0.871,origin
2015-12-15 13:51:47,0.715,origin
2015-12-15 13:51:47,0.602,origin
2015-12-15 13:51:47,0.527,origin
2015-12-15 13:51:47,0.469,origin
2015-12-15 13:51:47,0.406,origin
2015-12-15 13:51:47,0.344,origin
2015-12-15 13:51:47,0.309,origin
2015-12-15 13:51:47,0.344,origin
2015-12-15 13:51:47,0.402,origin
2015-12-15 13:51:48,0.43,origin
2015-12-15 13:51:48,0.422,origin
2015-12-15 13:51:48,0.477,origin
2015-12-15 13:51:48,0.637,origin
2015-12-15 13:51:48,0.875,origin
2015-12-15 13:51:48,1.234,origin
2015-12-15 13:51:48,1.848,origin
2015-12-15 13:51:48,1.98554836653539,origin
2015-12-15 13:51:48,1.95684495195343,origin
2015-12-15 13:51:48,2.01588096924915,origin
2015-12-15 13:51:48,1.9849179615295,origin
2015-12-15 13:51:48,2.01430743239938,origin
2015-12-15 13:51:48,2.03299307652065,origin
2015-12-15 13:51:48,2.02251777261552,origin
2015-12-15 13:51:48,1.99099124060865,origin
2015-12-15 13:51:48,1.99056977762557,origin
2015-12-15 13:51:48,1.758,origin
2015-12-15 13:51:48,1.48,origin
2015-12-15 13:51:48,1.156,origin
2015-12-15 13:51:48,0.813,origin
2015-12-15 13:51:48,0.484,origin
2015-12-15 13:51:48,0.211,origin
2015-12-15 13:51:48,-0.004,origin
2015-12-15 13:51:48,-0.191,origin
2015-12-15 13:51:48,-0.305,origin
2015-12-15 13:51:48,-0.379,origin
2015-12-15 13:51:48,-0.438,origin
2015-12-15 13:51:48,-0.473,origin
2015-12-15 13:51:48,-0.492,origin
2015-12-15 13:51:48,-0.523,origin
2015-12-15 13:51:48,-0.574,origin
2015-12-15 13:51:48,-0.621,origin
2015-12-15 13:51:48,-0.629,origin
2015-12-15 13:51:48,-0.582,origin
2015-12-15 13:51:48,-0.523,origin
2015-12-15 13:51:48,-0.469,origin
2015-12-15 13:51:48,-0.352,origin
2015-12-15 13:51:48,-0.137,origin
2015-12-15 13:51:48,0.355,origin
2015-12-15 13:51:48,1.293,origin
2015-12-15 13:51:48,2.07467620376613,origin
2015-12-15 13:51:48,1.98863843873676,origin
2015-12-15 13:51:48,2.02761570039861,origin
2015-12-15 13:51:48,1.98801879875142,origin
2015-12-15 13:51:48,2.02616629883423,origin
2015-12-15 13:51:48,1.98432102981181,origin
2015-12-15 13:51:48,1.94321420403128,origin
2015-12-15 13:51:48,1.99297566970979,origin
2015-12-15 13:51:48,1.99282495374713,origin
2015-12-15 13:51:48,1.934,origin
2015-12-15 13:51:48,1.559,origin
2015-12-15 13:51:48,1.293,origin
2015-12-15 13:51:48,1.09,origin
2015-12-15 13:51:48,0.918,origin
2015-12-15 13:51:48,0.793,origin
2015-12-15 13:51:48,0.715,origin
2015-12-15 13:51:48,0.668,origin
2015-12-15 13:51:48,0.629,origin
2015-12-15 13:51:48,0.566,origin
2015-12-15 13:51:48,0.512,origin
2015-12-15 13:51:48,0.477,origin
2015-12-15 13:51:48,0.469,origin
2015-12-15 13:51:48,0.488,origin
2015-12-15 13:51:48,0.563,origin
2015-12-15 13:51:48,0.723,origin
2015-12-15 13:51:48,0.938,origin
2015-12-15 13:51:48,1.172,origin
2015-12-15 13:51:48,1.445,origin
2015-12-15 13:51:48,1.91,origin
2015-12-15 13:51:48,1.99384676795965,origin
2015-12-15 13:51:48,1.9816899518988,origin
2015-12-15 13:51:48,2.01139268492176,origin
2015-12-15 13:51:48,1.99923071002861,origin
2015-12-15 13:51:48,1.95533324051089,origin
2015-12-15 13:51:48,2.06583896132046,origin
2015-12-15 13:51:48,1.99751163164549,origin
2015-12-15 13:51:48,2.00005819551396,origin
2015-12-15 13:51:48,1.97880691724543,origin
2015-12-15 13:51:48,1.99327178668773,origin
2015-12-15 13:51:48,1.578,origin
2015-12-15 13:51:49,1.168,origin
2015-12-15 13:51:49,0.895,origin
2015-12-15 13:51:49,0.578,origin
2015-12-15 13:51:49,0.195,origin
2015-12-15 13:51:49,-0.199,origin
2015-12-15 13:51:49,-0.473,origin
2015-12-15 13:51:49,-0.578,origin
2015-12-15 13:51:49,-0.566,origin
2015-12-15 13:51:49,-0.504,origin
2015-12-15 13:51:49,-0.457,origin
2015-12-15 13:51:49,-0.469,origin
2015-12-15 13:51:49,-0.523,origin
2015-12-15 13:51:49,-0.594,origin
2015-12-15 13:51:49,-0.641,origin
2015-12-15 13:51:49,-0.664,origin
2015-12-15 13:51:49,-0.641,origin
2015-12-15 13:51:49,-0.535,origin
2015-12-15 13:51:49,-0.379,origin
2015-12-15 13:51:49,-0.199,origin
2015-12-15 13:51:49,0.027,origin
2015-12-15 13:51:49,0.52,origin
2015-12-15 13:51:49,1.652,origin
2015-12-15 13:51:49,2.02431064160006,origin
2015-12-15 13:51:49,2.01475349880631,origin
2015-12-15 13:51:49,1.98866052050102,origin
2015-12-15 13:51:49,2.05870624057485,origin
2015-12-15 13:51:49,2.02568370068771,origin
2015-12-15 13:51:49,1.99050850663025,origin
2015-12-15 13:51:49,2.02285939517327,origin
2015-12-15 13:51:49,2.0037222957615,origin
2015-12-15 13:51:49,1.91793109712705,origin
2015-12-15 13:51:49,1.96427410817649,origin
2015-12-15 13:51:49,1.922,origin
2015-12-15 13:51:49,1.469,origin
2015-12-15 13:51:49,1.051,origin
2015-12-15 13:51:49,0.734,origin
2015-12-15 13:51:49,0.508,origin
2015-12-15 13:51:49,0.375,origin
2015-12-15 13:51:49,0.352,origin
2015-12-15 13:51:49,0.387,origin
2015-12-15 13:51:49,0.402,origin
2015-12-15 13:51:49,0.316,origin
2015-12-15 13:51:49,0.184,origin
2015-12-15 13:51:49,0.078,origin
2015-12-15 13:51:49,0.027,origin
2015-12-15 13:51:49,0.031,origin
2015-12-15 13:51:49,0.109,origin
2015-12-15 13:51:49,0.262,origin
2015-12-15 13:51:49,0.531,origin
2015-12-15 13:51:49,1.129,origin
2015-12-15 13:51:49,2.00009280251928,origin
2015-12-15 13:51:49,2.00528023598603,origin
2015-12-15 13:51:49,2.01289058338457,origin
2015-12-15 13:51:49,2.02012047650545,origin
2015-12-15 13:51:49,2.02054105106694,origin
2015-12-15 13:51:49,1.97395286706027,origin
2015-12-15 13:51:49,1.96536228983678,origin
2015-12-15 13:51:49,2.00990298551418,origin
2015-12-15 13:51:49,2.0003887939549,origin
2015-12-15 13:51:49,1.98451068443194,origin
2015-12-15 13:51:49,1.805,origin
2015-12-15 13:51:49,1.184,origin
2015-12-15 13:51:49,0.68,origin
2015-12-15 13:51:49,0.258,origin
2015-12-15 13:51:49,-0.074,origin
2015-12-15 13:51:49,-0.328,origin
2015-12-15 13:51:49,-0.465,origin
2015-12-15 13:51:49,-0.465,origin
2015-12-15 13:51:49,-0.383,origin
2015-12-15 13:51:49,-0.301,origin
2015-12-15 13:51:49,-0.293,origin
2015-12-15 13:51:49,-0.34,origin
2015-12-15 13:51:49,-0.438,origin
2015-12-15 13:51:49,-0.543,origin
2015-12-15 13:51:49,-0.605,origin
2015-12-15 13:51:49,-0.598,origin
2015-12-15 13:51:49,-0.523,origin
2015-12-15 13:51:49,-0.371,origin
2015-12-15 13:51:49,-0.113,origin
2015-12-15 13:51:49,0.223,origin
2015-12-15 13:51:50,0.543,origin
2015-12-15 13:51:50,0.852,origin
2015-12-15 13:51:50,1.23,origin
2015-12-15 13:51:50,1.742,origin
2015-12-15 13:51:50,1.96858859642539,origin
2015-12-15 13:51:50,2.01016045342367,origin
2015-12-15 13:51:50,1.98207430551074,origin
2015-12-15 13:51:50,1.9938162864777,origin
2015-12-15 13:51:50,1.97068361253046,origin
2015-12-15 13:51:50,2.01493128953808,origin
2015-12-15 13:51:50,2.03436461258105,origin
2015-12-15 13:51:50,1.96899539725526,origin
2015-12-15 13:51:50,1.875,origin
2015-12-15 13:51:50,1.723,origin
2015-12-15 13:51:50,1.523,origin
2015-12-15 13:51:50,1.246,origin
2015-12-15 13:51:50,0.961,origin
2015-12-15 13:51:50,0.734,origin
2015-12-15 13:51:50,0.594,origin
2015-12-15 13:51:50,0.52,origin
2015-12-15 13:51:50,0.449,origin
2015-12-15 13:51:50,0.34,origin
2015-12-15 13:51:50,0.215,origin
2015-12-15 13:51:50,0.117,origin
2015-12-15 13:51:50,0.086,origin
2015-12-15 13:51:50,0.109,origin
2015-12-15 13:51:50,0.164,origin
2015-12-15 13:51:50,0.242,origin
2015-12-15 13:51:50,0.367,origin
2015-12-15 13:51:50,0.625,origin
2015-12-15 13:51:50,1.109,origin
2015-12-15 13:51:50,1.94774388047908,origin
2015-12-15 13:51:50,2.03458406664326,origin
2015-12-15 13:51:50,2.00433513651,origin
2015-12-15 13:51:50,2.02203798445489,origin
2015-12-15 13:51:50,2.01901460706035,origin
2015-12-15 13:51:50,2.04363090780681,origin
2015-12-15 13:51:50,1.96118943506056,origin
2015-12-15 13:51:50,1.96994832690472,origin
2015-12-15 13:51:50,1.96742791215512,origin
2015-12-15 13:51:50,2.01875892069016,origin
2015-12-15 13:51:50,1.789,origin
2015-12-15 13:51:50,1.191,origin
2015-12-15 13:51:50,0.742,origin
2015-12-15 13:51:50,0.406,origin
2015-12-15 13:51:50,0.129,origin
2015-12-15 13:51:50,-0.113,origin
2015-12-15 13:51:50,-0.289,origin
2015-12-15 13:51:50,-0.34,origin
2015-12-15 13:51:50,-0.301,origin
2015-12-15 13:51:50,-0.242,origin
2015-12-15 13:51:50,-0.234,origin
2015-12-15 13:51:50,-0.293,origin
2015-12-15 13:51:50,-0.367,origin
2015-12-15 13:51:50,-0.422,origin
2015-12-15 13:51:50,-0.457,origin
2015-12-15 13:51:50,-0.457,origin
2015-12-15 13:51:50,-0.371,origin
2015-12-15 13:51:50,-0.168,origin
2015-12-15 13:51:50,0.203,origin
2015-12-15 13:51:50,0.727,origin
2015-12-15 13:51:50,1.277,origin
2015-12-15 13:51:50,1.934,origin
2015-12-15 13:51:50,1.92452303343257,origin
2015-12-15 13:51:50,2.04032410445794,origin
2015-12-15 13:51:50,1.92379004509406,origin
2015-12-15 13:51:50,2.00754315810833,origin
2015-12-15 13:51:50,2.00887142659579,origin
2015-12-15 13:51:50,1.97537642705856,origin
2015-12-15 13:51:50,1.97791466677569,origin
2015-12-15 13:51:50,2.02659377695673,origin
2015-12-15 13:51:50,2.00339457700017,origin
2015-12-15 13:51:50,2.01341666578554,origin
2015-12-15 13:51:50,1.98306649242345,origin
2015-12-15 13:51:50,1.84,origin
2015-12-15 13:51:50,1.523,origin
2015-12-15 13:51:50,1.262,origin
2015-12-15 13:51:50,1.016,origin
2015-12-15 13:51:50,0.824,origin
2015-12-15 13:51:50,0.695,origin
2015-12-15 13:51:51,0.613,origin
2015-12-15 13:51:51,0.586,origin
2015-12-15 13:51:51,0.555,origin
2015-12-15 13:51:51,0.469,origin
2015-12-15 13:51:51,0.352,origin
2015-12-15 13:51:51,0.242,origin
2015-12-15 13:51:51,0.184,origin
2015-12-15 13:51:51,0.215,origin
2015-12-15 13:51:51,0.293,origin
2015-12-15 13:51:51,0.418,origin
2015-12-15 13:51:51,0.582,origin
2015-12-15 13:51:51,0.832,origin
2015-12-15 13:51:51,1.328,origin
2015-12-15 13:51:51,1.9810519399225,origin
2015-12-15 13:51:51,2.00738540360776,origin
2015-12-15 13:51:51,2.02916044792496,origin
2015-12-15 13:51:51,1.98021524583689,origin
2015-12-15 13:51:51,2.03631425566092,origin
2015-12-15 13:51:51,2.04841963270492,origin
2015-12-15 13:51:51,2.02958275312136,origin
2015-12-15 13:51:51,1.99617270249918,origin
2015-12-15 13:51:51,2.02164083837184,origin
2015-12-15 13:51:51,1.99097161077687,origin
2015-12-15 13:51:51,1.99313368289531,origin
2015-12-15 13:51:51,1.535,origin
2015-12-15 13:51:51,0.887,origin
2015-12-15 13:51:51,0.43,origin
2015-12-15 13:51:51,0.086,origin
2015-12-15 13:51:51,-0.191,origin
2015-12-15 13:51:51,-0.402,origin
2015-12-15 13:51:51,-0.5,origin
2015-12-15 13:51:51,-0.492,origin
2015-12-15 13:51:51,-0.438,origin
2015-12-15 13:51:51,-0.406,origin
2015-12-15 13:51:51,-0.422,origin
2015-12-15 13:51:51,-0.449,origin
2015-12-15 13:51:51,-0.438,origin
2015-12-15 13:51:51,-0.395,origin
2015-12-15 13:51:51,-0.297,origin
2015-12-15 13:51:51,-0.156,origin
2015-12-15 13:51:51,0.031,origin
2015-12-15 13:51:51,0.277,origin
2015-12-15 13:51:51,0.512,origin
2015-12-15 13:51:51,0.773,origin
2015-12-15 13:51:51,1.184,origin
2015-12-15 13:51:51,1.793,origin
2015-12-15 13:51:51,1.94608842334216,origin
2015-12-15 13:51:51,1.9338777411183,origin
2015-12-15 13:51:51,2.01210457778954,origin
2015-12-15 13:51:51,2.00424869138773,origin
2015-12-15 13:51:51,1.96711157253057,origin
2015-12-15 13:51:51,1.99542992413583,origin
2015-12-15 13:51:51,1.97311664645015,origin
2015-12-15 13:51:51,2.00482879212212,origin
2015-12-15 13:51:51,1.98492406158407,origin
2015-12-15 13:51:51,1.9772395287184,origin
2015-12-15 13:51:51,1.938,origin
2015-12-15 13:51:51,1.586,origin
2015-12-15 13:51:51,1.273,origin
2015-12-15 13:51:51,1.027,origin
2015-12-15 13:51:51,0.859,origin
2015-12-15 13:51:51,0.742,origin
2015-12-15 13:51:51,0.648,origin
2015-12-15 13:51:51,0.547,origin
2015-12-15 13:51:51,0.418,origin
2015-12-15 13:51:51,0.285,origin
2015-12-15 13:51:51,0.172,origin
2015-12-15 13:51:51,0.086,origin
2015-12-15 13:51:51,0.031,origin
2015-12-15 13:51:51,0.016,origin
2015-12-15 13:51:51,0.035,origin
2015-12-15 13:51:51,0.082,origin
2015-12-15 13:51:51,0.152,origin
2015-12-15 13:51:51,0.266,origin
2015-12-15 13:51:51,0.477,origin
2015-12-15 13:51:51,1.016,origin
2015-12-15 13:51:51,1.95680020588054,origin
2015-12-15 13:51:51,1.98409403209228,origin
2015-12-15 13:51:51,1.98390619093107,origin
2015-12-15 13:51:51,1.93379737419985,origin
2015-12-15 13:51:52,2.03467432329561,origin
2015-12-15 13:51:52,2.00328035569682,origin
2015-12-15 13:51:52,1.9853070576361,origin
2015-12-15 13:51:52,2.04826460015337,origin
2015-12-15 13:51:52,1.99684403185854,origin
2015-12-15 13:51:52,2.02117742456941,origin
2015-12-15 13:51:52,1.99549151491011,origin
2015-12-15 13:51:52,1.457,origin
2015-12-15 13:51:52,0.918,origin
2015-12-15 13:51:52,0.414,origin
2015-12-15 13:51:52,-0.027,origin
2015-12-15 13:51:52,-0.324,origin
2015-12-15 13:51:52,-0.457,origin
2015-12-15 13:51:52,-0.469,origin
2015-12-15 13:51:52,-0.426,origin
2015-12-15 13:51:52,-0.363,origin
2015-12-15 13:51:52,-0.344,origin
2015-12-15 13:51:52,-0.359,origin
2015-12-15 13:51:52,-0.395,origin
2015-12-15 13:51:52,-0.414,origin
2015-12-15 13:51:52,-0.43,origin
2015-12-15 13:51:52,-0.457,origin
2015-12-15 13:51:52,-0.457,origin
2015-12-15 13:51:52,-0.406,origin
2015-12-15 13:51:52,-0.32,origin
2015-12-15 13:51:52,-0.188,origin
2015-12-15 13:51:52,0.055,origin
2015-12-15 13:51:52,0.652,origin
2015-12-15 13:51:52,1.773,origin
2015-12-15 13:51:52,1.9990162171175,origin
2015-12-15 13:51:52,1.97853035216604,origin
2015-12-15 13:51:52,2.0227511439665,origin
2015-12-15 13:51:52,2.02313217006273,origin
2015-12-15 13:51:52,1.97975488934949,origin
2015-12-15 13:51:52,1.96764496360259,origin
2015-12-15 13:51:52,1.99639704576355,origin
2015-12-15 13:51:52,1.96286085616127,origin
2015-12-15 13:51:52,2.04512913610946,origin
2015-12-15 13:51:52,1.961,origin
2015-12-15 13:51:52,1.484,origin
2015-12-15 13:51:52,1.102,origin
2015-12-15 13:51:52,0.844,origin
2015-12-15 13:51:52,0.676,origin
2015-12-15 13:51:52,0.578,origin
2015-12-15 13:51:52,0.52,origin
2015-12-15 13:51:52,0.457,origin
2015-12-15 13:51:52,0.367,origin
2015-12-15 13:51:52,0.254,origin
2015-12-15 13:51:52,0.16,origin
2015-12-15 13:51:52,0.105,origin
2015-12-15 13:51:52,0.07,origin
2015-12-15 13:51:52,0.051,origin
2015-12-15 13:51:52,0.051,origin
2015-12-15 13:51:52,0.094,origin
2015-12-15 13:51:52,0.219,origin
2015-12-15 13:51:52,0.465,origin
2015-12-15 13:51:52,0.902,origin
2015-12-15 13:51:52,1.691,origin
2015-12-15 13:51:52,1.97408850743409,origin
2015-12-15 13:51:52,1.96971576797418,origin
2015-12-15 13:51:52,1.97288198021119,origin
2015-12-15 13:51:52,1.97255139070805,origin
2015-12-15 13:51:52,2.02807839218394,origin
2015-12-15 13:51:52,2.01860707088905,origin
2015-12-15 13:51:52,2.01821924673081,origin
2015-12-15 13:51:52,1.97603379658056,origin
2015-12-15 13:51:52,2.02144499908577,origin
2015-12-15 13:51:52,2.03210974288745,origin
2015-12-15 13:51:52,1.535,origin
2015-12-15 13:51:52,0.945,origin
2015-12-15 13:51:52,0.422,origin
2015-12-15 13:51:52,0.008,origin
2015-12-15 13:51:52,-0.258,origin
2015-12-15 13:51:52,-0.375,origin
2015-12-15 13:51:52,-0.375,origin
2015-12-15 13:51:52,-0.328,origin
2015-12-15 13:51:52,-0.301,origin
2015-12-15 13:51:52,-0.332,origin
2015-12-15 13:51:52,-0.426,origin
2015-12-15 13:51:52,-0.527,origin
2015-12-15 13:51:53,-0.59,origin
2015-12-15 13:51:53,-0.586,origin
2015-12-15 13:51:53,-0.551,origin
2015-12-15 13:51:53,-0.484,origin
2015-12-15 13:51:53,-0.406,origin
2015-12-15 13:51:53,-0.316,origin
2015-12-15 13:51:53,-0.246,origin
2015-12-15 13:51:53,-0.121,origin
2015-12-15 13:51:53,0.172,origin
2015-12-15 13:51:53,1.031,origin
2015-12-15 13:51:53,2.0253805247304,origin
2015-12-15 13:51:53,1.99937476223734,origin
2015-12-15 13:51:53,2.01926124571173,origin
2015-12-15 13:51:53,1.97821923942365,origin
2015-12-15 13:51:53,1.98146842270167,origin
2015-12-15 13:51:53,2.02848690009653,origin
2015-12-15 13:51:53,1.99644508634586,origin
2015-12-15 13:51:53,2.07010940806489,origin
2015-12-15 13:51:53,2.01936040922239,origin
2015-12-15 13:51:53,1.914,origin
2015-12-15 13:51:53,1.492,origin
2015-12-15 13:51:53,1.094,origin
2015-12-15 13:51:53,0.766,origin
2015-12-15 13:51:53,0.535,origin
2015-12-15 13:51:53,0.434,origin
2015-12-15 13:51:53,0.434,origin
2015-12-15 13:51:53,0.43,origin
2015-12-15 13:51:53,0.355,origin
2015-12-15 13:51:53,0.219,origin
2015-12-15 13:51:53,0.086,origin
2015-12-15 13:51:53,-0.016,origin
2015-12-15 13:51:53,-0.066,origin
2015-12-15 13:51:53,-0.066,origin
2015-12-15 13:51:53,-0.016,origin
2015-12-15 13:51:53,0.059,origin
2015-12-15 13:51:53,0.113,origin
2015-12-15 13:51:53,0.191,origin
2015-12-15 13:51:53,0.363,origin
2015-12-15 13:51:53,0.758,origin
2015-12-15 13:51:53,1.656,origin
2015-12-15 13:51:53,2.01582544383313,origin
2015-12-15 13:51:53,1.95702335338762,origin
2015-12-15 13:51:53,2.05347796707601,origin
2015-12-15 13:51:53,2.00561036173056,origin
2015-12-15 13:51:53,1.95556337154223,origin
2015-12-15 13:51:53,2.06028954500288,origin
2015-12-15 13:51:53,2.0213101785757,origin
2015-12-15 13:51:53,2.01299984394709,origin
2015-12-15 13:51:53,2.06083072403125,origin
2015-12-15 13:51:53,1.98083827946701,origin
2015-12-15 13:51:53,1.941,origin
2015-12-15 13:51:53,1.336,origin
2015-12-15 13:51:53,0.82,origin
2015-12-15 13:51:53,0.344,origin
2015-12-15 13:51:53,-0.078,origin
2015-12-15 13:51:53,-0.348,origin
2015-12-15 13:51:53,-0.406,origin
2015-12-15 13:51:53,-0.336,origin
2015-12-15 13:51:53,-0.246,origin
2015-12-15 13:51:53,-0.234,origin
2015-12-15 13:51:53,-0.344,origin
2015-12-15 13:51:53,-0.52,origin
2015-12-15 13:51:53,-0.691,origin
2015-12-15 13:51:53,-0.789,origin
2015-12-15 13:51:53,-0.805,origin
2015-12-15 13:51:53,-0.758,origin
2015-12-15 13:51:53,-0.637,origin
2015-12-15 13:51:53,-0.469,origin
2015-12-15 13:51:53,-0.301,origin
2015-12-15 13:51:53,-0.188,origin
2015-12-15 13:51:53,0.117,origin
2015-12-15 13:51:53,0.809,origin
2015-12-15 13:51:53,2.01240389294558,origin
2015-12-15 13:51:53,2.00524107975127,origin
2015-12-15 13:51:53,2.04214377395066,origin
2015-12-15 13:51:53,2.016719245076,origin
2015-12-15 13:51:53,2.02067959264505,origin
2015-12-15 13:51:53,2.04805358480954,origin
2015-12-15 13:51:53,1.97884151522851,origin
2015-12-15 13:51:53,1.99387969763178,origin
2015-12-15 13:51:54,1.99751125031994,origin
2015-12-15 13:51:54,1.97606173363596,origin
2015-12-15 13:51:54,1.641,origin
2015-12-15 13:51:54,1.145,origin
2015-12-15 13:51:54,0.77,origin
2015-12-15 13:51:54,0.539,origin
2015-12-15 13:51:54,0.473,origin
2015-12-15 13:51:54,0.52,origin
2015-12-15 13:51:54,0.563,origin
2015-12-15 13:51:54,0.508,origin
2015-12-15 13:51:54,0.363,origin
2015-12-15 13:51:54,0.191,origin
2015-12-15 13:51:54,0.047,origin
2015-12-15 13:51:54,-0.055,origin
2015-12-15 13:51:54,-0.098,origin
2015-12-15 13:51:54,-0.066,origin
2015-12-15 13:51:54,0.02,origin
2015-12-15 13:51:54,0.148,origin
2015-12-15 13:51:54,0.313,origin
2015-12-15 13:51:54,0.516,origin
2015-12-15 13:51:54,0.887,origin
2015-12-15 13:51:54,1.715,origin
2015-12-15 13:51:54,1.95368376007626,origin
2015-12-15 13:51:54,1.9621339787552,origin
2015-12-15 13:51:54,1.98239796715785,origin
2015-12-15 13:51:54,1.92570323789449,origin
2015-12-15 13:51:54,1.96836660728215,origin
2015-12-15 13:51:54,1.9817945774621,origin
2015-12-15 13:51:54,1.99824211928322,origin
2015-12-15 13:51:54,2.04385401383855,origin
2015-12-15 13:51:54,2.05036384340524,origin
2015-12-15 13:51:54,1.723,origin
2015-12-15 13:51:54,1.258,origin
2015-12-15 13:51:54,0.852,origin
2015-12-15 13:51:54,0.535,origin
2015-12-15 13:51:54,0.289,origin
2015-12-15 13:51:54,0.109,origin
2015-12-15 13:51:54,-0.039,origin
2015-12-15 13:51:54,-0.18,origin
2015-12-15 13:51:54,-0.313,origin
2015-12-15 13:51:54,-0.438,origin
2015-12-15 13:51:54,-0.547,origin
2015-12-15 13:51:54,-0.645,origin
2015-12-15 13:51:54,-0.723,origin
2015-12-15 13:51:54,-0.754,origin
2015-12-15 13:51:54,-0.699,origin
2015-12-15 13:51:54,-0.594,origin
2015-12-15 13:51:54,-0.465,origin
2015-12-15 13:51:54,-0.316,origin
2015-12-15 13:51:54,-0.211,origin
2015-12-15 13:51:54,-0.219,origin
2015-12-15 13:51:54,-0.246,origin
2015-12-15 13:51:54,-0.066,origin
2015-12-15 13:51:54,0.48,origin
2015-12-15 13:51:54,1.711,origin
2015-12-15 13:51:54,2.0308130900316,origin
2015-12-15 13:51:54,1.93853911885665,origin
2015-12-15 13:51:54,2.03246625936041,origin
2015-12-15 13:51:54,1.99289870462704,origin
2015-12-15 13:51:54,2.00605863320156,origin
2015-12-15 13:51:54,2.00451624489966,origin
2015-12-15 13:51:54,1.99116365570383,origin
2015-12-15 13:51:54,1.99502229879739,origin
2015-12-15 13:51:54,1.945,origin
2015-12-15 13:51:54,1.641,origin
2015-12-15 13:51:54,1.281,origin
2015-12-15 13:51:54,0.938,origin
2015-12-15 13:51:54,0.66,origin
2015-12-15 13:51:54,0.449,origin
2015-12-15 13:51:54,0.309,origin
2015-12-15 13:51:54,0.234,origin
2015-12-15 13:51:54,0.195,origin
2015-12-15 13:51:54,0.168,origin
2015-12-15 13:51:54,0.129,origin
2015-12-15 13:51:54,0.07,origin
2015-12-15 13:51:54,0.031,origin
2015-12-15 13:51:54,0.023,origin
2015-12-15 13:51:54,0.059,origin
2015-12-15 13:51:54,0.148,origin
2015-12-15 13:51:54,0.301,origin
2015-12-15 13:51:55,0.535,origin
2015-12-15 13:51:55,0.891,origin
2015-12-15 13:51:55,1.488,origin
2015-12-15 13:51:55,1.99514667579611,origin
2015-12-15 13:51:55,1.97012166277446,origin
2015-12-15 13:51:55,2.01120196473177,origin
2015-12-15 13:51:55,1.99337560648723,origin
2015-12-15 13:51:55,2.01192439721814,origin
2015-12-15 13:51:55,1.9952787203225,origin
2015-12-15 13:51:55,1.99164280131574,origin
2015-12-15 13:51:55,2.00960440424691,origin
2015-12-15 13:51:55,2.02924691593134,origin
2015-12-15 13:51:55,1.9293737391686,origin
2015-12-15 13:51:55,1.488,origin
2015-12-15 13:51:55,1.059,origin
2015-12-15 13:51:55,0.777,origin
2015-12-15 13:51:55,0.539,origin
2015-12-15 13:51:55,0.277,origin
2015-12-15 13:51:55,0.012,origin
2015-12-15 13:51:55,-0.227,origin
2015-12-15 13:51:55,-0.398,origin
2015-12-15 13:51:55,-0.48,origin
2015-12-15 13:51:55,-0.488,origin
2015-12-15 13:51:55,-0.488,origin
