HEADER_TIME_STAMP,X_ACCELERATION_METERS_PER_SECOND_SQUARED,group
2015-10-08 15:02:43,-0.957,gt
2015-10-08 15:02:43,-0.867,gt
2015-10-08 15:02:43,-0.781,gt
2015-10-08 15:02:43,-0.715,gt
2015-10-08 15:02:43,-0.66,gt
2015-10-08 15:02:43,-0.617,gt
2015-10-08 15:02:43,-0.57,gt
2015-10-08 15:02:43,-0.543,gt
2015-10-08 15:02:43,-0.52,gt
2015-10-08 15:02:43,-0.469,gt
2015-10-08 15:02:43,-0.426,gt
2015-10-08 15:02:43,-0.418,gt
2015-10-08 15:02:43,-0.426,gt
2015-10-08 15:02:43,-0.418,gt
2015-10-08 15:02:43,-0.422,gt
2015-10-08 15:02:43,-0.441,gt
2015-10-08 15:02:43,-0.465,gt
2015-10-08 15:02:43,-0.488,gt
2015-10-08 15:02:43,-0.52,gt
2015-10-08 15:02:43,-0.555,gt
2015-10-08 15:02:43,-0.578,gt
2015-10-08 15:02:43,-0.59,gt
2015-10-08 15:02:43,-0.59,gt
2015-10-08 15:02:43,-0.582,gt
2015-10-08 15:02:43,-0.578,gt
2015-10-08 15:02:43,-0.566,gt
2015-10-08 15:02:43,-0.566,gt
2015-10-08 15:02:43,-0.602,gt
2015-10-08 15:02:43,-0.648,gt
2015-10-08 15:02:43,-0.695,gt
2015-10-08 15:02:43,-0.746,gt
2015-10-08 15:02:43,-0.797,gt
2015-10-08 15:02:43,-0.813,gt
2015-10-08 15:02:43,-0.805,gt
2015-10-08 15:02:43,-0.809,gt
2015-10-08 15:02:43,-0.863,gt
2015-10-08 15:02:43,-0.965,gt
2015-10-08 15:02:43,-1.047,gt
2015-10-08 15:02:43,-1.07,gt
2015-10-08 15:02:43,-1.031,gt
2015-10-08 15:02:43,-0.969,gt
2015-10-08 15:02:43,-0.879,gt
2015-10-08 15:02:43,-0.773,gt
2015-10-08 15:02:43,-0.68,gt
2015-10-08 15:02:43,-0.602,gt
2015-10-08 15:02:43,-0.543,gt
2015-10-08 15:02:43,-0.488,gt
2015-10-08 15:02:43,-0.453,gt
2015-10-08 15:02:43,-0.395,gt
2015-10-08 15:02:43,-0.359,gt
2015-10-08 15:02:43,-0.34,gt
2015-10-08 15:02:43,-0.309,gt
2015-10-08 15:02:43,-0.281,gt
2015-10-08 15:02:43,-0.266,gt
2015-10-08 15:02:43,-0.223,gt
2015-10-08 15:02:43,-0.156,gt
2015-10-08 15:02:43,-0.063,gt
2015-10-08 15:02:43,0.043,gt
2015-10-08 15:02:43,0.242,gt
2015-10-08 15:02:43,0.453,gt
2015-10-08 15:02:43,0.664,gt
2015-10-08 15:02:43,0.777,gt
2015-10-08 15:02:43,0.887,gt
2015-10-08 15:02:43,1.016,gt
2015-10-08 15:02:43,1.02,gt
2015-10-08 15:02:43,0.652,gt
2015-10-08 15:02:43,0.156,gt
2015-10-08 15:02:43,-0.652,gt
2015-10-08 15:02:43,-1.719,gt
2015-10-08 15:02:43,-2.023,gt
2015-10-08 15:02:43,-1.445,gt
2015-10-08 15:02:43,-1.156,gt
2015-10-08 15:02:44,-1.254,gt
2015-10-08 15:02:44,-1.438,gt
2015-10-08 15:02:44,-1.664,gt
2015-10-08 15:02:44,-1.953,gt
2015-10-08 15:02:44,-2.23,gt
2015-10-08 15:02:44,-2.457,gt
2015-10-08 15:02:44,-2.641,gt
2015-10-08 15:02:44,-2.801,gt
2015-10-08 15:02:44,-2.898,gt
2015-10-08 15:02:44,-2.891,gt
2015-10-08 15:02:44,-2.676,gt
2015-10-08 15:02:44,-2.414,gt
2015-10-08 15:02:44,-2.137,gt
2015-10-08 15:02:44,-1.887,gt
2015-10-08 15:02:44,-1.715,gt
2015-10-08 15:02:44,-1.59,gt
2015-10-08 15:02:44,-1.5,gt
2015-10-08 15:02:44,-1.375,gt
2015-10-08 15:02:44,-1.211,gt
2015-10-08 15:02:44,-1.09,gt
2015-10-08 15:02:44,-0.992,gt
2015-10-08 15:02:44,-0.938,gt
2015-10-08 15:02:44,-0.965,gt
2015-10-08 15:02:44,-1.059,gt
2015-10-08 15:02:44,-1.211,gt
2015-10-08 15:02:44,-1.383,gt
2015-10-08 15:02:44,-1.555,gt
2015-10-08 15:02:44,-1.719,gt
2015-10-08 15:02:44,-1.914,gt
2015-10-08 15:02:44,-2.203,gt
2015-10-08 15:02:44,-2.469,gt
2015-10-08 15:02:44,-2.559,gt
2015-10-08 15:02:44,-2.48,gt
2015-10-08 15:02:44,-2.273,gt
2015-10-08 15:02:44,-2.047,gt
2015-10-08 15:02:44,-1.797,gt
2015-10-08 15:02:44,-1.477,gt
2015-10-08 15:02:44,-1.137,gt
2015-10-08 15:02:44,-0.855,gt
2015-10-08 15:02:44,-0.656,gt
2015-10-08 15:02:44,-0.461,gt
2015-10-08 15:02:44,-0.27,gt
2015-10-08 15:02:44,-0.145,gt
2015-10-08 15:02:44,-0.023,gt
2015-10-08 15:02:44,0.066,gt
2015-10-08 15:02:44,0.102,gt
2015-10-08 15:02:44,0.102,gt
2015-10-08 15:02:44,0.086,gt
2015-10-08 15:02:44,0.086,gt
2015-10-08 15:02:44,0.133,gt
2015-10-08 15:02:44,0.199,gt
2015-10-08 15:02:44,0.277,gt
2015-10-08 15:02:44,0.348,gt
2015-10-08 15:02:44,0.371,gt
2015-10-08 15:02:44,0.344,gt
2015-10-08 15:02:44,0.25,gt
2015-10-08 15:02:44,0.133,gt
2015-10-08 15:02:44,-0.039,gt
2015-10-08 15:02:44,-0.223,gt
2015-10-08 15:02:44,-0.43,gt
2015-10-08 15:02:44,-0.785,gt
2015-10-08 15:02:44,-1.488,gt
2015-10-08 15:02:44,-2.859,gt
2015-10-08 15:02:44,-5.359,gt
2015-10-08 15:02:44,-5.18,gt
2015-10-08 15:02:44,-5.254,gt
2015-10-08 15:02:44,-5.078,gt
2015-10-08 15:02:44,-4.441,gt
2015-10-08 15:02:44,-3.902,gt
2015-10-08 15:02:44,-3.379,gt
2015-10-08 15:02:44,-2.691,gt
2015-10-08 15:02:44,-2.027,gt
2015-10-08 15:02:44,-1.609,gt
2015-10-08 15:02:44,-1.383,gt
2015-10-08 15:02:44,-1.168,gt
2015-10-08 15:02:44,-0.961,gt
2015-10-08 15:02:44,-0.773,gt
2015-10-08 15:02:44,-0.617,gt
2015-10-08 15:02:44,-0.512,gt
2015-10-08 15:02:44,-0.434,gt
2015-10-08 15:02:45,-0.379,gt
2015-10-08 15:02:45,-0.375,gt
2015-10-08 15:02:45,-0.41,gt
2015-10-08 15:02:45,-0.48,gt
2015-10-08 15:02:45,-0.574,gt
2015-10-08 15:02:45,-0.656,gt
2015-10-08 15:02:45,-0.715,gt
2015-10-08 15:02:45,-0.758,gt
2015-10-08 15:02:45,-0.82,gt
2015-10-08 15:02:45,-0.949,gt
2015-10-08 15:02:45,-1.168,gt
2015-10-08 15:02:45,-1.484,gt
2015-10-08 15:02:45,-1.969,gt
2015-10-08 15:02:45,-2.633,gt
2015-10-08 15:02:45,-3.152,gt
2015-10-08 15:02:45,-3.234,gt
2015-10-08 15:02:45,-3.027,gt
2015-10-08 15:02:45,-2.727,gt
2015-10-08 15:02:45,-2.332,gt
2015-10-08 15:02:45,-1.859,gt
2015-10-08 15:02:45,-1.43,gt
2015-10-08 15:02:45,-1.082,gt
2015-10-08 15:02:45,-0.836,gt
2015-10-08 15:02:45,-0.617,gt
2015-10-08 15:02:45,-0.367,gt
2015-10-08 15:02:45,-0.16,gt
2015-10-08 15:02:45,0.008,gt
2015-10-08 15:02:45,0.164,gt
2015-10-08 15:02:45,0.309,gt
2015-10-08 15:02:45,0.434,gt
2015-10-08 15:02:45,0.52,gt
2015-10-08 15:02:45,0.566,gt
2015-10-08 15:02:45,0.563,gt
2015-10-08 15:02:45,0.453,gt
2015-10-08 15:02:45,0.285,gt
2015-10-08 15:02:45,0.098,gt
2015-10-08 15:02:45,-0.082,gt
2015-10-08 15:02:45,-0.16,gt
2015-10-08 15:02:45,-0.156,gt
2015-10-08 15:02:45,-0.145,gt
2015-10-08 15:02:45,-0.191,gt
2015-10-08 15:02:45,-0.355,gt
2015-10-08 15:02:45,-0.621,gt
2015-10-08 15:02:45,-1.094,gt
2015-10-08 15:02:45,-1.695,gt
2015-10-08 15:02:45,-1.98,gt
2015-10-08 15:02:45,-1.875,gt
2015-10-08 15:02:45,-1.688,gt
2015-10-08 15:02:45,-1.488,gt
2015-10-08 15:02:45,-1.305,gt
2015-10-08 15:02:45,-1.125,gt
2015-10-08 15:02:45,-0.957,gt
2015-10-08 15:02:45,-0.813,gt
2015-10-08 15:02:45,-0.695,gt
2015-10-08 15:02:45,-0.602,gt
2015-10-08 15:02:45,-0.5,gt
2015-10-08 15:02:45,-0.402,gt
2015-10-08 15:02:45,-0.316,gt
2015-10-08 15:02:45,-0.266,gt
2015-10-08 15:02:45,-0.234,gt
2015-10-08 15:02:45,-0.219,gt
2015-10-08 15:02:45,-0.199,gt
2015-10-08 15:02:45,-0.211,gt
2015-10-08 15:02:45,-0.262,gt
2015-10-08 15:02:45,-0.348,gt
2015-10-08 15:02:45,-0.484,gt
2015-10-08 15:02:45,-0.711,gt
2015-10-08 15:02:45,-1.25,gt
2015-10-08 15:02:45,-1.418,gt
2015-10-08 15:02:45,-1.773,gt
2015-10-08 15:02:45,-1.984,gt
2015-10-08 15:02:45,-2.484,gt
2015-10-08 15:02:45,-3.07,gt
2015-10-08 15:02:45,-3.75,gt
2015-10-08 15:02:45,-3.941,gt
2015-10-08 15:02:45,-3.32,gt
2015-10-08 15:02:45,-2.852,gt
2015-10-08 15:02:45,-2.277,gt
2015-10-08 15:02:45,-1.625,gt
2015-10-08 15:02:45,-1.203,gt
2015-10-08 15:02:46,-0.91,gt
2015-10-08 15:02:46,-0.699,gt
2015-10-08 15:02:46,-0.496,gt
2015-10-08 15:02:46,-0.301,gt
2015-10-08 15:02:46,-0.125,gt
2015-10-08 15:02:46,0.031,gt
2015-10-08 15:02:46,0.141,gt
2015-10-08 15:02:46,0.227,gt
2015-10-08 15:02:46,0.301,gt
2015-10-08 15:02:46,0.367,gt
2015-10-08 15:02:46,0.375,gt
2015-10-08 15:02:46,0.359,gt
2015-10-08 15:02:46,0.352,gt
2015-10-08 15:02:46,0.316,gt
2015-10-08 15:02:46,0.258,gt
2015-10-08 15:02:46,0.172,gt
2015-10-08 15:02:46,0.063,gt
2015-10-08 15:02:46,-0.055,gt
2015-10-08 15:02:46,-0.184,gt
2015-10-08 15:02:46,-0.324,gt
2015-10-08 15:02:46,-0.43,gt
2015-10-08 15:02:46,-0.848,gt
2015-10-08 15:02:46,-1.477,gt
2015-10-08 15:02:46,-2.188,gt
2015-10-08 15:02:46,-2.785,gt
2015-10-08 15:02:46,-3.031,gt
2015-10-08 15:02:46,-3.004,gt
2015-10-08 15:02:46,-2.828,gt
2015-10-08 15:02:46,-2.371,gt
2015-10-08 15:02:46,-1.945,gt
2015-10-08 15:02:46,-1.723,gt
2015-10-08 15:02:46,-1.473,gt
2015-10-08 15:02:46,-1.164,gt
2015-10-08 15:02:46,-0.906,gt
2015-10-08 15:02:46,-0.734,gt
2015-10-08 15:02:46,-0.605,gt
2015-10-08 15:02:46,-0.418,gt
2015-10-08 15:02:46,-0.375,gt
2015-10-08 15:02:46,-0.34,gt
2015-10-08 15:02:46,-0.301,gt
2015-10-08 15:02:46,-0.254,gt
2015-10-08 15:02:46,-0.203,gt
2015-10-08 15:02:46,-0.133,gt
2015-10-08 15:02:46,-0.078,gt
2015-10-08 15:02:46,-0.082,gt
2015-10-08 15:02:46,-0.16,gt
2015-10-08 15:02:46,-0.27,gt
2015-10-08 15:02:46,-0.422,gt
2015-10-08 15:02:46,-0.652,gt
2015-10-08 15:02:46,-0.824,gt
2015-10-08 15:02:46,-1.148,gt
2015-10-08 15:02:46,-1.523,gt
2015-10-08 15:02:46,-1.863,gt
2015-10-08 15:02:46,-2.461,gt
2015-10-08 15:02:46,-2.93,gt
2015-10-08 15:02:46,-2.813,gt
2015-10-08 15:02:46,-2.914,gt
2015-10-08 15:02:46,-2.957,gt
2015-10-08 15:02:46,-3.02,gt
2015-10-08 15:02:46,-2.625,gt
2015-10-08 15:02:46,-2.113,gt
2015-10-08 15:02:46,-1.43,gt
2015-10-08 15:02:46,-0.957,gt
2015-10-08 15:02:46,-0.969,gt
2015-10-08 15:02:46,-0.938,gt
2015-10-08 15:02:46,-0.844,gt
2015-10-08 15:02:46,-0.793,gt
2015-10-08 15:02:46,-0.785,gt
2015-10-08 15:02:46,-0.707,gt
2015-10-08 15:02:46,-0.559,gt
2015-10-08 15:02:46,-0.414,gt
2015-10-08 15:02:46,-0.332,gt
2015-10-08 15:02:46,-0.305,gt
2015-10-08 15:02:46,-0.258,gt
2015-10-08 15:02:46,-0.184,gt
2015-10-08 15:02:46,-0.078,gt
2015-10-08 15:02:46,0.043,gt
2015-10-08 15:02:46,0.18,gt
2015-10-08 15:02:46,0.277,gt
2015-10-08 15:02:46,0.289,gt
2015-10-08 15:02:47,0.203,gt
2015-10-08 15:02:47,0.016,gt
2015-10-08 15:02:47,-0.277,gt
2015-10-08 15:02:47,-0.758,gt
2015-10-08 15:02:47,-1.656,gt
2015-10-08 15:02:47,-3.27,gt
2015-10-08 15:02:47,-4.09,gt
2015-10-08 15:02:47,-3.688,gt
2015-10-08 15:02:47,-3.555,gt
2015-10-08 15:02:47,-4.184,gt
2015-10-08 15:02:47,-4.336,gt
2015-10-08 15:02:47,-4.188,gt
2015-10-08 15:02:47,-3.984,gt
2015-10-08 15:02:47,-3.598,gt
2015-10-08 15:02:47,-3.117,gt
2015-10-08 15:02:47,-2.723,gt
2015-10-08 15:02:47,-2.344,gt
2015-10-08 15:02:47,-2.035,gt
2015-10-08 15:02:47,-1.75,gt
2015-10-08 15:02:47,-1.477,gt
2015-10-08 15:02:47,-1.219,gt
2015-10-08 15:02:47,-0.992,gt
2015-10-08 15:02:47,-0.727,gt
2015-10-08 15:02:47,-0.422,gt
2015-10-08 15:02:47,-0.207,gt
2015-10-08 15:02:47,-0.125,gt
2015-10-08 15:02:47,-0.148,gt
2015-10-08 15:02:47,-0.172,gt
2015-10-08 15:02:47,-0.176,gt
2015-10-08 15:02:47,-0.176,gt
2015-10-08 15:02:47,-0.184,gt
2015-10-08 15:02:47,-0.191,gt
2015-10-08 15:02:47,-0.234,gt
2015-10-08 15:02:47,-0.281,gt
2015-10-08 15:02:47,-0.324,gt
2015-10-08 15:02:47,-0.344,gt
2015-10-08 15:02:47,-0.359,gt
2015-10-08 15:02:47,-0.371,gt
2015-10-08 15:02:47,-0.391,gt
2015-10-08 15:02:47,-0.426,gt
2015-10-08 15:02:47,-0.465,gt
2015-10-08 15:02:47,-0.516,gt
2015-10-08 15:02:47,-0.598,gt
2015-10-08 15:02:47,-0.754,gt
2015-10-08 15:02:47,-0.809,gt
2015-10-08 15:02:47,-1.152,gt
2015-10-08 15:02:47,-1.508,gt
2015-10-08 15:02:47,-1.867,gt
2015-10-08 15:02:47,-2.371,gt
2015-10-08 15:02:47,-2.613,gt
2015-10-08 15:02:47,-2.816,gt
2015-10-08 15:02:47,-2.816,gt
2015-10-08 15:02:47,-2.281,gt
2015-10-08 15:02:47,-1.434,gt
2015-10-08 15:02:47,-0.762,gt
2015-10-08 15:02:47,-0.746,gt
2015-10-08 15:02:47,-0.895,gt
2015-10-08 15:02:47,-0.891,gt
2015-10-08 15:02:47,-1.008,gt
2015-10-08 15:02:47,-0.91,gt
2015-10-08 15:02:47,-0.684,gt
2015-10-08 15:02:47,-0.809,gt
2015-10-08 15:02:47,-0.816,gt
2015-10-08 15:02:47,-0.852,gt
2015-10-08 15:02:47,-0.895,gt
2015-10-08 15:02:47,-0.949,gt
2015-10-08 15:02:47,-0.984,gt
2015-10-08 15:02:47,-1.008,gt
2015-10-08 15:02:47,-1.023,gt
2015-10-08 15:02:47,-1.039,gt
2015-10-08 15:02:47,-1.098,gt
2015-10-08 15:02:47,-1.152,gt
2015-10-08 15:02:47,-1.211,gt
2015-10-08 15:02:47,-1.262,gt
2015-10-08 15:02:47,-1.297,gt
2015-10-08 15:02:47,-1.34,gt
2015-10-08 15:02:47,-1.395,gt
2015-10-08 15:02:47,-1.438,gt
2015-10-08 15:02:47,-1.461,gt
2015-10-08 15:02:47,-1.469,gt
2015-10-08 15:02:48,-1.508,gt
2015-10-08 15:02:48,-1.574,gt
2015-10-08 15:02:48,-1.734,gt
2015-10-08 15:02:48,-1.836,gt
2015-10-08 15:02:48,-1.93,gt
2015-10-08 15:02:48,-2.066,gt
2015-10-08 15:02:48,-2.137,gt
2015-10-08 15:02:48,-2.156,gt
2015-10-08 15:02:48,-2.184,gt
2015-10-08 15:02:48,-2.125,gt
2015-10-08 15:02:48,-1.969,gt
2015-10-08 15:02:48,-1.91,gt
2015-10-08 15:02:48,-1.859,gt
2015-10-08 15:02:48,-1.902,gt
2015-10-08 15:02:48,-1.816,gt
2015-10-08 15:02:48,-1.766,gt
2015-10-08 15:02:48,-1.688,gt
2015-10-08 15:02:48,-1.641,gt
2015-10-08 15:02:48,-1.621,gt
2015-10-08 15:02:48,-1.637,gt
2015-10-08 15:02:48,-1.633,gt
2015-10-08 15:02:48,-1.633,gt
2015-10-08 15:02:48,-1.605,gt
2015-10-08 15:02:48,-1.559,gt
2015-10-08 15:02:48,-1.523,gt
2015-10-08 15:02:48,-1.465,gt
2015-10-08 15:02:48,-1.492,gt
2015-10-08 15:02:48,-1.449,gt
2015-10-08 15:02:48,-1.352,gt
2015-10-08 15:02:48,-1.309,gt
2015-10-08 15:02:48,-1.102,gt
2015-10-08 15:02:48,-1.074,gt
2015-10-08 15:02:48,-0.93,gt
2015-10-08 15:02:48,-1.008,gt
2015-10-08 15:02:48,-1.039,gt
2015-10-08 15:02:48,-1.016,gt
2015-10-08 15:02:48,-1.008,gt
2015-10-08 15:02:48,-0.926,gt
2015-10-08 15:02:48,-0.73,gt
2015-10-08 15:02:48,-0.559,gt
2015-10-08 15:02:48,-0.484,gt
2015-10-08 15:02:48,-0.422,gt
2015-10-08 15:02:48,-0.375,gt
2015-10-08 15:02:48,-0.398,gt
2015-10-08 15:02:48,-0.461,gt
2015-10-08 15:02:48,-0.508,gt
2015-10-08 15:02:48,-0.523,gt
2015-10-08 15:02:48,-0.531,gt
2015-10-08 15:02:48,-0.559,gt
2015-10-08 15:02:48,-0.609,gt
2015-10-08 15:02:48,-0.633,gt
2015-10-08 15:02:48,-0.641,gt
2015-10-08 15:02:48,-0.637,gt
2015-10-08 15:02:48,-0.629,gt
2015-10-08 15:02:48,-0.633,gt
2015-10-08 15:02:48,-0.668,gt
2015-10-08 15:02:48,-0.711,gt
2015-10-08 15:02:48,-0.742,gt
2015-10-08 15:02:48,-0.719,gt
2015-10-08 15:02:48,-0.672,gt
2015-10-08 15:02:48,-0.637,gt
2015-10-08 15:02:48,-0.656,gt
2015-10-08 15:02:48,-0.715,gt
2015-10-08 15:02:48,-0.793,gt
2015-10-08 15:02:48,-0.852,gt
2015-10-08 15:02:48,-0.918,gt
2015-10-08 15:02:48,-1,gt
2015-10-08 15:02:48,-1.102,gt
2015-10-08 15:02:48,-1.223,gt
2015-10-08 15:02:48,-1.34,gt
2015-10-08 15:02:48,-1.41,gt
2015-10-08 15:02:48,-1.395,gt
2015-10-08 15:02:48,-1.336,gt
2015-10-08 15:02:48,-1.285,gt
2015-10-08 15:02:48,-1.266,gt
2015-10-08 15:02:48,-1.25,gt
2015-10-08 15:02:48,-1.219,gt
2015-10-08 15:02:48,-1.176,gt
2015-10-08 15:02:48,-1.145,gt
2015-10-08 15:02:48,-1.125,gt
2015-10-08 15:02:49,-1.098,gt
2015-10-08 15:02:49,-1.031,gt
2015-10-08 15:02:49,-0.965,gt
2015-10-08 15:02:49,-0.902,gt
2015-10-08 15:02:49,-0.813,gt
2015-10-08 15:02:49,-0.723,gt
2015-10-08 15:02:49,-0.676,gt
2015-10-08 15:02:49,-0.645,gt
2015-10-08 15:02:49,-0.574,gt
2015-10-08 15:02:49,-0.535,gt
2015-10-08 15:02:49,-0.555,gt
2015-10-08 15:02:49,-0.535,gt
2015-10-08 15:02:49,-0.523,gt
2015-10-08 15:02:49,-0.527,gt
2015-10-08 15:02:49,-0.539,gt
2015-10-08 15:02:49,-0.563,gt
2015-10-08 15:02:49,-0.629,gt
2015-10-08 15:02:49,-0.711,gt
2015-10-08 15:02:49,-0.777,gt
2015-10-08 15:02:49,-0.816,gt
2015-10-08 15:02:49,-0.863,gt
2015-10-08 15:02:49,-0.902,gt
2015-10-08 15:02:49,-0.98,gt
2015-10-08 15:02:49,-1.027,gt
2015-10-08 15:02:49,-0.98,gt
2015-10-08 15:02:49,-0.957,gt
2015-10-08 15:02:49,-0.898,gt
2015-10-08 15:02:49,-0.867,gt
2015-10-08 15:02:49,-0.867,gt
2015-10-08 15:02:49,-0.828,gt
2015-10-08 15:02:49,-0.859,gt
2015-10-08 15:02:49,-0.996,gt
2015-10-08 15:02:49,-1.141,gt
2015-10-08 15:02:49,-1.242,gt
2015-10-08 15:02:49,-1.273,gt
2015-10-08 15:02:49,-1.219,gt
2015-10-08 15:02:49,-1.102,gt
2015-10-08 15:02:49,-0.945,gt
2015-10-08 15:02:49,-0.777,gt
2015-10-08 15:02:49,-0.629,gt
2015-10-08 15:02:49,-0.508,gt
2015-10-08 15:02:49,-0.41,gt
2015-10-08 15:02:49,-0.32,gt
2015-10-08 15:02:49,-0.246,gt
2015-10-08 15:02:49,-0.191,gt
2015-10-08 15:02:49,-0.137,gt
2015-10-08 15:02:49,-0.078,gt
2015-10-08 15:02:49,-0.031,gt
2015-10-08 15:02:49,0.012,gt
2015-10-08 15:02:49,0.047,gt
2015-10-08 15:02:49,0.063,gt
2015-10-08 15:02:49,0.07,gt
2015-10-08 15:02:49,0.063,gt
2015-10-08 15:02:49,0.043,gt
2015-10-08 15:02:49,0.012,gt
2015-10-08 15:02:49,-0.012,gt
2015-10-08 15:02:49,-0.008,gt
2015-10-08 15:02:49,-0.004,gt
2015-10-08 15:02:49,-0.035,gt
2015-10-08 15:02:49,-0.082,gt
2015-10-08 15:02:49,-0.121,gt
2015-10-08 15:02:49,-0.176,gt
2015-10-08 15:02:49,-0.238,gt
2015-10-08 15:02:49,-0.297,gt
2015-10-08 15:02:49,-0.363,gt
2015-10-08 15:02:49,-0.414,gt
2015-10-08 15:02:49,-0.441,gt
2015-10-08 15:02:49,-0.461,gt
2015-10-08 15:02:49,-0.461,gt
2015-10-08 15:02:49,-0.441,gt
2015-10-08 15:02:49,-0.477,gt
2015-10-08 15:02:49,-0.5,gt
2015-10-08 15:02:49,-0.363,gt
2015-10-08 15:02:49,-0.137,gt
2015-10-08 15:02:49,0.059,gt
2015-10-08 15:02:49,0.207,gt
2015-10-08 15:02:49,0.309,gt
2015-10-08 15:02:49,0.328,gt
2015-10-08 15:02:49,0.313,gt
2015-10-08 15:02:49,0.293,gt
2015-10-08 15:02:50,0.309,gt
2015-10-08 15:02:50,0.367,gt
2015-10-08 15:02:50,0.418,gt
2015-10-08 15:02:50,0.449,gt
2015-10-08 15:02:50,0.449,gt
2015-10-08 15:02:50,0.414,gt
2015-10-08 15:02:50,0.359,gt
2015-10-08 15:02:50,0.297,gt
2015-10-08 15:02:50,0.219,gt
2015-10-08 15:02:50,0.172,gt
2015-10-08 15:02:50,0.129,gt
2015-10-08 15:02:50,0.102,gt
2015-10-08 15:02:50,0.082,gt
2015-10-08 15:02:50,0.066,gt
2015-10-08 15:02:50,0.059,gt
2015-10-08 15:02:50,0.047,gt
2015-10-08 15:02:50,0.004,gt
2015-10-08 15:02:50,-0.047,gt
2015-10-08 15:02:50,-0.074,gt
2015-10-08 15:02:50,-0.07,gt
2015-10-08 15:02:50,-0.09,gt
2015-10-08 15:02:50,-0.141,gt
2015-10-08 15:02:50,-0.176,gt
2015-10-08 15:02:50,-0.223,gt
2015-10-08 15:02:50,-0.285,gt
2015-10-08 15:02:50,-0.32,gt
2015-10-08 15:02:50,-0.324,gt
2015-10-08 15:02:50,-0.285,gt
2015-10-08 15:02:50,-0.258,gt
2015-10-08 15:02:50,-0.285,gt
2015-10-08 15:02:50,-0.301,gt
2015-10-08 15:02:50,-0.266,gt
2015-10-08 15:02:50,-0.211,gt
2015-10-08 15:02:50,-0.184,gt
2015-10-08 15:02:50,-0.148,gt
2015-10-08 15:02:50,-0.117,gt
2015-10-08 15:02:50,-0.125,gt
2015-10-08 15:02:50,-0.156,gt
2015-10-08 15:02:50,-0.184,gt
2015-10-08 15:02:50,-0.199,gt
2015-10-08 15:02:50,-0.195,gt
2015-10-08 15:02:50,-0.172,gt
2015-10-08 15:02:50,-0.117,gt
2015-10-08 15:02:50,-0.039,gt
2015-10-08 15:02:50,0.039,gt
2015-10-08 15:02:50,0.102,gt
2015-10-08 15:02:50,0.145,gt
2015-10-08 15:02:50,0.148,gt
2015-10-08 15:02:50,0.137,gt
2015-10-08 15:02:50,0.133,gt
2015-10-08 15:02:50,0.117,gt
2015-10-08 15:02:50,0.105,gt
2015-10-08 15:02:50,0.098,gt
2015-10-08 15:02:50,0.113,gt
2015-10-08 15:02:50,0.129,gt
2015-10-08 15:02:50,0.082,gt
2015-10-08 15:02:50,0.016,gt
2015-10-08 15:02:50,-0.02,gt
2015-10-08 15:02:50,-0.059,gt
2015-10-08 15:02:50,-0.117,gt
2015-10-08 15:02:50,-0.156,gt
2015-10-08 15:02:50,-0.191,gt
2015-10-08 15:02:50,-0.215,gt
2015-10-08 15:02:50,-0.25,gt
2015-10-08 15:02:50,-0.285,gt
2015-10-08 15:02:50,-0.324,gt
2015-10-08 15:02:50,-0.398,gt
2015-10-08 15:02:50,-0.539,gt
2015-10-08 15:02:50,-0.637,gt
2015-10-08 15:02:50,-0.641,gt
2015-10-08 15:02:50,-0.512,gt
2015-10-08 15:02:50,-0.398,gt
2015-10-08 15:02:50,-0.391,gt
2015-10-08 15:02:50,-0.422,gt
2015-10-08 15:02:50,-0.453,gt
2015-10-08 15:02:50,-0.469,gt
2015-10-08 15:02:50,-0.48,gt
2015-10-08 15:02:50,-0.504,gt
2015-10-08 15:02:50,-0.531,gt
2015-10-08 15:02:50,-0.605,gt
2015-10-08 15:02:51,-0.727,gt
2015-10-08 15:02:51,-0.875,gt
2015-10-08 15:02:51,-1.035,gt
2015-10-08 15:02:51,-1.289,gt
2015-10-08 15:02:51,-1.691,gt
2015-10-08 15:02:51,-2.234,gt
2015-10-08 15:02:51,-2.891,gt
2015-10-08 15:02:51,-3.559,gt
2015-10-08 15:02:51,-4.098,gt
2015-10-08 15:02:51,-4.488,gt
2015-10-08 15:02:51,-4.973,gt
2015-10-08 15:02:51,-5.582,gt
2015-10-08 15:02:51,-6.008,gt
2015-10-08 15:02:51,-6.117,gt
2015-10-08 15:02:51,-6.141,gt
2015-10-08 15:02:51,-6.5,gt
2015-10-08 15:02:51,-6.703,gt
2015-10-08 15:02:51,-7.293,gt
2015-10-08 15:02:51,-7.648,gt
2015-10-08 15:02:51,-7.758,gt
2015-10-08 15:02:51,-7.133,gt
2015-10-08 15:02:51,-4.418,gt
2015-10-08 15:02:51,-2.918,gt
2015-10-08 15:02:51,-2.711,gt
2015-10-08 15:02:51,-2.023,gt
2015-10-08 15:02:51,-1.797,gt
2015-10-08 15:02:51,-1.617,gt
2015-10-08 15:02:51,-1.195,gt
2015-10-08 15:02:51,-0.957,gt
2015-10-08 15:02:51,-0.793,gt
2015-10-08 15:02:51,-0.727,gt
2015-10-08 15:02:51,-0.672,gt
2015-10-08 15:02:51,-0.578,gt
2015-10-08 15:02:51,-0.492,gt
2015-10-08 15:02:51,-0.461,gt
2015-10-08 15:02:51,-0.438,gt
2015-10-08 15:02:51,-0.422,gt
2015-10-08 15:02:51,-0.395,gt
2015-10-08 15:02:51,-0.355,gt
2015-10-08 15:02:51,-0.32,gt
2015-10-08 15:02:51,-0.309,gt
2015-10-08 15:02:51,-0.293,gt
2015-10-08 15:02:51,-0.285,gt
2015-10-08 15:02:51,-0.297,gt
2015-10-08 15:02:51,-0.289,gt
2015-10-08 15:02:51,-0.262,gt
2015-10-08 15:02:51,-0.238,gt
2015-10-08 15:02:51,-0.215,gt
2015-10-08 15:02:51,-0.219,gt
2015-10-08 15:02:51,-0.258,gt
2015-10-08 15:02:51,-0.289,gt
2015-10-08 15:02:51,-0.285,gt
2015-10-08 15:02:51,-0.25,gt
2015-10-08 15:02:51,-0.227,gt
2015-10-08 15:02:51,-0.223,gt
2015-10-08 15:02:51,-0.219,gt
2015-10-08 15:02:51,-0.199,gt
2015-10-08 15:02:51,-0.211,gt
2015-10-08 15:02:51,-0.203,gt
2015-10-08 15:02:51,-0.188,gt
2015-10-08 15:02:51,-0.195,gt
2015-10-08 15:02:51,-0.203,gt
2015-10-08 15:02:51,-0.207,gt
2015-10-08 15:02:51,-0.211,gt
2015-10-08 15:02:51,-0.219,gt
2015-10-08 15:02:51,-0.227,gt
2015-10-08 15:02:51,-0.234,gt
2015-10-08 15:02:51,-0.234,gt
2015-10-08 15:02:51,-0.234,gt
2015-10-08 15:02:51,-0.234,gt
2015-10-08 15:02:51,-0.234,gt
2015-10-08 15:02:51,-0.238,gt
2015-10-08 15:02:51,-0.25,gt
2015-10-08 15:02:51,-0.258,gt
2015-10-08 15:02:51,-0.262,gt
2015-10-08 15:02:51,-0.266,gt
2015-10-08 15:02:51,-0.254,gt
2015-10-08 15:02:51,-0.258,gt
2015-10-08 15:02:51,-0.281,gt
2015-10-08 15:02:51,-0.324,gt
2015-10-08 15:02:52,-0.355,gt
2015-10-08 15:02:52,-0.371,gt
2015-10-08 15:02:52,-0.371,gt
2015-10-08 15:02:52,-0.375,gt
2015-10-08 15:02:52,-0.391,gt
2015-10-08 15:02:52,-0.422,gt
2015-10-08 15:02:52,-0.473,gt
2015-10-08 15:02:52,-0.523,gt
2015-10-08 15:02:52,-0.555,gt
2015-10-08 15:02:52,-0.535,gt
2015-10-08 15:02:52,-0.563,gt
2015-10-08 15:02:52,-0.57,gt
2015-10-08 15:02:52,-0.531,gt
2015-10-08 15:02:52,-0.539,gt
2015-10-08 15:02:52,-0.551,gt
2015-10-08 15:02:52,-0.605,gt
2015-10-08 15:02:52,-0.625,gt
2015-10-08 15:02:52,-0.621,gt
2015-10-08 15:02:52,-0.621,gt
2015-10-08 15:02:52,-0.633,gt
2015-10-08 15:02:52,-0.652,gt
2015-10-08 15:02:52,-0.68,gt
2015-10-08 15:02:52,-0.707,gt
2015-10-08 15:02:52,-0.695,gt
2015-10-08 15:02:52,-0.707,gt
2015-10-08 15:02:52,-0.719,gt
2015-10-08 15:02:52,-0.719,gt
2015-10-08 15:02:52,-0.707,gt
2015-10-08 15:02:52,-0.684,gt
2015-10-08 15:02:52,-0.648,gt
2015-10-08 15:02:52,-0.617,gt
2015-10-08 15:02:52,-0.598,gt
2015-10-08 15:02:52,-0.574,gt
2015-10-08 15:02:52,-0.566,gt
2015-10-08 15:02:52,-0.566,gt
2015-10-08 15:02:52,-0.563,gt
2015-10-08 15:02:52,-0.539,gt
2015-10-08 15:02:52,-0.512,gt
2015-10-08 15:02:52,-0.504,gt
2015-10-08 15:02:52,-0.492,gt
2015-10-08 15:02:52,-0.488,gt
2015-10-08 15:02:52,-0.5,gt
2015-10-08 15:02:52,-0.52,gt
2015-10-08 15:02:52,-0.539,gt
2015-10-08 15:02:52,-0.563,gt
2015-10-08 15:02:52,-0.594,gt
2015-10-08 15:02:52,-0.621,gt
2015-10-08 15:02:52,-0.652,gt
2015-10-08 15:02:52,-0.672,gt
2015-10-08 15:02:52,-0.695,gt
2015-10-08 15:02:52,-0.727,gt
2015-10-08 15:02:52,-0.754,gt
2015-10-08 15:02:52,-0.766,gt
2015-10-08 15:02:52,-0.766,gt
2015-10-08 15:02:52,-0.754,gt
2015-10-08 15:02:52,-0.734,gt
2015-10-08 15:02:52,-0.719,gt
2015-10-08 15:02:52,-0.707,gt
2015-10-08 15:02:52,-0.707,gt
2015-10-08 15:02:52,-0.699,gt
2015-10-08 15:02:52,-0.676,gt
2015-10-08 15:02:52,-0.656,gt
2015-10-08 15:02:52,-0.641,gt
2015-10-08 15:02:52,-0.625,gt
2015-10-08 15:02:52,-0.621,gt
2015-10-08 15:02:52,-0.625,gt
2015-10-08 15:02:52,-0.629,gt
2015-10-08 15:02:52,-0.633,gt
2015-10-08 15:02:52,-0.633,gt
2015-10-08 15:02:52,-0.633,gt
2015-10-08 15:02:52,-0.641,gt
2015-10-08 15:02:52,-0.656,gt
2015-10-08 15:02:52,-0.668,gt
2015-10-08 15:02:52,-0.68,gt
2015-10-08 15:02:52,-0.695,gt
2015-10-08 15:02:52,-0.699,gt
2015-10-08 15:02:52,-0.711,gt
2015-10-08 15:02:52,-0.754,gt
2015-10-08 15:02:52,-0.82,gt
2015-10-08 15:02:52,-0.898,gt
2015-10-08 15:02:53,-0.965,gt
2015-10-08 15:02:53,-1.031,gt
2015-10-08 15:02:53,-1.09,gt
2015-10-08 15:02:53,-1.129,gt
2015-10-08 15:02:53,-1.148,gt
2015-10-08 15:02:53,-1.141,gt
2015-10-08 15:02:53,-1.109,gt
2015-10-08 15:02:53,-1.066,gt
2015-10-08 15:02:53,-1.016,gt
2015-10-08 15:02:43,-0.957,extrap
2015-10-08 15:02:43,-0.888649473364245,extrap
2015-10-08 15:02:43,-0.814951992060324,extrap
2015-10-08 15:02:43,-0.753106813915217,extrap
2015-10-08 15:02:43,-0.70540391655508,extrap
2015-10-08 15:02:43,-0.660000916001259,extrap
2015-10-08 15:02:43,-0.627283344378223,extrap
2015-10-08 15:02:43,-0.588742825603696,extrap
2015-10-08 15:02:43,-0.556668010742709,extrap
2015-10-08 15:02:43,-0.540078069196934,extrap
2015-10-08 15:02:43,-0.520000691385216,extrap
2015-10-08 15:02:43,-0.482049451816514,extrap
2015-10-08 15:02:43,-0.440746228780246,extrap
2015-10-08 15:02:43,-0.418360104440374,extrap
2015-10-08 15:02:43,-0.419437091425236,extrap
2015-10-08 15:02:43,-0.426,extrap
2015-10-08 15:02:43,-0.419876222583271,extrap
2015-10-08 15:02:43,-0.418310790507351,extrap
2015-10-08 15:02:43,-0.427848039207436,extrap
2015-10-08 15:02:43,-0.444921185543264,extrap
2015-10-08 15:02:43,-0.465,extrap
2015-10-08 15:02:43,-0.482012408819562,extrap
2015-10-08 15:02:43,-0.505683856593916,extrap
2015-10-08 15:02:43,-0.534216016095503,extrap
2015-10-08 15:02:43,-0.559589950524414,extrap
2015-10-08 15:02:43,-0.578,extrap
2015-10-08 15:02:43,-0.588369650704838,extrap
2015-10-08 15:02:43,-0.591298544128013,extrap
2015-10-08 15:02:43,-0.58702360662881,extrap
2015-10-08 15:02:43,-0.581262953771112,extrap
2015-10-08 15:02:43,-0.578000143750072,extrap
2015-10-08 15:02:43,-0.568838356099346,extrap
2015-10-08 15:02:43,-0.56268413873546,extrap
2015-10-08 15:02:43,-0.576017717970299,extrap
2015-10-08 15:02:43,-0.609520114690212,extrap
2015-10-08 15:02:43,-0.647999117360694,extrap
2015-10-08 15:02:43,-0.683749371320169,extrap
2015-10-08 15:02:43,-0.723919961299463,extrap
2015-10-08 15:02:43,-0.767987395229272,extrap
2015-10-08 15:02:43,-0.802048158812588,extrap
2015-10-08 15:02:43,-0.813,extrap
2015-10-08 15:02:43,-0.807228124079809,extrap
2015-10-08 15:02:43,-0.803781453407546,extrap
2015-10-08 15:02:43,-0.821757124950845,extrap
2015-10-08 15:02:43,-0.878019402827966,extrap
2015-10-08 15:02:43,-0.965,extrap
2015-10-08 15:02:43,-1.03287051394873,extrap
2015-10-08 15:02:43,-1.06762406085363,extrap
2015-10-08 15:02:43,-1.06118022326612,extrap
2015-10-08 15:02:43,-1.02177012566715,extrap
2015-10-08 15:02:43,-0.969,extrap
2015-10-08 15:02:43,-0.902843462966357,extrap
2015-10-08 15:02:43,-0.81676169903286,extrap
2015-10-08 15:02:43,-0.734797215467448,extrap
2015-10-08 15:02:43,-0.666252632342765,extrap
2015-10-08 15:02:43,-0.60200129848054,extrap
2015-10-08 15:02:43,-0.556332271990653,extrap
2015-10-08 15:02:43,-0.508828817726123,extrap
2015-10-08 15:02:43,-0.474445987519305,extrap
2015-10-08 15:02:43,-0.444709995483974,extrap
2015-10-08 15:02:43,-0.395001044674323,extrap
2015-10-08 15:02:43,-0.364540961305774,extrap
2015-10-08 15:02:43,-0.348250419571443,extrap
2015-10-08 15:02:43,-0.329471017233999,extrap
2015-10-08 15:02:43,-0.303541769737301,extrap
2015-10-08 15:02:43,-0.281,extrap
2015-10-08 15:02:43,-0.271120396583452,extrap
2015-10-08 15:02:43,-0.243837468237359,extrap
2015-10-08 15:02:43,-0.200915557704337,extrap
2015-10-08 15:02:43,-0.141518839619413,extrap
2015-10-08 15:02:43,-0.063,extrap
2015-10-08 15:02:43,0.00995265627400983,extrap
2015-10-08 15:02:43,0.153516147558078,extrap
2015-10-08 15:02:43,0.322884759877649,extrap
2015-10-08 15:02:43,0.489558155241408,extrap
2015-10-08 15:02:43,0.664,extrap
2015-10-08 15:02:43,0.755689087775599,extrap
2015-10-08 15:02:43,0.837111562606108,extrap
2015-10-08 15:02:43,0.939190635588223,extrap
2015-10-08 15:02:43,1.03169030556379,extrap
2015-10-08 15:02:43,1.02000319283674,extrap
2015-10-08 15:02:43,0.760564311642096,extrap
2015-10-08 15:02:43,0.377678707838309,extrap
2015-10-08 15:02:43,-0.100463251577728,extrap
2015-10-08 15:02:43,-0.827738299143135,extrap
2015-10-08 15:02:43,-1.71898281730891,extrap
2015-10-08 15:02:43,-2.07874615079814,extrap
2015-10-08 15:02:43,-1.72402224109164,extrap
2015-10-08 15:02:43,-1.25976404058686,extrap
2015-10-08 15:02:43,-1.15758885626902,extrap
2015-10-08 15:02:44,-1.254,extrap
2015-10-08 15:02:44,-1.39220678657605,extrap
2015-10-08 15:02:44,-1.55891685160621,extrap
2015-10-08 15:02:44,-1.78536947409159,extrap
2015-10-08 15:02:44,-2.02312144577552,extrap
2015-10-08 15:02:44,-2.24906621250368,extrap
2015-10-08 15:02:44,-2.45293888327492,extrap
2015-10-08 15:02:44,-2.62447456708809,extrap
2015-10-08 15:02:44,-2.75340837294202,extrap
2015-10-08 15:02:44,-2.82947540983557,extrap
2015-10-08 15:02:44,-2.84241078676757,extrap
2015-10-08 15:02:44,-2.78627626682305,extrap
2015-10-08 15:02:44,-2.67244022943165,extrap
2015-10-08 15:02:44,-2.51659770810918,extrap
2015-10-08 15:02:44,-2.33444373637146,extrap
2015-10-08 15:02:44,-2.14167334773429,extrap
2015-10-08 15:02:44,-1.9539815757135,extrap
2015-10-08 15:02:44,-1.78706345382488,extrap
2015-10-08 15:02:44,-1.65797600390047,extrap
2015-10-08 15:02:44,-1.57492524328555,extrap
2015-10-08 15:02:44,-1.50000185412013,extrap
2015-10-08 15:02:44,-1.4100794781536,extrap
2015-10-08 15:02:44,-1.2779799373652,extrap
2015-10-08 15:02:44,-1.15805831069801,extrap
2015-10-08 15:02:44,-1.0730923316596,extrap
2015-10-08 15:02:44,-0.992,extrap
2015-10-08 15:02:44,-0.942913767277442,extrap
2015-10-08 15:02:44,-0.946040392364386,extrap
2015-10-08 15:02:44,-0.992335467740118,extrap
2015-10-08 15:02:44,-1.08118868576842,extrap
2015-10-08 15:02:44,-1.211,extrap
2015-10-08 15:02:44,-1.34166752559496,extrap
2015-10-08 15:02:44,-1.48556202152307,extrap
2015-10-08 15:02:44,-1.61542265622117,extrap
2015-10-08 15:02:44,-1.75114486767515,extrap
2015-10-08 15:02:44,-1.95364392158638,extrap
2015-10-08 15:02:44,-2.19979093457503,extrap
2015-10-08 15:02:44,-2.44219009500277,extrap
2015-10-08 15:02:44,-2.63344559123124,extrap
2015-10-08 15:02:44,-2.7261616116221,extrap
2015-10-08 15:02:44,-2.6864922412843,extrap
2015-10-08 15:02:44,-2.53479115231592,extrap
2015-10-08 15:02:44,-2.30496191356235,extrap
2015-10-08 15:02:44,-2.03090809386897,extrap
2015-10-08 15:02:44,-1.74653326208115,extrap
2015-10-08 15:02:44,-1.47700644805637,extrap
2015-10-08 15:02:44,-1.21419091711466,extrap
2015-10-08 15:02:44,-0.962358617674738,extrap
2015-10-08 15:02:44,-0.770698839317436,extrap
2015-10-08 15:02:44,-0.625523467967955,extrap
2015-10-08 15:02:44,-0.461,extrap
2015-10-08 15:02:44,-0.308839094623479,extrap
2015-10-08 15:02:44,-0.193373465919764,extrap
2015-10-08 15:02:44,-0.0971576161883793,extrap
2015-10-08 15:02:44,-0.00552175147753353,extrap
2015-10-08 15:02:44,0.066,extrap
2015-10-08 15:02:44,0.0982140846506258,extrap
2015-10-08 15:02:44,0.104646104488966,extrap
2015-10-08 15:02:44,0.0964016342300587,extrap
2015-10-08 15:02:44,0.0839741402729815,extrap
2015-10-08 15:02:44,0.086,extrap
2015-10-08 15:02:44,0.118699562788507,extrap
2015-10-08 15:02:44,0.17041805116435,extrap
2015-10-08 15:02:44,0.228041819861034,extrap
2015-10-08 15:02:44,0.290012494151705,extrap
2015-10-08 15:02:44,0.347998980225819,extrap
2015-10-08 15:02:44,0.370629836253355,extrap
2015-10-08 15:02:44,0.362005905813723,extrap
2015-10-08 15:02:44,0.314221816966564,extrap
2015-10-08 15:02:44,0.232347061513649,extrap
2015-10-08 15:02:44,0.133002689045361,extrap
2015-10-08 15:02:44,0.00475342728401323,extrap
2015-10-08 15:02:44,-0.146745236914469,extrap
2015-10-08 15:02:44,-0.29596283445492,extrap
2015-10-08 15:02:44,-0.47172937057443,extrap
2015-10-08 15:02:44,-0.785,extrap
2015-10-08 15:02:44,-1.31490332760357,extrap
2015-10-08 15:02:44,-1.84345074537391,extrap
2015-10-08 15:02:44,-2.33897444459333,extrap
2015-10-08 15:02:44,-2.79185911555811,extrap
2015-10-08 15:02:44,-3.17956129030368,extrap
2015-10-08 15:02:44,-3.47953750086551,extrap
2015-10-08 15:02:44,-3.66924427927903,extrap
2015-10-08 15:02:44,-3.72613815757971,extrap
2015-10-08 15:02:44,-3.6290852352017,extrap
2015-10-08 15:02:44,-3.38937347658579,extrap
2015-10-08 15:02:44,-3.0507137194536,extrap
2015-10-08 15:02:44,-2.65822657058034,extrap
2015-10-08 15:02:44,-2.2570326367412,extrap
2015-10-08 15:02:44,-1.89225252471139,extrap
2015-10-08 15:02:44,-1.6090068412661,extrap
2015-10-08 15:02:44,-1.42487130414065,extrap
2015-10-08 15:02:44,-1.26091780944073,extrap
2015-10-08 15:02:44,-1.08459379201306,extrap
2015-10-08 15:02:44,-0.929272555542852,extrap
2015-10-08 15:02:44,-0.773003420120848,extrap
2015-10-08 15:02:44,-0.648470653129945,extrap
2015-10-08 15:02:44,-0.551411843051924,extrap
2015-10-08 15:02:44,-0.479069046289115,extrap
2015-10-08 15:02:44,-0.423138618111788,extrap
2015-10-08 15:02:45,-0.379,extrap
2015-10-08 15:02:45,-0.371080837557221,extrap
2015-10-08 15:02:45,-0.392038873521633,extrap
2015-10-08 15:02:45,-0.432325135527637,extrap
2015-10-08 15:02:45,-0.494720353247959,extrap
2015-10-08 15:02:45,-0.574,extrap
2015-10-08 15:02:45,-0.638990006016486,extrap
2015-10-08 15:02:45,-0.693015511917971,extrap
2015-10-08 15:02:45,-0.732045822853819,extrap
2015-10-08 15:02:45,-0.765985832951861,extrap
2015-10-08 15:02:45,-0.82,extrap
2015-10-08 15:02:45,-0.908570200478301,extrap
2015-10-08 15:02:45,-1.07198019179691,extrap
2015-10-08 15:02:45,-1.26244383878099,extrap
2015-10-08 15:02:45,-1.56620763721535,extrap
2015-10-08 15:02:45,-1.94226078106298,extrap
2015-10-08 15:02:45,-2.33253334120993,extrap
2015-10-08 15:02:45,-2.68659416317832,extrap
2015-10-08 15:02:45,-2.95401209249027,extrap
2015-10-08 15:02:45,-3.0843559746679,extrap
2015-10-08 15:02:45,-3.04226524869921,extrap
2015-10-08 15:02:45,-2.85266603932543,extrap
2015-10-08 15:02:45,-2.55555722077561,extrap
2015-10-08 15:02:45,-2.19092848714645,extrap
2015-10-08 15:02:45,-1.79879689383276,extrap
2015-10-08 15:02:45,-1.43,extrap
2015-10-08 15:02:45,-1.15022284216021,extrap
2015-10-08 15:02:45,-0.931555082487312,extrap
2015-10-08 15:02:45,-0.752782872346908,extrap
2015-10-08 15:02:45,-0.577302443993133,extrap
2015-10-08 15:02:45,-0.367,extrap
2015-10-08 15:02:45,-0.203261071465198,extrap
2015-10-08 15:02:45,-0.0596934737659947,extrap
2015-10-08 15:02:45,0.069688788803391,extrap
2015-10-08 15:02:45,0.188367293976836,extrap
2015-10-08 15:02:45,0.309,extrap
2015-10-08 15:02:45,0.408143777591664,extrap
2015-10-08 15:02:45,0.488572207698014,extrap
2015-10-08 15:02:45,0.543103643730643,extrap
2015-10-08 15:02:45,0.569684563050998,extrap
2015-10-08 15:02:45,0.563000917997233,extrap
2015-10-08 15:02:45,0.487775340320372,extrap
2015-10-08 15:02:45,0.357521224082742,extrap
2015-10-08 15:02:45,0.214670310941958,extrap
2015-10-08 15:02:45,0.0661906767320082,extrap
2015-10-08 15:02:45,-0.0819972441363377,extrap
2015-10-08 15:02:45,-0.152645262870592,extrap
2015-10-08 15:02:45,-0.162050500390033,extrap
2015-10-08 15:02:45,-0.148706097446209,extrap
2015-10-08 15:02:45,-0.147278577211143,extrap
2015-10-08 15:02:45,-0.191,extrap
2015-10-08 15:02:45,-0.306100436290391,extrap
2015-10-08 15:02:45,-0.495263338483096,extrap
2015-10-08 15:02:45,-0.772595044931981,extrap
2015-10-08 15:02:45,-1.19327740580985,extrap
2015-10-08 15:02:45,-1.695,extrap
2015-10-08 15:02:45,-2.04565661593516,extrap
2015-10-08 15:02:45,-2.0406734354981,extrap
2015-10-08 15:02:45,-1.80562249515036,extrap
2015-10-08 15:02:45,-1.65534447801508,extrap
2015-10-08 15:02:45,-1.488,extrap
2015-10-08 15:02:45,-1.34702261974766,extrap
2015-10-08 15:02:45,-1.19949997244565,extrap
2015-10-08 15:02:45,-1.05726543682193,extrap
2015-10-08 15:02:45,-0.932028921833166,extrap
2015-10-08 15:02:45,-0.813002559498352,extrap
2015-10-08 15:02:45,-0.719465172091274,extrap
2015-10-08 15:02:45,-0.640257008199151,extrap
2015-10-08 15:02:45,-0.563529858242872,extrap
2015-10-08 15:02:45,-0.483539743602244,extrap
2015-10-08 15:02:45,-0.402001844025262,extrap
2015-10-08 15:02:45,-0.332930028361889,extrap
2015-10-08 15:02:45,-0.283916771675689,extrap
2015-10-08 15:02:45,-0.251105757738941,extrap
2015-10-08 15:02:45,-0.231141373079182,extrap
2015-10-08 15:02:45,-0.219,extrap
2015-10-08 15:02:45,-0.20194500229699,extrap
2015-10-08 15:02:45,-0.201600199323456,extrap
2015-10-08 15:02:45,-0.225984406305724,extrap
2015-10-08 15:02:45,-0.273454521265388,extrap
2015-10-08 15:02:45,-0.348,extrap
2015-10-08 15:02:45,-0.450897572903937,extrap
2015-10-08 15:02:45,-0.579403821572711,extrap
2015-10-08 15:02:45,-0.922016819543584,extrap
2015-10-08 15:02:45,-1.29670750186406,extrap
2015-10-08 15:02:45,-1.418,extrap
2015-10-08 15:02:45,-1.68534743702978,extrap
2015-10-08 15:02:45,-2.03508628846441,extrap
2015-10-08 15:02:45,-2.38969139368238,extrap
2015-10-08 15:02:45,-2.71430065192473,extrap
2015-10-08 15:02:45,-2.97405196243247,extrap
2015-10-08 15:02:45,-3.13408322444664,extrap
2015-10-08 15:02:45,-3.16085651204944,extrap
2015-10-08 15:02:45,-3.05129162556196,extrap
2015-10-08 15:02:45,-2.8327670387365,extrap
2015-10-08 15:02:45,-2.53398558960498,extrap
2015-10-08 15:02:45,-2.18365011619935,extrap
2015-10-08 15:02:45,-1.81046345655153,extrap
2015-10-08 15:02:45,-1.44951007433766,extrap
2015-10-08 15:02:45,-1.14714737519857,extrap
2015-10-08 15:02:46,-0.91,extrap
2015-10-08 15:02:46,-0.745481386727678,extrap
2015-10-08 15:02:46,-0.580696864202493,extrap
2015-10-08 15:02:46,-0.418251268775098,extrap
2015-10-08 15:02:46,-0.271278895553901,extrap
2015-10-08 15:02:46,-0.125,extrap
2015-10-08 15:02:46,-0.0013995270893911,extrap
2015-10-08 15:02:46,0.0992383311829753,extrap
2015-10-08 15:02:46,0.176753519173612,extrap
2015-10-08 15:02:46,0.239262454008474,extrap
2015-10-08 15:02:46,0.301,extrap
2015-10-08 15:02:46,0.356144598737531,extrap
2015-10-08 15:02:46,0.377167816503109,extrap
2015-10-08 15:02:46,0.368859784435033,extrap
2015-10-08 15:02:46,0.357752019735719,extrap
2015-10-08 15:02:46,0.352000305573319,extrap
2015-10-08 15:02:46,0.327314623055885,extrap
2015-10-08 15:02:46,0.284359545796346,extrap
2015-10-08 15:02:46,0.228753521558201,extrap
2015-10-08 15:02:46,0.155192952802343,extrap
2015-10-08 15:02:46,0.0630021925069762,extrap
2015-10-08 15:02:46,-0.026849610543761,extrap
2015-10-08 15:02:46,-0.126994661407539,extrap
2015-10-08 15:02:46,-0.243915847537813,extrap
2015-10-08 15:02:46,-0.337406918660969,extrap
2015-10-08 15:02:46,-0.43,extrap
2015-10-08 15:02:46,-0.717916664115902,extrap
2015-10-08 15:02:46,-1.20903282720112,extrap
2015-10-08 15:02:46,-1.71575285362337,extrap
2015-10-08 15:02:46,-2.19483027305922,extrap
2015-10-08 15:02:46,-2.61073803535223,extrap
2015-10-08 15:02:46,-2.91707662125491,extrap
2015-10-08 15:02:46,-3.06744651151976,extrap
2015-10-08 15:02:46,-3.01814050680522,extrap
2015-10-08 15:02:46,-2.78737129948574,extrap
2015-10-08 15:02:46,-2.45526954809039,extrap
2015-10-08 15:02:46,-2.1046578459419,extrap
2015-10-08 15:02:46,-1.81835878636303,extrap
2015-10-08 15:02:46,-1.632872831558,extrap
2015-10-08 15:02:46,-1.4246816292426,extrap
2015-10-08 15:02:46,-1.16400579264941,extrap
2015-10-08 15:02:46,-0.957925251420763,extrap
2015-10-08 15:02:46,-0.796161886531016,extrap
2015-10-08 15:02:46,-0.687993128810824,extrap
2015-10-08 15:02:46,-0.574636260380898,extrap
2015-10-08 15:02:46,-0.41800252524745,extrap
2015-10-08 15:02:46,-0.377412087899861,extrap
2015-10-08 15:02:46,-0.357215472861788,extrap
2015-10-08 15:02:46,-0.324989383713276,extrap
2015-10-08 15:02:46,-0.293792620539578,extrap
2015-10-08 15:02:46,-0.254,extrap
2015-10-08 15:02:46,-0.216685076304989,extrap
2015-10-08 15:02:46,-0.163119400298722,extrap
2015-10-08 15:02:46,-0.106555108169608,extrap
2015-10-08 15:02:46,-0.0743263947209444,extrap
2015-10-08 15:02:46,-0.082,extrap
2015-10-08 15:02:46,-0.13642514076974,extrap
2015-10-08 15:02:46,-0.222871677293591,extrap
2015-10-08 15:02:46,-0.317500376238941,extrap
2015-10-08 15:02:46,-0.458542740095624,extrap
2015-10-08 15:02:46,-0.652,extrap
2015-10-08 15:02:46,-0.774864409702079,extrap
2015-10-08 15:02:46,-0.999195932905886,extrap
2015-10-08 15:02:46,-1.29173235425362,extrap
2015-10-08 15:02:46,-1.58461027729769,extrap
2015-10-08 15:02:46,-1.86299505068012,extrap
2015-10-08 15:02:46,-2.17585586430148,extrap
2015-10-08 15:02:46,-2.50694179045591,extrap
2015-10-08 15:02:46,-2.8187395500424,extrap
2015-10-08 15:02:46,-3.07373586395992,extrap
2015-10-08 15:02:46,-3.23441745310744,extrap
2015-10-08 15:02:46,-3.2643848591984,extrap
2015-10-08 15:02:46,-3.15285793673694,extrap
2015-10-08 15:02:46,-2.91466958797271,extrap
2015-10-08 15:02:46,-2.56578543150819,extrap
2015-10-08 15:02:46,-2.12215517924008,extrap
2015-10-08 15:02:46,-1.59973277534706,extrap
2015-10-08 15:02:46,-1.09629116609421,extrap
2015-10-08 15:02:46,-0.923932406404292,extrap
2015-10-08 15:02:46,-0.974772443967491,extrap
2015-10-08 15:02:46,-0.938,extrap
2015-10-08 15:02:46,-0.864650260063943,extrap
2015-10-08 15:02:46,-0.806668621653842,extrap
2015-10-08 15:02:46,-0.790883584987027,extrap
2015-10-08 15:02:46,-0.778103479073729,extrap
2015-10-08 15:02:46,-0.707,extrap
2015-10-08 15:02:46,-0.596644706875474,extrap
2015-10-08 15:02:46,-0.469750913162178,extrap
2015-10-08 15:02:46,-0.372259206448429,extrap
2015-10-08 15:02:46,-0.325998249605393,extrap
2015-10-08 15:02:46,-0.305000545825016,extrap
2015-10-08 15:02:46,-0.272014544492938,extrap
2015-10-08 15:02:46,-0.217941893840501,extrap
2015-10-08 15:02:46,-0.146405247768756,extrap
2015-10-08 15:02:46,-0.0591549129043419,extrap
2015-10-08 15:02:46,0.0429974598732433,extrap
2015-10-08 15:02:46,0.149441195650663,extrap
2015-10-08 15:02:46,0.24374005565018,extrap
2015-10-08 15:02:46,0.295063313126007,extrap
2015-10-08 15:02:46,0.280503997341551,extrap
2015-10-08 15:02:47,0.203,extrap
2015-10-08 15:02:47,0.0722483389543482,extrap
2015-10-08 15:02:47,-0.149151983479578,extrap
2015-10-08 15:02:47,-0.407253789287257,extrap
2015-10-08 15:02:47,-0.897461124540818,extrap
2015-10-08 15:02:47,-1.656,extrap
2015-10-08 15:02:47,-2.38991995147065,extrap
2015-10-08 15:02:47,-3.02167153437035,extrap
2015-10-08 15:02:47,-3.55056437355325,extrap
2015-10-08 15:02:47,-3.97590809387351,extrap
2015-10-08 15:02:47,-4.29701232018528,extrap
2015-10-08 15:02:47,-4.51318667734273,extrap
2015-10-08 15:02:47,-4.6237407902,extrap
2015-10-08 15:02:47,-4.62798428361126,extrap
2015-10-08 15:02:47,-4.52565873283706,extrap
2015-10-08 15:02:47,-4.32644001638781,extrap
2015-10-08 15:02:47,-4.04993800709051,extrap
2015-10-08 15:02:47,-3.71619446639196,extrap
2015-10-08 15:02:47,-3.34525115573895,extrap
2015-10-08 15:02:47,-2.95714983657825,extrap
2015-10-08 15:02:47,-2.57193227035666,extrap
2015-10-08 15:02:47,-2.20964021852095,extrap
2015-10-08 15:02:47,-1.89031544251791,extrap
2015-10-08 15:02:47,-1.63446300871745,extrap
2015-10-08 15:02:47,-1.43479120387312,extrap
2015-10-08 15:02:47,-1.219,extrap
2015-10-08 15:02:47,-1.04585396348689,extrap
2015-10-08 15:02:47,-0.844503308414478,extrap
2015-10-08 15:02:47,-0.606795492294429,extrap
2015-10-08 15:02:47,-0.379288025633345,extrap
2015-10-08 15:02:47,-0.207,extrap
2015-10-08 15:02:47,-0.130636666336314,extrap
2015-10-08 15:02:47,-0.133717583653028,extrap
2015-10-08 15:02:47,-0.160077808002763,extrap
2015-10-08 15:02:47,-0.17363740349772,extrap
2015-10-08 15:02:47,-0.176,extrap
2015-10-08 15:02:47,-0.175113805368999,extrap
2015-10-08 15:02:47,-0.181076868033803,extrap
2015-10-08 15:02:47,-0.184379801704413,extrap
2015-10-08 15:02:47,-0.195984919031591,extrap
2015-10-08 15:02:47,-0.233999057625512,extrap
2015-10-08 15:02:47,-0.270071829399552,extrap
2015-10-08 15:02:47,-0.30789945542664,extrap
2015-10-08 15:02:47,-0.334217919546478,extrap
2015-10-08 15:02:47,-0.346443249606728,extrap
2015-10-08 15:02:47,-0.358999746540944,extrap
2015-10-08 15:02:47,-0.367933033186728,extrap
2015-10-08 15:02:47,-0.381078413967484,extrap
2015-10-08 15:02:47,-0.403174027939019,extrap
2015-10-08 15:02:47,-0.432105852807013,extrap
2015-10-08 15:02:47,-0.465,extrap
2015-10-08 15:02:47,-0.503285476053516,extrap
2015-10-08 15:02:47,-0.553002239726542,extrap
2015-10-08 15:02:47,-0.66406806158147,extrap
2015-10-08 15:02:47,-0.76254203959945,extrap
2015-10-08 15:02:47,-0.809,extrap
2015-10-08 15:02:47,-1.05796254007971,extrap
2015-10-08 15:02:47,-1.35973864266052,extrap
2015-10-08 15:02:47,-1.66231998920239,extrap
2015-10-08 15:02:47,-1.89965778490927,extrap
2015-10-08 15:02:47,-2.19065994735027,extrap
2015-10-08 15:02:47,-2.49471935117628,extrap
2015-10-08 15:02:47,-2.71377393561837,extrap
2015-10-08 15:02:47,-2.75222550821637,extrap
2015-10-08 15:02:47,-2.5711480198743,extrap
2015-10-08 15:02:47,-2.18828932728397,extrap
2015-10-08 15:02:47,-1.62386150793076,extrap
2015-10-08 15:02:47,-0.988399067382004,extrap
2015-10-08 15:02:47,-0.679711178253888,extrap
2015-10-08 15:02:47,-0.776866578531129,extrap
2015-10-08 15:02:47,-0.894998959210397,extrap
2015-10-08 15:02:47,-0.885294945884058,extrap
2015-10-08 15:02:47,-0.959987486432241,extrap
2015-10-08 15:02:47,-1.01069234626012,extrap
2015-10-08 15:02:47,-0.866298684467345,extrap
2015-10-08 15:02:47,-0.684,extrap
2015-10-08 15:02:47,-0.774279870427755,extrap
2015-10-08 15:02:47,-0.825194041875574,extrap
2015-10-08 15:02:47,-0.821746565748548,extrap
2015-10-08 15:02:47,-0.859627662254444,extrap
2015-10-08 15:02:47,-0.895,extrap
2015-10-08 15:02:47,-0.937080788255937,extrap
2015-10-08 15:02:47,-0.971582128714797,extrap
2015-10-08 15:02:47,-0.994282661754585,extrap
2015-10-08 15:02:47,-1.01114273149869,extrap
2015-10-08 15:02:47,-1.023,extrap
2015-10-08 15:02:47,-1.03135385890826,extrap
2015-10-08 15:02:47,-1.07144342050741,extrap
2015-10-08 15:02:47,-1.11989367458262,extrap
2015-10-08 15:02:47,-1.16118692440212,extrap
2015-10-08 15:02:47,-1.21099887086522,extrap
2015-10-08 15:02:47,-1.2518900521,extrap
2015-10-08 15:02:47,-1.28297571430711,extrap
2015-10-08 15:02:47,-1.31156712983884,extrap
2015-10-08 15:02:47,-1.34870544554941,extrap
2015-10-08 15:02:47,-1.39499899119607,extrap
2015-10-08 15:02:47,-1.42971953759505,extrap
2015-10-08 15:02:47,-1.45425710432208,extrap
2015-10-08 15:02:47,-1.46279624860938,extrap
2015-10-08 15:02:47,-1.47371432240672,extrap
2015-10-08 15:02:48,-1.508,extrap
2015-10-08 15:02:48,-1.54851894200228,extrap
2015-10-08 15:02:48,-1.66673590190221,extrap
2015-10-08 15:02:48,-1.78027220007598,extrap
2015-10-08 15:02:48,-1.85241656419471,extrap
2015-10-08 15:02:48,-1.92727841615967,extrap
2015-10-08 15:02:48,-2.00789413628682,extrap
2015-10-08 15:02:48,-2.08229952158677,extrap
2015-10-08 15:02:48,-2.13853036907011,extrap
2015-10-08 15:02:48,-2.16462247574747,extrap
2015-10-08 15:02:48,-2.15240066368134,extrap
2015-10-08 15:02:48,-2.10884585514184,extrap
2015-10-08 15:02:48,-2.04472799745096,extrap
2015-10-08 15:02:48,-1.97081703793071,extrap
2015-10-08 15:02:48,-1.89788292390309,extrap
2015-10-08 15:02:48,-1.85899976659233,extrap
2015-10-08 15:02:48,-1.89968273433447,extrap
2015-10-08 15:02:48,-1.85788178017369,extrap
2015-10-08 15:02:48,-1.79217338316538,extrap
2015-10-08 15:02:48,-1.75533889372529,extrap
2015-10-08 15:02:48,-1.68800139467132,extrap
2015-10-08 15:02:48,-1.64871337802458,extrap
2015-10-08 15:02:48,-1.62532114242406,extrap
2015-10-08 15:02:48,-1.6256481653855,extrap
2015-10-08 15:02:48,-1.63768970228123,extrap
2015-10-08 15:02:48,-1.633,extrap
2015-10-08 15:02:48,-1.63441953221697,extrap
2015-10-08 15:02:48,-1.62036133746231,extrap
2015-10-08 15:02:48,-1.58665071781678,extrap
2015-10-08 15:02:48,-1.55365778965117,extrap
2015-10-08 15:02:48,-1.523,extrap
2015-10-08 15:02:48,-1.47168413749168,extrap
2015-10-08 15:02:48,-1.47837393896012,extrap
2015-10-08 15:02:48,-1.49027049582312,extrap
2015-10-08 15:02:48,-1.43155625675599,extrap
2015-10-08 15:02:48,-1.352,extrap
2015-10-08 15:02:48,-1.33481259586334,extrap
2015-10-08 15:02:48,-1.18199150730787,extrap
2015-10-08 15:02:48,-1.08218897748172,extrap
2015-10-08 15:02:48,-1.05476375290943,extrap
2015-10-08 15:02:48,-0.930001203704031,extrap
2015-10-08 15:02:48,-0.980892625816901,extrap
2015-10-08 15:02:48,-1.03858913844507,extrap
2015-10-08 15:02:48,-1.03074056954531,extrap
2015-10-08 15:02:48,-1.01439830980179,extrap
2015-10-08 15:02:48,-1.00800042493042,extrap
2015-10-08 15:02:48,-0.958309865614831,extrap
2015-10-08 15:02:48,-0.817108062248224,extrap
2015-10-08 15:02:48,-0.652532315542588,extrap
2015-10-08 15:02:48,-0.542156862237578,extrap
2015-10-08 15:02:48,-0.484,extrap
2015-10-08 15:02:48,-0.436613219371518,extrap
2015-10-08 15:02:48,-0.389336335836895,extrap
2015-10-08 15:02:48,-0.374372985728299,extrap
2015-10-08 15:02:48,-0.407445090283546,extrap
2015-10-08 15:02:48,-0.461,extrap
2015-10-08 15:02:48,-0.500345113274319,extrap
2015-10-08 15:02:48,-0.519148167586321,extrap
2015-10-08 15:02:48,-0.525225387767176,extrap
2015-10-08 15:02:48,-0.533795043217717,extrap
2015-10-08 15:02:48,-0.559,extrap
2015-10-08 15:02:48,-0.598452441118935,extrap
2015-10-08 15:02:48,-0.625872684978462,extrap
2015-10-08 15:02:48,-0.637755792960733,extrap
2015-10-08 15:02:48,-0.640967676818515,extrap
2015-10-08 15:02:48,-0.63700014775531,extrap
2015-10-08 15:02:48,-0.630495129775617,extrap
2015-10-08 15:02:48,-0.628470026909176,extrap
2015-10-08 15:02:48,-0.643265040461172,extrap
2015-10-08 15:02:48,-0.674988524240114,extrap
2015-10-08 15:02:48,-0.710999150139744,extrap
2015-10-08 15:02:48,-0.739338180169844,extrap
2015-10-08 15:02:48,-0.73341107795927,extrap
2015-10-08 15:02:48,-0.701876788551281,extrap
2015-10-08 15:02:48,-0.664413543176934,extrap
2015-10-08 15:02:48,-0.637,extrap
2015-10-08 15:02:48,-0.646416416598518,extrap
2015-10-08 15:02:48,-0.687199427369719,extrap
2015-10-08 15:02:48,-0.745314928561236,extrap
2015-10-08 15:02:48,-0.803791250405417,extrap
2015-10-08 15:02:48,-0.852,extrap
2015-10-08 15:02:48,-0.900876174448741,extrap
2015-10-08 15:02:48,-0.964168063033774,extrap
2015-10-08 15:02:48,-1.03647785667072,extrap
2015-10-08 15:02:48,-1.12090024414004,extrap
2015-10-08 15:02:48,-1.223,extrap
2015-10-08 15:02:48,-1.31545029307079,extrap
2015-10-08 15:02:48,-1.38886604067317,extrap
2015-10-08 15:02:48,-1.41472648513384,extrap
2015-10-08 15:02:48,-1.38647153718899,extrap
2015-10-08 15:02:48,-1.33600119148529,extrap
2015-10-08 15:02:48,-1.2938474852785,extrap
2015-10-08 15:02:48,-1.27169830213452,extrap
2015-10-08 15:02:48,-1.26099039663821,extrap
2015-10-08 15:02:48,-1.24603440092787,extrap
2015-10-08 15:02:48,-1.2190007556054,extrap
2015-10-08 15:02:48,-1.18567276255717,extrap
2015-10-08 15:02:48,-1.15620966397252,extrap
2015-10-08 15:02:48,-1.13637211007622,extrap
2015-10-08 15:02:48,-1.12203331388248,extrap
2015-10-08 15:02:49,-1.098,extrap
2015-10-08 15:02:49,-1.04851587091184,extrap
2015-10-08 15:02:49,-0.990848230647143,extrap
2015-10-08 15:02:49,-0.942331923301375,extrap
2015-10-08 15:02:49,-0.889143452650825,extrap
2015-10-08 15:02:49,-0.813,extrap
2015-10-08 15:02:49,-0.740847760116008,extrap
2015-10-08 15:02:49,-0.69083760703704,extrap
2015-10-08 15:02:49,-0.666489066584056,extrap
2015-10-08 15:02:49,-0.63538709580206,extrap
2015-10-08 15:02:49,-0.574,extrap
2015-10-08 15:02:49,-0.536547869819588,extrap
2015-10-08 15:02:49,-0.546966857863046,extrap
2015-10-08 15:02:49,-0.551792973132254,extrap
2015-10-08 15:02:49,-0.531454097665031,extrap
2015-10-08 15:02:49,-0.523000057178364,extrap
2015-10-08 15:02:49,-0.52491672524988,extrap
2015-10-08 15:02:49,-0.533738826596529,extrap
2015-10-08 15:02:49,-0.54442229275319,extrap
2015-10-08 15:02:49,-0.571293419942702,extrap
2015-10-08 15:02:49,-0.628998483748039,extrap
2015-10-08 15:02:49,-0.692177821082709,extrap
2015-10-08 15:02:49,-0.75298297162516,extrap
2015-10-08 15:02:49,-0.793389382782975,extrap
2015-10-08 15:02:49,-0.823351223379206,extrap
2015-10-08 15:02:49,-0.863,extrap
2015-10-08 15:02:49,-0.890066437523114,extrap
2015-10-08 15:02:49,-0.944914751416739,extrap
2015-10-08 15:02:49,-1.00971733431592,extrap
2015-10-08 15:02:49,-1.02273200169497,extrap
2015-10-08 15:02:49,-0.98,extrap
2015-10-08 15:02:49,-0.963869097769984,extrap
2015-10-08 15:02:49,-0.92445125610999,extrap
2015-10-08 15:02:49,-0.87899331389791,extrap
2015-10-08 15:02:49,-0.867310271657507,extrap
2015-10-08 15:02:49,-0.867,extrap
2015-10-08 15:02:49,-0.835063977271602,extrap
2015-10-08 15:02:49,-0.833603617362205,extrap
2015-10-08 15:02:49,-0.902489828233766,extrap
2015-10-08 15:02:49,-1.02134331252868,extrap
2015-10-08 15:02:49,-1.14099750005242,extrap
2015-10-08 15:02:49,-1.22465300879625,extrap
2015-10-08 15:02:49,-1.26855907441651,extrap
2015-10-08 15:02:49,-1.26320055945716,extrap
2015-10-08 15:02:49,-1.20286038407964,extrap
2015-10-08 15:02:49,-1.10200263892511,extrap
2015-10-08 15:02:49,-0.984423909590477,extrap
2015-10-08 15:02:49,-0.845872790344742,extrap
2015-10-08 15:02:49,-0.716104327153984,extrap
2015-10-08 15:02:49,-0.60765785446471,extrap
2015-10-08 15:02:49,-0.508,extrap
2015-10-08 15:02:49,-0.431730950111372,extrap
2015-10-08 15:02:49,-0.356488615111959,extrap
2015-10-08 15:02:49,-0.288500853662743,extrap
2015-10-08 15:02:49,-0.236200389960719,extrap
2015-10-08 15:02:49,-0.191,extrap
2015-10-08 15:02:49,-0.150411629340901,extrap
2015-10-08 15:02:49,-0.101958501173555,extrap
2015-10-08 15:02:49,-0.058291154157413,extrap
2015-10-08 15:02:49,-0.0239323108252891,extrap
2015-10-08 15:02:49,0.012,extrap
2015-10-08 15:02:49,0.0406407912713366,extrap
2015-10-08 15:02:49,0.0577380259972931,extrap
2015-10-08 15:02:49,0.0671025737780796,extrap
2015-10-08 15:02:49,0.0697348993912841,extrap
2015-10-08 15:02:49,0.0630002453869278,extrap
2015-10-08 15:02:49,0.0490566946486045,extrap
2015-10-08 15:02:49,0.0254298676347304,extrap
2015-10-08 15:02:49,-5.13808205722076e-05,extrap
2015-10-08 15:02:49,-0.0129087898816474,extrap
2015-10-08 15:02:49,-0.00800022007556818,extrap
2015-10-08 15:02:49,-0.002096945359415,extrap
2015-10-08 15:02:49,-0.0186854912870118,extrap
2015-10-08 15:02:49,-0.0531734651359865,extrap
2015-10-08 15:02:49,-0.0886135183862153,extrap
2015-10-08 15:02:49,-0.121,extrap
2015-10-08 15:02:49,-0.16156796109093,extrap
2015-10-08 15:02:49,-0.21261334564894,extrap
2015-10-08 15:02:49,-0.260503170883848,extrap
2015-10-08 15:02:49,-0.307530764138124,extrap
2015-10-08 15:02:49,-0.363,extrap
2015-10-08 15:02:49,-0.404730453002418,extrap
2015-10-08 15:02:49,-0.431154825541581,extrap
2015-10-08 15:02:49,-0.449900584607648,extrap
2015-10-08 15:02:49,-0.462856045153124,extrap
2015-10-08 15:02:49,-0.461,extrap
2015-10-08 15:02:49,-0.442236328933213,extrap
2015-10-08 15:02:49,-0.456073179574281,extrap
2015-10-08 15:02:49,-0.498763153599316,extrap
2015-10-08 15:02:49,-0.487906331180901,extrap
2015-10-08 15:02:49,-0.363003802880682,extrap
2015-10-08 15:02:49,-0.190700447736002,extrap
2015-10-08 15:02:49,-0.0166663297578369,extrap
2015-10-08 15:02:49,0.122096043708494,extrap
2015-10-08 15:02:49,0.227191594635296,extrap
2015-10-08 15:02:49,0.308998756424177,extrap
2015-10-08 15:02:49,0.329470720974627,extrap
2015-10-08 15:02:49,0.320814341523638,extrap
2015-10-08 15:02:49,0.303583186537463,extrap
2015-10-08 15:02:49,0.292634306555184,extrap
2015-10-08 15:02:50,0.309,extrap
2015-10-08 15:02:50,0.352255777917285,extrap
2015-10-08 15:02:50,0.398794588625502,extrap
2015-10-08 15:02:50,0.43337561483911,extrap
2015-10-08 15:02:50,0.451047414408043,extrap
2015-10-08 15:02:50,0.449,extrap
2015-10-08 15:02:50,0.425203243487851,extrap
2015-10-08 15:02:50,0.382462617768626,extrap
2015-10-08 15:02:50,0.337153044885324,extrap
2015-10-08 15:02:50,0.284301655819079,extrap
2015-10-08 15:02:50,0.219,extrap
2015-10-08 15:02:50,0.181461151357477,extrap
2015-10-08 15:02:50,0.146255347758904,extrap
2015-10-08 15:02:50,0.116346258045599,extrap
2015-10-08 15:02:50,0.0986273187274503,extrap
2015-10-08 15:02:50,0.0820003672041907,extrap
2015-10-08 15:02:50,0.0689096845349866,extrap
2015-10-08 15:02:50,0.0611428069481622,extrap
2015-10-08 15:02:50,0.0570943676524215,extrap
2015-10-08 15:02:50,0.0418129998757823,extrap
2015-10-08 15:02:50,0.004001003351468,extrap
2015-10-08 15:02:50,-0.0362986240269121,extrap
2015-10-08 15:02:50,-0.0669162060240764,extrap
2015-10-08 15:02:50,-0.073765795782111,extrap
2015-10-08 15:02:50,-0.0707012962857002,extrap
2015-10-08 15:02:50,-0.09,extrap
2015-10-08 15:02:50,-0.129441128881021,extrap
2015-10-08 15:02:50,-0.162475636421219,extrap
2015-10-08 15:02:50,-0.191053084415657,extrap
2015-10-08 15:02:50,-0.233102105217143,extrap
2015-10-08 15:02:50,-0.285,extrap
2015-10-08 15:02:50,-0.314865706746372,extrap
2015-10-08 15:02:50,-0.326803312775519,extrap
2015-10-08 15:02:50,-0.312640055016817,extrap
2015-10-08 15:02:50,-0.278021921774805,extrap
2015-10-08 15:02:50,-0.258,extrap
2015-10-08 15:02:50,-0.27664663733842,extrap
2015-10-08 15:02:50,-0.299074807420554,extrap
2015-10-08 15:02:50,-0.29383396996788,extrap
2015-10-08 15:02:50,-0.256594243887162,extrap
2015-10-08 15:02:50,-0.211000804699614,extrap
2015-10-08 15:02:50,-0.189710383846206,extrap
2015-10-08 15:02:50,-0.16447945877517,extrap
2015-10-08 15:02:50,-0.132615238428586,extrap
2015-10-08 15:02:50,-0.115845179381801,extrap
2015-10-08 15:02:50,-0.124999560445193,extrap
2015-10-08 15:02:50,-0.148171137790654,extrap
2015-10-08 15:02:50,-0.173408290947808,extrap
2015-10-08 15:02:50,-0.192136215054469,extrap
2015-10-08 15:02:50,-0.199407596695351,extrap
2015-10-08 15:02:50,-0.195,extrap
2015-10-08 15:02:50,-0.180372759181683,extrap
2015-10-08 15:02:50,-0.143103817154681,extrap
2015-10-08 15:02:50,-0.0886491694353901,extrap
2015-10-08 15:02:50,-0.025718438483621,extrap
2015-10-08 15:02:50,0.039,extrap
2015-10-08 15:02:50,0.0888379569531418,extrap
2015-10-08 15:02:50,0.130641546671461,extrap
2015-10-08 15:02:50,0.150937787002066,extrap
2015-10-08 15:02:50,0.146065565478734,extrap
2015-10-08 15:02:50,0.137,extrap
2015-10-08 15:02:50,0.134695507682838,extrap
2015-10-08 15:02:50,0.124246769919151,extrap
2015-10-08 15:02:50,0.111576407845906,extrap
2015-10-08 15:02:50,0.103292305068917,extrap
2015-10-08 15:02:50,0.0979999753533019,extrap
2015-10-08 15:02:50,0.107405291712352,extrap
2015-10-08 15:02:50,0.126731232550967,extrap
2015-10-08 15:02:50,0.118716636827718,extrap
2015-10-08 15:02:50,0.0704972665320398,extrap
2015-10-08 15:02:50,0.0160010113161019,extrap
2015-10-08 15:02:50,-0.0130777518132785,extrap
2015-10-08 15:02:50,-0.0402108885842835,extrap
2015-10-08 15:02:50,-0.0812816131795744,extrap
2015-10-08 15:02:50,-0.124633691885974,extrap
2015-10-08 15:02:50,-0.156,extrap
2015-10-08 15:02:50,-0.183854427519691,extrap
2015-10-08 15:02:50,-0.204933117379011,extrap
2015-10-08 15:02:50,-0.22719384274003,extrap
2015-10-08 15:02:50,-0.25598026356714,extrap
2015-10-08 15:02:50,-0.285,extrap
2015-10-08 15:02:50,-0.31312151196693,extrap
2015-10-08 15:02:50,-0.359611315303812,extrap
2015-10-08 15:02:50,-0.449074061703992,extrap
2015-10-08 15:02:50,-0.559521851088666,extrap
2015-10-08 15:02:50,-0.637,extrap
2015-10-08 15:02:50,-0.654531521817956,extrap
2015-10-08 15:02:50,-0.573283998021591,extrap
2015-10-08 15:02:50,-0.456756453959497,extrap
2015-10-08 15:02:50,-0.390989901283989,extrap
2015-10-08 15:02:50,-0.390999591037084,extrap
2015-10-08 15:02:50,-0.413746539510343,extrap
2015-10-08 15:02:50,-0.441359315920288,extrap
2015-10-08 15:02:50,-0.461147701133535,extrap
2015-10-08 15:02:50,-0.47048296975737,extrap
2015-10-08 15:02:50,-0.479999667039003,extrap
2015-10-08 15:02:50,-0.498170759105971,extrap
2015-10-08 15:02:50,-0.517400633798655,extrap
2015-10-08 15:02:50,-0.551908704334608,extrap
2015-10-08 15:02:50,-0.622561088303309,extrap
2015-10-08 15:02:51,-0.727,extrap
2015-10-08 15:02:51,-0.839407011813469,extrap
2015-10-08 15:02:51,-0.96433214118308,extrap
2015-10-08 15:02:51,-1.11468041098267,extrap
2015-10-08 15:02:51,-1.34640043557859,extrap
2015-10-08 15:02:51,-1.691,extrap
2015-10-08 15:02:51,-2.06625557753013,extrap
2015-10-08 15:02:51,-2.4439631223502,extrap
2015-10-08 15:02:51,-2.81786512544086,extrap
2015-10-08 15:02:51,-3.18170407778274,extrap
2015-10-08 15:02:51,-3.5292224703565,extrap
2015-10-08 15:02:51,-3.85416279414277,extrap
2015-10-08 15:02:51,-4.1502675401222,extrap
2015-10-08 15:02:51,-4.41127919927543,extrap
2015-10-08 15:02:51,-4.63094026258311,extrap
2015-10-08 15:02:51,-4.80299322102588,extrap
2015-10-08 15:02:51,-4.92118056558438,extrap
2015-10-08 15:02:51,-4.97924478723926,extrap
2015-10-08 15:02:51,-4.97092837697116,extrap
2015-10-08 15:02:51,-4.89265171363108,extrap
2015-10-08 15:02:51,-4.7515467275514,extrap
2015-10-08 15:02:51,-4.55742323693487,extrap
2015-10-08 15:02:51,-4.32009105998421,extrap
2015-10-08 15:02:51,-4.0493532399738,extrap
2015-10-08 15:02:51,-3.75503269950086,extrap
2015-10-08 15:02:51,-3.44693316118652,extrap
2015-10-08 15:02:51,-3.13486444323354,extrap
2015-10-08 15:02:51,-2.82863636384465,extrap
2015-10-08 15:02:51,-2.53805874122259,extrap
2015-10-08 15:02:51,-2.27294139357009,extrap
2015-10-08 15:02:51,-2.04309413908989,extrap
2015-10-08 15:02:51,-1.85832679598474,extrap
2015-10-08 15:02:51,-1.70308368418894,extrap
2015-10-08 15:02:51,-1.46815718135704,extrap
2015-10-08 15:02:51,-1.14067574380629,extrap
2015-10-08 15:02:51,-0.957,extrap
2015-10-08 15:02:51,-0.823110012590301,extrap
2015-10-08 15:02:51,-0.747027495095228,extrap
2015-10-08 15:02:51,-0.709444590296074,extrap
2015-10-08 15:02:51,-0.658759130878255,extrap
2015-10-08 15:02:51,-0.578001962033444,extrap
2015-10-08 15:02:51,-0.506939546485682,extrap
2015-10-08 15:02:51,-0.470458127365926,extrap
2015-10-08 15:02:51,-0.451777447498992,extrap
2015-10-08 15:02:51,-0.435133693579583,extrap
2015-10-08 15:02:51,-0.422000347763118,extrap
2015-10-08 15:02:51,-0.402948902249694,extrap
2015-10-08 15:02:51,-0.372372796172235,extrap
2015-10-08 15:02:51,-0.338897851195065,extrap
2015-10-08 15:02:51,-0.317193874810328,extrap
2015-10-08 15:02:51,-0.309,extrap
2015-10-08 15:02:51,-0.296990789352216,extrap
2015-10-08 15:02:51,-0.285818337128829,extrap
2015-10-08 15:02:51,-0.289083056679509,extrap
2015-10-08 15:02:51,-0.297526408995398,extrap
2015-10-08 15:02:51,-0.289,extrap
2015-10-08 15:02:51,-0.268574142503348,extrap
2015-10-08 15:02:51,-0.247895377546279,extrap
2015-10-08 15:02:51,-0.227756564531536,extrap
2015-10-08 15:02:51,-0.213366190836176,extrap
2015-10-08 15:02:51,-0.219,extrap
2015-10-08 15:02:51,-0.247777549951063,extrap
2015-10-08 15:02:51,-0.278980718268218,extrap
2015-10-08 15:02:51,-0.292890356216293,extrap
2015-10-08 15:02:51,-0.280243329609769,extrap
2015-10-08 15:02:51,-0.250000664046097,extrap
2015-10-08 15:02:51,-0.230206333123315,extrap
2015-10-08 15:02:51,-0.223261558783709,extrap
2015-10-08 15:02:51,-0.223560934548973,extrap
2015-10-08 15:02:51,-0.215636248305828,extrap
2015-10-08 15:02:51,-0.199000097898799,extrap
2015-10-08 15:02:51,-0.208057083721385,extrap
2015-10-08 15:02:51,-0.209233990156693,extrap
2015-10-08 15:02:51,-0.195597408066047,extrap
2015-10-08 15:02:51,-0.187931494581641,extrap
2015-10-08 15:02:51,-0.195,extrap
2015-10-08 15:02:51,-0.201608512299984,extrap
2015-10-08 15:02:51,-0.205600020116521,extrap
2015-10-08 15:02:51,-0.208188276960028,extrap
2015-10-08 15:02:51,-0.212109748891464,extrap
2015-10-08 15:02:51,-0.219,extrap
2015-10-08 15:02:51,-0.225109661349259,extrap
2015-10-08 15:02:51,-0.23165055916798,extrap
2015-10-08 15:02:51,-0.234667523689099,extrap
2015-10-08 15:02:51,-0.233883011809784,extrap
2015-10-08 15:02:51,-0.234,extrap
2015-10-08 15:02:51,-0.234046073438084,extrap
2015-10-08 15:02:51,-0.233896177605055,extrap
2015-10-08 15:02:51,-0.234530430470489,extrap
2015-10-08 15:02:51,-0.239658480601858,extrap
2015-10-08 15:02:51,-0.249999774100287,extrap
2015-10-08 15:02:51,-0.256814829915144,extrap
2015-10-08 15:02:51,-0.2600407716886,extrap
2015-10-08 15:02:51,-0.264877947776609,extrap
2015-10-08 15:02:51,-0.264616547207019,extrap
2015-10-08 15:02:51,-0.254000168516217,extrap
2015-10-08 15:02:51,-0.25502871825314,extrap
2015-10-08 15:02:51,-0.268982871223865,extrap
2015-10-08 15:02:51,-0.296696753501656,extrap
2015-10-08 15:02:51,-0.33021599516756,extrap
2015-10-08 15:02:52,-0.355,extrap
2015-10-08 15:02:52,-0.36909836562004,extrap
2015-10-08 15:02:52,-0.371698481007141,extrap
2015-10-08 15:02:52,-0.37113922043598,extrap
2015-10-08 15:02:52,-0.376887963534886,extrap
2015-10-08 15:02:52,-0.391,extrap
2015-10-08 15:02:52,-0.412459659801917,extrap
2015-10-08 15:02:52,-0.450867334626602,extrap
2015-10-08 15:02:52,-0.493003322841508,extrap
2015-10-08 15:02:52,-0.53070422946971,extrap
2015-10-08 15:02:52,-0.555,extrap
2015-10-08 15:02:52,-0.537698485241051,extrap
2015-10-08 15:02:52,-0.54773562780676,extrap
2015-10-08 15:02:52,-0.573377025593745,extrap
2015-10-08 15:02:52,-0.564289586935283,extrap
2015-10-08 15:02:52,-0.531000405412255,extrap
2015-10-08 15:02:52,-0.535347386825575,extrap
2015-10-08 15:02:52,-0.543090817423375,extrap
2015-10-08 15:02:52,-0.569619760942209,extrap
2015-10-08 15:02:52,-0.611398304464313,extrap
2015-10-08 15:02:52,-0.624999942670476,extrap
2015-10-08 15:02:52,-0.622371553425338,extrap
2015-10-08 15:02:52,-0.619756091421616,extrap
2015-10-08 15:02:52,-0.624235380408289,extrap
2015-10-08 15:02:52,-0.635760562657774,extrap
2015-10-08 15:02:52,-0.652,extrap
2015-10-08 15:02:52,-0.672263818432018,extrap
2015-10-08 15:02:52,-0.699411343448905,extrap
2015-10-08 15:02:52,-0.704350726952855,extrap
2015-10-08 15:02:52,-0.694977412200659,extrap
2015-10-08 15:02:52,-0.707,extrap
2015-10-08 15:02:52,-0.717374716911001,extrap
2015-10-08 15:02:52,-0.720264820118591,extrap
2015-10-08 15:02:52,-0.715908251160313,extrap
2015-10-08 15:02:52,-0.703982430601933,extrap
2015-10-08 15:02:52,-0.684,extrap
2015-10-08 15:02:52,-0.656804473785285,extrap
2015-10-08 15:02:52,-0.628281803037411,extrap
2015-10-08 15:02:52,-0.609265106769764,extrap
2015-10-08 15:02:52,-0.594189249604603,extrap
2015-10-08 15:02:52,-0.574000361541135,extrap
2015-10-08 15:02:52,-0.566475110183593,extrap
2015-10-08 15:02:52,-0.565638797355175,extrap
2015-10-08 15:02:52,-0.56658059764457,extrap
2015-10-08 15:02:52,-0.560355666970265,extrap
2015-10-08 15:02:52,-0.539000587536248,extrap
2015-10-08 15:02:52,-0.516561886777336,extrap
2015-10-08 15:02:52,-0.506607262566046,extrap
2015-10-08 15:02:52,-0.499781355547595,extrap
2015-10-08 15:02:52,-0.490470639274728,extrap
2015-10-08 15:02:52,-0.488,extrap
2015-10-08 15:02:52,-0.495867966055538,extrap
2015-10-08 15:02:52,-0.511617878969093,extrap
2015-10-08 15:02:52,-0.527306687426469,extrap
2015-10-08 15:02:52,-0.542413417258821,extrap
2015-10-08 15:02:52,-0.563,extrap
2015-10-08 15:02:52,-0.586947561944547,extrap
2015-10-08 15:02:52,-0.609593429390305,extrap
2015-10-08 15:02:52,-0.633294933914555,extrap
2015-10-08 15:02:52,-0.655932148281649,extrap
2015-10-08 15:02:52,-0.672,extrap
2015-10-08 15:02:52,-0.688560918148901,extrap
2015-10-08 15:02:52,-0.713344366018368,extrap
2015-10-08 15:02:52,-0.739055375169948,extrap
2015-10-08 15:02:52,-0.756850144815097,extrap
2015-10-08 15:02:52,-0.765999877106758,extrap
2015-10-08 15:02:52,-0.767231937326351,extrap
2015-10-08 15:02:52,-0.760243210011533,extrap
2015-10-08 15:02:52,-0.746452278400156,extrap
2015-10-08 15:02:52,-0.731212921286544,extrap
2015-10-08 15:02:52,-0.719000279608903,extrap
2015-10-08 15:02:52,-0.708678910106041,extrap
2015-10-08 15:02:52,-0.706530341644409,extrap
2015-10-08 15:02:52,-0.70606647327159,extrap
2015-10-08 15:02:52,-0.695831742849792,extrap
2015-10-08 15:02:52,-0.676,extrap
2015-10-08 15:02:52,-0.659947024615759,extrap
2015-10-08 15:02:52,-0.647343864915498,extrap
2015-10-08 15:02:52,-0.634221849067535,extrap
2015-10-08 15:02:52,-0.623492868857172,extrap
2015-10-08 15:02:52,-0.621,extrap
2015-10-08 15:02:52,-0.623854623649908,extrap
2015-10-08 15:02:52,-0.627356345337546,extrap
2015-10-08 15:02:52,-0.630775011630428,extrap
2015-10-08 15:02:52,-0.633264466132507,extrap
2015-10-08 15:02:52,-0.633,extrap
2015-10-08 15:02:52,-0.632430772867582,extrap
2015-10-08 15:02:52,-0.636637355034523,extrap
2015-10-08 15:02:52,-0.646483905326863,extrap
2015-10-08 15:02:52,-0.658248290301959,extrap
2015-10-08 15:02:52,-0.667999796933826,extrap
2015-10-08 15:02:52,-0.676655877366056,extrap
2015-10-08 15:02:52,-0.689473426643227,extrap
2015-10-08 15:02:52,-0.697498624977211,extrap
2015-10-08 15:02:52,-0.699751468131008,extrap
2015-10-08 15:02:52,-0.71099953005,extrap
2015-10-08 15:02:52,-0.74099901220853,extrap
2015-10-08 15:02:52,-0.790613103595335,extrap
2015-10-08 15:02:52,-0.85014039050072,extrap
2015-10-08 15:02:52,-0.909663005748416,extrap
2015-10-08 15:02:53,-0.965,extrap
2015-10-08 15:02:53,-1.01571058558312,extrap
2015-10-08 15:02:53,-1.067067575868,extrap
2015-10-08 15:02:53,-1.10804195793949,extrap
2015-10-08 15:02:53,-1.13329507200295,extrap
2015-10-08 15:02:53,-1.148,extrap
2015-10-08 15:02:53,-1.14558508346052,extrap
2015-10-08 15:02:53,-1.1240503188616,extrap
2015-10-08 15:02:53,-1.0934168388219,extrap
2015-10-08 15:02:53,-1.05829644558925,extrap
2015-10-08 15:02:53,-1.016,extrap
2015-10-08 15:02:43,-0.957,origin
2015-10-08 15:02:43,-0.867,origin
2015-10-08 15:02:43,-0.781,origin
2015-10-08 15:02:43,-0.715,origin
2015-10-08 15:02:43,-0.66,origin
2015-10-08 15:02:43,-0.617,origin
2015-10-08 15:02:43,-0.57,origin
2015-10-08 15:02:43,-0.543,origin
2015-10-08 15:02:43,-0.52,origin
2015-10-08 15:02:43,-0.469,origin
2015-10-08 15:02:43,-0.426,origin
2015-10-08 15:02:43,-0.418,origin
2015-10-08 15:02:43,-0.426,origin
2015-10-08 15:02:43,-0.418,origin
2015-10-08 15:02:43,-0.422,origin
2015-10-08 15:02:43,-0.441,origin
2015-10-08 15:02:43,-0.465,origin
2015-10-08 15:02:43,-0.488,origin
2015-10-08 15:02:43,-0.52,origin
2015-10-08 15:02:43,-0.555,origin
2015-10-08 15:02:43,-0.578,origin
2015-10-08 15:02:43,-0.59,origin
2015-10-08 15:02:43,-0.59,origin
2015-10-08 15:02:43,-0.582,origin
2015-10-08 15:02:43,-0.578,origin
2015-10-08 15:02:43,-0.566,origin
2015-10-08 15:02:43,-0.566,origin
2015-10-08 15:02:43,-0.602,origin
2015-10-08 15:02:43,-0.648,origin
2015-10-08 15:02:43,-0.695,origin
2015-10-08 15:02:43,-0.746,origin
2015-10-08 15:02:43,-0.797,origin
2015-10-08 15:02:43,-0.813,origin
2015-10-08 15:02:43,-0.805,origin
2015-10-08 15:02:43,-0.809,origin
2015-10-08 15:02:43,-0.863,origin
2015-10-08 15:02:43,-0.965,origin
2015-10-08 15:02:43,-1.047,origin
2015-10-08 15:02:43,-1.07,origin
2015-10-08 15:02:43,-1.031,origin
2015-10-08 15:02:43,-0.969,origin
2015-10-08 15:02:43,-0.879,origin
2015-10-08 15:02:43,-0.773,origin
2015-10-08 15:02:43,-0.68,origin
2015-10-08 15:02:43,-0.602,origin
2015-10-08 15:02:43,-0.543,origin
2015-10-08 15:02:43,-0.488,origin
2015-10-08 15:02:43,-0.453,origin
2015-10-08 15:02:43,-0.395,origin
2015-10-08 15:02:43,-0.359,origin
2015-10-08 15:02:43,-0.34,origin
2015-10-08 15:02:43,-0.309,origin
2015-10-08 15:02:43,-0.281,origin
2015-10-08 15:02:43,-0.266,origin
2015-10-08 15:02:43,-0.223,origin
2015-10-08 15:02:43,-0.156,origin
2015-10-08 15:02:43,-0.063,origin
2015-10-08 15:02:43,0.043,origin
2015-10-08 15:02:43,0.242,origin
2015-10-08 15:02:43,0.453,origin
2015-10-08 15:02:43,0.664,origin
2015-10-08 15:02:43,0.777,origin
2015-10-08 15:02:43,0.887,origin
2015-10-08 15:02:43,1.016,origin
2015-10-08 15:02:43,1.02,origin
2015-10-08 15:02:43,0.652,origin
2015-10-08 15:02:43,0.156,origin
2015-10-08 15:02:43,-0.652,origin
2015-10-08 15:02:43,-1.719,origin
2015-10-08 15:02:43,-2.05109239593603,origin
2015-10-08 15:02:43,-1.445,origin
2015-10-08 15:02:43,-1.156,origin
2015-10-08 15:02:44,-1.254,origin
2015-10-08 15:02:44,-1.438,origin
2015-10-08 15:02:44,-1.664,origin
2015-10-08 15:02:44,-1.953,origin
2015-10-08 15:02:44,-2.02398498610325,origin
2015-10-08 15:02:44,-2.00760113117277,origin
2015-10-08 15:02:44,-1.97205723319492,origin
2015-10-08 15:02:44,-2.03935746043422,origin
2015-10-08 15:02:44,-1.9647309321687,origin
2015-10-08 15:02:44,-1.9543695709833,origin
2015-10-08 15:02:44,-2.01921475828964,origin
2015-10-08 15:02:44,-1.99955344994036,origin
2015-10-08 15:02:44,-1.98065639253158,origin
2015-10-08 15:02:44,-1.887,origin
2015-10-08 15:02:44,-1.715,origin
2015-10-08 15:02:44,-1.59,origin
2015-10-08 15:02:44,-1.5,origin
2015-10-08 15:02:44,-1.375,origin
2015-10-08 15:02:44,-1.211,origin
2015-10-08 15:02:44,-1.09,origin
2015-10-08 15:02:44,-0.992,origin
2015-10-08 15:02:44,-0.938,origin
2015-10-08 15:02:44,-0.965,origin
2015-10-08 15:02:44,-1.059,origin
2015-10-08 15:02:44,-1.211,origin
2015-10-08 15:02:44,-1.383,origin
2015-10-08 15:02:44,-1.555,origin
2015-10-08 15:02:44,-1.719,origin
2015-10-08 15:02:44,-1.914,origin
2015-10-08 15:02:44,-1.99699494641104,origin
2015-10-08 15:02:44,-2.00451395814104,origin
2015-10-08 15:02:44,-2.01533349710533,origin
2015-10-08 15:02:44,-1.98491171193471,origin
2015-10-08 15:02:44,-1.97874450356298,origin
2015-10-08 15:02:44,-2.01500169343139,origin
2015-10-08 15:02:44,-1.797,origin
2015-10-08 15:02:44,-1.477,origin
2015-10-08 15:02:44,-1.137,origin
2015-10-08 15:02:44,-0.855,origin
2015-10-08 15:02:44,-0.656,origin
2015-10-08 15:02:44,-0.461,origin
2015-10-08 15:02:44,-0.27,origin
2015-10-08 15:02:44,-0.145,origin
2015-10-08 15:02:44,-0.023,origin
2015-10-08 15:02:44,0.066,origin
2015-10-08 15:02:44,0.102,origin
2015-10-08 15:02:44,0.102,origin
2015-10-08 15:02:44,0.086,origin
2015-10-08 15:02:44,0.086,origin
2015-10-08 15:02:44,0.133,origin
2015-10-08 15:02:44,0.199,origin
2015-10-08 15:02:44,0.277,origin
2015-10-08 15:02:44,0.348,origin
2015-10-08 15:02:44,0.371,origin
2015-10-08 15:02:44,0.344,origin
2015-10-08 15:02:44,0.25,origin
2015-10-08 15:02:44,0.133,origin
2015-10-08 15:02:44,-0.039,origin
2015-10-08 15:02:44,-0.223,origin
2015-10-08 15:02:44,-0.43,origin
2015-10-08 15:02:44,-0.785,origin
2015-10-08 15:02:44,-1.488,origin
2015-10-08 15:02:44,-1.99479094282602,origin
2015-10-08 15:02:44,-1.97016411779089,origin
2015-10-08 15:02:44,-2.01704435349753,origin
2015-10-08 15:02:44,-1.98004574673295,origin
2015-10-08 15:02:44,-1.95250518536195,origin
2015-10-08 15:02:44,-2.01167039182938,origin
2015-10-08 15:02:44,-2.03247766288096,origin
2015-10-08 15:02:44,-1.99883939284327,origin
2015-10-08 15:02:44,-2.04323040832194,origin
2015-10-08 15:02:44,-2.00009659090682,origin
2015-10-08 15:02:44,-1.609,origin
2015-10-08 15:02:44,-1.383,origin
2015-10-08 15:02:44,-1.168,origin
2015-10-08 15:02:44,-0.961,origin
2015-10-08 15:02:44,-0.773,origin
2015-10-08 15:02:44,-0.617,origin
2015-10-08 15:02:44,-0.512,origin
2015-10-08 15:02:44,-0.434,origin
2015-10-08 15:02:45,-0.379,origin
2015-10-08 15:02:45,-0.375,origin
2015-10-08 15:02:45,-0.41,origin
2015-10-08 15:02:45,-0.48,origin
2015-10-08 15:02:45,-0.574,origin
2015-10-08 15:02:45,-0.656,origin
2015-10-08 15:02:45,-0.715,origin
2015-10-08 15:02:45,-0.758,origin
2015-10-08 15:02:45,-0.82,origin
2015-10-08 15:02:45,-0.949,origin
2015-10-08 15:02:45,-1.168,origin
2015-10-08 15:02:45,-1.484,origin
2015-10-08 15:02:45,-1.969,origin
2015-10-08 15:02:45,-2.00870106570448,origin
2015-10-08 15:02:45,-2.02344655373819,origin
2015-10-08 15:02:45,-1.97385168420417,origin
2015-10-08 15:02:45,-1.99957381727427,origin
2015-10-08 15:02:45,-1.97361452890974,origin
2015-10-08 15:02:45,-2.01141806409936,origin
2015-10-08 15:02:45,-1.859,origin
2015-10-08 15:02:45,-1.43,origin
2015-10-08 15:02:45,-1.082,origin
2015-10-08 15:02:45,-0.836,origin
2015-10-08 15:02:45,-0.617,origin
2015-10-08 15:02:45,-0.367,origin
2015-10-08 15:02:45,-0.16,origin
2015-10-08 15:02:45,0.008,origin
2015-10-08 15:02:45,0.164,origin
2015-10-08 15:02:45,0.309,origin
2015-10-08 15:02:45,0.434,origin
2015-10-08 15:02:45,0.52,origin
2015-10-08 15:02:45,0.566,origin
2015-10-08 15:02:45,0.563,origin
2015-10-08 15:02:45,0.453,origin
2015-10-08 15:02:45,0.285,origin
2015-10-08 15:02:45,0.098,origin
2015-10-08 15:02:45,-0.082,origin
2015-10-08 15:02:45,-0.16,origin
2015-10-08 15:02:45,-0.156,origin
2015-10-08 15:02:45,-0.145,origin
2015-10-08 15:02:45,-0.191,origin
2015-10-08 15:02:45,-0.355,origin
2015-10-08 15:02:45,-0.621,origin
2015-10-08 15:02:45,-1.094,origin
2015-10-08 15:02:45,-1.695,origin
2015-10-08 15:02:45,-1.98,origin
2015-10-08 15:02:45,-1.875,origin
2015-10-08 15:02:45,-1.688,origin
2015-10-08 15:02:45,-1.488,origin
2015-10-08 15:02:45,-1.305,origin
2015-10-08 15:02:45,-1.125,origin
2015-10-08 15:02:45,-0.957,origin
2015-10-08 15:02:45,-0.813,origin
2015-10-08 15:02:45,-0.695,origin
2015-10-08 15:02:45,-0.602,origin
2015-10-08 15:02:45,-0.5,origin
2015-10-08 15:02:45,-0.402,origin
2015-10-08 15:02:45,-0.316,origin
2015-10-08 15:02:45,-0.266,origin
2015-10-08 15:02:45,-0.234,origin
2015-10-08 15:02:45,-0.219,origin
2015-10-08 15:02:45,-0.199,origin
2015-10-08 15:02:45,-0.211,origin
2015-10-08 15:02:45,-0.262,origin
2015-10-08 15:02:45,-0.348,origin
2015-10-08 15:02:45,-0.484,origin
2015-10-08 15:02:45,-0.711,origin
2015-10-08 15:02:45,-1.25,origin
2015-10-08 15:02:45,-1.418,origin
2015-10-08 15:02:45,-1.773,origin
2015-10-08 15:02:45,-1.984,origin
2015-10-08 15:02:45,-2.0092631429826,origin
2015-10-08 15:02:45,-2.02774652005861,origin
2015-10-08 15:02:45,-1.97589316034124,origin
2015-10-08 15:02:45,-2.0177635902029,origin
2015-10-08 15:02:45,-1.9627642310108,origin
2015-10-08 15:02:45,-1.98711930873174,origin
2015-10-08 15:02:45,-2.00193635837662,origin
2015-10-08 15:02:45,-1.625,origin
2015-10-08 15:02:45,-1.203,origin
2015-10-08 15:02:46,-0.91,origin
2015-10-08 15:02:46,-0.699,origin
2015-10-08 15:02:46,-0.496,origin
2015-10-08 15:02:46,-0.301,origin
2015-10-08 15:02:46,-0.125,origin
2015-10-08 15:02:46,0.031,origin
2015-10-08 15:02:46,0.141,origin
2015-10-08 15:02:46,0.227,origin
2015-10-08 15:02:46,0.301,origin
2015-10-08 15:02:46,0.367,origin
2015-10-08 15:02:46,0.375,origin
2015-10-08 15:02:46,0.359,origin
2015-10-08 15:02:46,0.352,origin
2015-10-08 15:02:46,0.316,origin
2015-10-08 15:02:46,0.258,origin
2015-10-08 15:02:46,0.172,origin
2015-10-08 15:02:46,0.063,origin
2015-10-08 15:02:46,-0.055,origin
2015-10-08 15:02:46,-0.184,origin
2015-10-08 15:02:46,-0.324,origin
2015-10-08 15:02:46,-0.43,origin
2015-10-08 15:02:46,-0.848,origin
2015-10-08 15:02:46,-1.477,origin
2015-10-08 15:02:46,-1.97061307084109,origin
2015-10-08 15:02:46,-2.03358038422221,origin
2015-10-08 15:02:46,-2.07606578707432,origin
2015-10-08 15:02:46,-2.01364181561401,origin
2015-10-08 15:02:46,-2.00753024130951,origin
2015-10-08 15:02:46,-2.06436713234134,origin
2015-10-08 15:02:46,-1.945,origin
2015-10-08 15:02:46,-1.723,origin
2015-10-08 15:02:46,-1.473,origin
2015-10-08 15:02:46,-1.164,origin
2015-10-08 15:02:46,-0.906,origin
2015-10-08 15:02:46,-0.734,origin
2015-10-08 15:02:46,-0.605,origin
2015-10-08 15:02:46,-0.418,origin
2015-10-08 15:02:46,-0.375,origin
2015-10-08 15:02:46,-0.34,origin
2015-10-08 15:02:46,-0.301,origin
2015-10-08 15:02:46,-0.254,origin
2015-10-08 15:02:46,-0.203,origin
2015-10-08 15:02:46,-0.133,origin
2015-10-08 15:02:46,-0.078,origin
2015-10-08 15:02:46,-0.082,origin
2015-10-08 15:02:46,-0.16,origin
2015-10-08 15:02:46,-0.27,origin
2015-10-08 15:02:46,-0.422,origin
2015-10-08 15:02:46,-0.652,origin
2015-10-08 15:02:46,-0.824,origin
2015-10-08 15:02:46,-1.148,origin
2015-10-08 15:02:46,-1.523,origin
2015-10-08 15:02:46,-1.863,origin
2015-10-08 15:02:46,-2.01611719975284,origin
2015-10-08 15:02:46,-2.08005313181836,origin
2015-10-08 15:02:46,-2.00567855132995,origin
2015-10-08 15:02:46,-2.03119161767613,origin
2015-10-08 15:02:46,-2.02666821492089,origin
2015-10-08 15:02:46,-1.99396559081202,origin
2015-10-08 15:02:46,-2.00185929986314,origin
2015-10-08 15:02:46,-2.03999469391266,origin
2015-10-08 15:02:46,-1.43,origin
2015-10-08 15:02:46,-0.957,origin
2015-10-08 15:02:46,-0.969,origin
2015-10-08 15:02:46,-0.938,origin
2015-10-08 15:02:46,-0.844,origin
2015-10-08 15:02:46,-0.793,origin
2015-10-08 15:02:46,-0.785,origin
2015-10-08 15:02:46,-0.707,origin
2015-10-08 15:02:46,-0.559,origin
2015-10-08 15:02:46,-0.414,origin
2015-10-08 15:02:46,-0.332,origin
2015-10-08 15:02:46,-0.305,origin
2015-10-08 15:02:46,-0.258,origin
2015-10-08 15:02:46,-0.184,origin
2015-10-08 15:02:46,-0.078,origin
2015-10-08 15:02:46,0.043,origin
2015-10-08 15:02:46,0.18,origin
2015-10-08 15:02:46,0.277,origin
2015-10-08 15:02:46,0.289,origin
2015-10-08 15:02:47,0.203,origin
2015-10-08 15:02:47,0.016,origin
2015-10-08 15:02:47,-0.277,origin
2015-10-08 15:02:47,-0.758,origin
2015-10-08 15:02:47,-1.656,origin
2015-10-08 15:02:47,-1.96721872589479,origin
2015-10-08 15:02:47,-1.99220087085242,origin
2015-10-08 15:02:47,-1.95599344417,origin
2015-10-08 15:02:47,-2.0237369613261,origin
2015-10-08 15:02:47,-1.94674041346687,origin
2015-10-08 15:02:47,-2.04012240013213,origin
2015-10-08 15:02:47,-2.01387629445453,origin
2015-10-08 15:02:47,-1.99720019790479,origin
2015-10-08 15:02:47,-2.02052276716089,origin
2015-10-08 15:02:47,-2.01111304936431,origin
2015-10-08 15:02:47,-1.98074800340495,origin
2015-10-08 15:02:47,-1.96158939781647,origin
2015-10-08 15:02:47,-2.03344752241427,origin
2015-10-08 15:02:47,-1.75,origin
2015-10-08 15:02:47,-1.477,origin
2015-10-08 15:02:47,-1.219,origin
2015-10-08 15:02:47,-0.992,origin
2015-10-08 15:02:47,-0.727,origin
2015-10-08 15:02:47,-0.422,origin
2015-10-08 15:02:47,-0.207,origin
2015-10-08 15:02:47,-0.125,origin
2015-10-08 15:02:47,-0.148,origin
2015-10-08 15:02:47,-0.172,origin
2015-10-08 15:02:47,-0.176,origin
2015-10-08 15:02:47,-0.176,origin
2015-10-08 15:02:47,-0.184,origin
2015-10-08 15:02:47,-0.191,origin
2015-10-08 15:02:47,-0.234,origin
2015-10-08 15:02:47,-0.281,origin
2015-10-08 15:02:47,-0.324,origin
2015-10-08 15:02:47,-0.344,origin
2015-10-08 15:02:47,-0.359,origin
2015-10-08 15:02:47,-0.371,origin
2015-10-08 15:02:47,-0.391,origin
2015-10-08 15:02:47,-0.426,origin
2015-10-08 15:02:47,-0.465,origin
2015-10-08 15:02:47,-0.516,origin
2015-10-08 15:02:47,-0.598,origin
2015-10-08 15:02:47,-0.754,origin
2015-10-08 15:02:47,-0.809,origin
2015-10-08 15:02:47,-1.152,origin
2015-10-08 15:02:47,-1.508,origin
2015-10-08 15:02:47,-1.867,origin
2015-10-08 15:02:47,-1.97455990648883,origin
2015-10-08 15:02:47,-2.01635337131057,origin
2015-10-08 15:02:47,-2.02673278861845,origin
2015-10-08 15:02:47,-2.01570660836183,origin
2015-10-08 15:02:47,-2.05042804729723,origin
2015-10-08 15:02:47,-1.434,origin
2015-10-08 15:02:47,-0.762,origin
2015-10-08 15:02:47,-0.746,origin
2015-10-08 15:02:47,-0.895,origin
2015-10-08 15:02:47,-0.891,origin
2015-10-08 15:02:47,-1.008,origin
2015-10-08 15:02:47,-0.91,origin
2015-10-08 15:02:47,-0.684,origin
2015-10-08 15:02:47,-0.809,origin
2015-10-08 15:02:47,-0.816,origin
2015-10-08 15:02:47,-0.852,origin
2015-10-08 15:02:47,-0.895,origin
2015-10-08 15:02:47,-0.949,origin
2015-10-08 15:02:47,-0.984,origin
2015-10-08 15:02:47,-1.008,origin
2015-10-08 15:02:47,-1.023,origin
2015-10-08 15:02:47,-1.039,origin
2015-10-08 15:02:47,-1.098,origin
2015-10-08 15:02:47,-1.152,origin
2015-10-08 15:02:47,-1.211,origin
2015-10-08 15:02:47,-1.262,origin
2015-10-08 15:02:47,-1.297,origin
2015-10-08 15:02:47,-1.34,origin
2015-10-08 15:02:47,-1.395,origin
2015-10-08 15:02:47,-1.438,origin
2015-10-08 15:02:47,-1.461,origin
2015-10-08 15:02:47,-1.469,origin
2015-10-08 15:02:48,-1.508,origin
2015-10-08 15:02:48,-1.574,origin
2015-10-08 15:02:48,-1.734,origin
2015-10-08 15:02:48,-1.836,origin
2015-10-08 15:02:48,-1.93,origin
2015-10-08 15:02:48,-1.95525022846154,origin
2015-10-08 15:02:48,-2.01172186171015,origin
2015-10-08 15:02:48,-2.00966555930698,origin
2015-10-08 15:02:48,-1.98631315681265,origin
2015-10-08 15:02:48,-2.00729758846423,origin
2015-10-08 15:02:48,-1.969,origin
2015-10-08 15:02:48,-1.91,origin
2015-10-08 15:02:48,-1.859,origin
2015-10-08 15:02:48,-1.902,origin
2015-10-08 15:02:48,-1.816,origin
2015-10-08 15:02:48,-1.766,origin
2015-10-08 15:02:48,-1.688,origin
2015-10-08 15:02:48,-1.641,origin
2015-10-08 15:02:48,-1.621,origin
2015-10-08 15:02:48,-1.637,origin
2015-10-08 15:02:48,-1.633,origin
2015-10-08 15:02:48,-1.633,origin
2015-10-08 15:02:48,-1.605,origin
2015-10-08 15:02:48,-1.559,origin
2015-10-08 15:02:48,-1.523,origin
2015-10-08 15:02:48,-1.465,origin
2015-10-08 15:02:48,-1.492,origin
2015-10-08 15:02:48,-1.449,origin
2015-10-08 15:02:48,-1.352,origin
2015-10-08 15:02:48,-1.309,origin
2015-10-08 15:02:48,-1.102,origin
2015-10-08 15:02:48,-1.074,origin
2015-10-08 15:02:48,-0.93,origin
2015-10-08 15:02:48,-1.008,origin
2015-10-08 15:02:48,-1.039,origin
2015-10-08 15:02:48,-1.016,origin
2015-10-08 15:02:48,-1.008,origin
2015-10-08 15:02:48,-0.926,origin
2015-10-08 15:02:48,-0.73,origin
2015-10-08 15:02:48,-0.559,origin
2015-10-08 15:02:48,-0.484,origin
2015-10-08 15:02:48,-0.422,origin
2015-10-08 15:02:48,-0.375,origin
2015-10-08 15:02:48,-0.398,origin
2015-10-08 15:02:48,-0.461,origin
2015-10-08 15:02:48,-0.508,origin
2015-10-08 15:02:48,-0.523,origin
2015-10-08 15:02:48,-0.531,origin
2015-10-08 15:02:48,-0.559,origin
2015-10-08 15:02:48,-0.609,origin
2015-10-08 15:02:48,-0.633,origin
2015-10-08 15:02:48,-0.641,origin
2015-10-08 15:02:48,-0.637,origin
2015-10-08 15:02:48,-0.629,origin
2015-10-08 15:02:48,-0.633,origin
2015-10-08 15:02:48,-0.668,origin
2015-10-08 15:02:48,-0.711,origin
2015-10-08 15:02:48,-0.742,origin
2015-10-08 15:02:48,-0.719,origin
2015-10-08 15:02:48,-0.672,origin
2015-10-08 15:02:48,-0.637,origin
2015-10-08 15:02:48,-0.656,origin
2015-10-08 15:02:48,-0.715,origin
2015-10-08 15:02:48,-0.793,origin
2015-10-08 15:02:48,-0.852,origin
2015-10-08 15:02:48,-0.918,origin
2015-10-08 15:02:48,-1,origin
2015-10-08 15:02:48,-1.102,origin
2015-10-08 15:02:48,-1.223,origin
2015-10-08 15:02:48,-1.34,origin
2015-10-08 15:02:48,-1.41,origin
2015-10-08 15:02:48,-1.395,origin
2015-10-08 15:02:48,-1.336,origin
2015-10-08 15:02:48,-1.285,origin
2015-10-08 15:02:48,-1.266,origin
2015-10-08 15:02:48,-1.25,origin
2015-10-08 15:02:48,-1.219,origin
2015-10-08 15:02:48,-1.176,origin
2015-10-08 15:02:48,-1.145,origin
2015-10-08 15:02:48,-1.125,origin
2015-10-08 15:02:49,-1.098,origin
2015-10-08 15:02:49,-1.031,origin
2015-10-08 15:02:49,-0.965,origin
2015-10-08 15:02:49,-0.902,origin
2015-10-08 15:02:49,-0.813,origin
2015-10-08 15:02:49,-0.723,origin
2015-10-08 15:02:49,-0.676,origin
2015-10-08 15:02:49,-0.645,origin
2015-10-08 15:02:49,-0.574,origin
2015-10-08 15:02:49,-0.535,origin
2015-10-08 15:02:49,-0.555,origin
2015-10-08 15:02:49,-0.535,origin
2015-10-08 15:02:49,-0.523,origin
2015-10-08 15:02:49,-0.527,origin
2015-10-08 15:02:49,-0.539,origin
2015-10-08 15:02:49,-0.563,origin
2015-10-08 15:02:49,-0.629,origin
2015-10-08 15:02:49,-0.711,origin
2015-10-08 15:02:49,-0.777,origin
2015-10-08 15:02:49,-0.816,origin
2015-10-08 15:02:49,-0.863,origin
2015-10-08 15:02:49,-0.902,origin
2015-10-08 15:02:49,-0.98,origin
2015-10-08 15:02:49,-1.027,origin
2015-10-08 15:02:49,-0.98,origin
2015-10-08 15:02:49,-0.957,origin
2015-10-08 15:02:49,-0.898,origin
2015-10-08 15:02:49,-0.867,origin
2015-10-08 15:02:49,-0.867,origin
2015-10-08 15:02:49,-0.828,origin
2015-10-08 15:02:49,-0.859,origin
2015-10-08 15:02:49,-0.996,origin
2015-10-08 15:02:49,-1.141,origin
2015-10-08 15:02:49,-1.242,origin
2015-10-08 15:02:49,-1.273,origin
2015-10-08 15:02:49,-1.219,origin
2015-10-08 15:02:49,-1.102,origin
2015-10-08 15:02:49,-0.945,origin
2015-10-08 15:02:49,-0.777,origin
2015-10-08 15:02:49,-0.629,origin
2015-10-08 15:02:49,-0.508,origin
2015-10-08 15:02:49,-0.41,origin
2015-10-08 15:02:49,-0.32,origin
2015-10-08 15:02:49,-0.246,origin
2015-10-08 15:02:49,-0.191,origin
2015-10-08 15:02:49,-0.137,origin
2015-10-08 15:02:49,-0.078,origin
2015-10-08 15:02:49,-0.031,origin
2015-10-08 15:02:49,0.012,origin
2015-10-08 15:02:49,0.047,origin
2015-10-08 15:02:49,0.063,origin
2015-10-08 15:02:49,0.07,origin
2015-10-08 15:02:49,0.063,origin
2015-10-08 15:02:49,0.043,origin
2015-10-08 15:02:49,0.012,origin
2015-10-08 15:02:49,-0.012,origin
2015-10-08 15:02:49,-0.008,origin
2015-10-08 15:02:49,-0.004,origin
2015-10-08 15:02:49,-0.035,origin
2015-10-08 15:02:49,-0.082,origin
2015-10-08 15:02:49,-0.121,origin
2015-10-08 15:02:49,-0.176,origin
2015-10-08 15:02:49,-0.238,origin
2015-10-08 15:02:49,-0.297,origin
2015-10-08 15:02:49,-0.363,origin
2015-10-08 15:02:49,-0.414,origin
2015-10-08 15:02:49,-0.441,origin
2015-10-08 15:02:49,-0.461,origin
2015-10-08 15:02:49,-0.461,origin
2015-10-08 15:02:49,-0.441,origin
2015-10-08 15:02:49,-0.477,origin
2015-10-08 15:02:49,-0.5,origin
2015-10-08 15:02:49,-0.363,origin
2015-10-08 15:02:49,-0.137,origin
2015-10-08 15:02:49,0.059,origin
2015-10-08 15:02:49,0.207,origin
2015-10-08 15:02:49,0.309,origin
2015-10-08 15:02:49,0.328,origin
2015-10-08 15:02:49,0.313,origin
2015-10-08 15:02:49,0.293,origin
2015-10-08 15:02:50,0.309,origin
2015-10-08 15:02:50,0.367,origin
2015-10-08 15:02:50,0.418,origin
2015-10-08 15:02:50,0.449,origin
2015-10-08 15:02:50,0.449,origin
2015-10-08 15:02:50,0.414,origin
2015-10-08 15:02:50,0.359,origin
2015-10-08 15:02:50,0.297,origin
2015-10-08 15:02:50,0.219,origin
2015-10-08 15:02:50,0.172,origin
2015-10-08 15:02:50,0.129,origin
2015-10-08 15:02:50,0.102,origin
2015-10-08 15:02:50,0.082,origin
2015-10-08 15:02:50,0.066,origin
2015-10-08 15:02:50,0.059,origin
2015-10-08 15:02:50,0.047,origin
2015-10-08 15:02:50,0.004,origin
2015-10-08 15:02:50,-0.047,origin
2015-10-08 15:02:50,-0.074,origin
2015-10-08 15:02:50,-0.07,origin
2015-10-08 15:02:50,-0.09,origin
2015-10-08 15:02:50,-0.141,origin
2015-10-08 15:02:50,-0.176,origin
2015-10-08 15:02:50,-0.223,origin
2015-10-08 15:02:50,-0.285,origin
2015-10-08 15:02:50,-0.32,origin
2015-10-08 15:02:50,-0.324,origin
2015-10-08 15:02:50,-0.285,origin
2015-10-08 15:02:50,-0.258,origin
2015-10-08 15:02:50,-0.285,origin
2015-10-08 15:02:50,-0.301,origin
2015-10-08 15:02:50,-0.266,origin
2015-10-08 15:02:50,-0.211,origin
2015-10-08 15:02:50,-0.184,origin
2015-10-08 15:02:50,-0.148,origin
2015-10-08 15:02:50,-0.117,origin
2015-10-08 15:02:50,-0.125,origin
2015-10-08 15:02:50,-0.156,origin
2015-10-08 15:02:50,-0.184,origin
2015-10-08 15:02:50,-0.199,origin
2015-10-08 15:02:50,-0.195,origin
2015-10-08 15:02:50,-0.172,origin
2015-10-08 15:02:50,-0.117,origin
2015-10-08 15:02:50,-0.039,origin
2015-10-08 15:02:50,0.039,origin
2015-10-08 15:02:50,0.102,origin
2015-10-08 15:02:50,0.145,origin
2015-10-08 15:02:50,0.148,origin
2015-10-08 15:02:50,0.137,origin
2015-10-08 15:02:50,0.133,origin
2015-10-08 15:02:50,0.117,origin
2015-10-08 15:02:50,0.105,origin
2015-10-08 15:02:50,0.098,origin
2015-10-08 15:02:50,0.113,origin
2015-10-08 15:02:50,0.129,origin
2015-10-08 15:02:50,0.082,origin
2015-10-08 15:02:50,0.016,origin
2015-10-08 15:02:50,-0.02,origin
2015-10-08 15:02:50,-0.059,origin
2015-10-08 15:02:50,-0.117,origin
2015-10-08 15:02:50,-0.156,origin
2015-10-08 15:02:50,-0.191,origin
2015-10-08 15:02:50,-0.215,origin
2015-10-08 15:02:50,-0.25,origin
2015-10-08 15:02:50,-0.285,origin
2015-10-08 15:02:50,-0.324,origin
2015-10-08 15:02:50,-0.398,origin
2015-10-08 15:02:50,-0.539,origin
2015-10-08 15:02:50,-0.637,origin
2015-10-08 15:02:50,-0.641,origin
2015-10-08 15:02:50,-0.512,origin
2015-10-08 15:02:50,-0.398,origin
2015-10-08 15:02:50,-0.391,origin
2015-10-08 15:02:50,-0.422,origin
2015-10-08 15:02:50,-0.453,origin
2015-10-08 15:02:50,-0.469,origin
2015-10-08 15:02:50,-0.48,origin
2015-10-08 15:02:50,-0.504,origin
2015-10-08 15:02:50,-0.531,origin
2015-10-08 15:02:50,-0.605,origin
2015-10-08 15:02:51,-0.727,origin
2015-10-08 15:02:51,-0.875,origin
2015-10-08 15:02:51,-1.035,origin
2015-10-08 15:02:51,-1.289,origin
2015-10-08 15:02:51,-1.691,origin
2015-10-08 15:02:51,-2.04944727835128,origin
2015-10-08 15:02:51,-2.00945349986234,origin
2015-10-08 15:02:51,-1.98700469081221,origin
2015-10-08 15:02:51,-2.02716407932438,origin
2015-10-08 15:02:51,-2.01309896996979,origin
2015-10-08 15:02:51,-2.02161410508151,origin
2015-10-08 15:02:51,-1.95813646750194,origin
2015-10-08 15:02:51,-2.02067843235019,origin
2015-10-08 15:02:51,-1.96698388554333,origin
2015-10-08 15:02:51,-1.97649839755652,origin
2015-10-08 15:02:51,-1.95368676343609,origin
2015-10-08 15:02:51,-2.04157972653421,origin
2015-10-08 15:02:51,-2.05851130809072,origin
2015-10-08 15:02:51,-2.01956010778624,origin
2015-10-08 15:02:51,-1.99146933745492,origin
2015-10-08 15:02:51,-1.98032962471738,origin
2015-10-08 15:02:51,-2.01242793688628,origin
2015-10-08 15:02:51,-1.98991866666828,origin
2015-10-08 15:02:51,-2.01584517659305,origin
2015-10-08 15:02:51,-2.0550725280035,origin
2015-10-08 15:02:51,-1.797,origin
2015-10-08 15:02:51,-1.617,origin
2015-10-08 15:02:51,-1.195,origin
2015-10-08 15:02:51,-0.957,origin
2015-10-08 15:02:51,-0.793,origin
2015-10-08 15:02:51,-0.727,origin
2015-10-08 15:02:51,-0.672,origin
2015-10-08 15:02:51,-0.578,origin
2015-10-08 15:02:51,-0.492,origin
2015-10-08 15:02:51,-0.461,origin
2015-10-08 15:02:51,-0.438,origin
2015-10-08 15:02:51,-0.422,origin
2015-10-08 15:02:51,-0.395,origin
2015-10-08 15:02:51,-0.355,origin
2015-10-08 15:02:51,-0.32,origin
2015-10-08 15:02:51,-0.309,origin
2015-10-08 15:02:51,-0.293,origin
2015-10-08 15:02:51,-0.285,origin
2015-10-08 15:02:51,-0.297,origin
2015-10-08 15:02:51,-0.289,origin
2015-10-08 15:02:51,-0.262,origin
2015-10-08 15:02:51,-0.238,origin
2015-10-08 15:02:51,-0.215,origin
2015-10-08 15:02:51,-0.219,origin
2015-10-08 15:02:51,-0.258,origin
2015-10-08 15:02:51,-0.289,origin
2015-10-08 15:02:51,-0.285,origin
2015-10-08 15:02:51,-0.25,origin
2015-10-08 15:02:51,-0.227,origin
2015-10-08 15:02:51,-0.223,origin
2015-10-08 15:02:51,-0.219,origin
2015-10-08 15:02:51,-0.199,origin
2015-10-08 15:02:51,-0.211,origin
2015-10-08 15:02:51,-0.203,origin
2015-10-08 15:02:51,-0.188,origin
2015-10-08 15:02:51,-0.195,origin
2015-10-08 15:02:51,-0.203,origin
2015-10-08 15:02:51,-0.207,origin
2015-10-08 15:02:51,-0.211,origin
2015-10-08 15:02:51,-0.219,origin
2015-10-08 15:02:51,-0.227,origin
2015-10-08 15:02:51,-0.234,origin
2015-10-08 15:02:51,-0.234,origin
2015-10-08 15:02:51,-0.234,origin
2015-10-08 15:02:51,-0.234,origin
2015-10-08 15:02:51,-0.234,origin
2015-10-08 15:02:51,-0.238,origin
2015-10-08 15:02:51,-0.25,origin
2015-10-08 15:02:51,-0.258,origin
2015-10-08 15:02:51,-0.262,origin
2015-10-08 15:02:51,-0.266,origin
2015-10-08 15:02:51,-0.254,origin
2015-10-08 15:02:51,-0.258,origin
2015-10-08 15:02:51,-0.281,origin
2015-10-08 15:02:51,-0.324,origin
2015-10-08 15:02:52,-0.355,origin
2015-10-08 15:02:52,-0.371,origin
2015-10-08 15:02:52,-0.371,origin
2015-10-08 15:02:52,-0.375,origin
2015-10-08 15:02:52,-0.391,origin
2015-10-08 15:02:52,-0.422,origin
2015-10-08 15:02:52,-0.473,origin
2015-10-08 15:02:52,-0.523,origin
2015-10-08 15:02:52,-0.555,origin
2015-10-08 15:02:52,-0.535,origin
2015-10-08 15:02:52,-0.563,origin
2015-10-08 15:02:52,-0.57,origin
2015-10-08 15:02:52,-0.531,origin
2015-10-08 15:02:52,-0.539,origin
2015-10-08 15:02:52,-0.551,origin
2015-10-08 15:02:52,-0.605,origin
2015-10-08 15:02:52,-0.625,origin
2015-10-08 15:02:52,-0.621,origin
2015-10-08 15:02:52,-0.621,origin
2015-10-08 15:02:52,-0.633,origin
2015-10-08 15:02:52,-0.652,origin
2015-10-08 15:02:52,-0.68,origin
2015-10-08 15:02:52,-0.707,origin
2015-10-08 15:02:52,-0.695,origin
2015-10-08 15:02:52,-0.707,origin
2015-10-08 15:02:52,-0.719,origin
2015-10-08 15:02:52,-0.719,origin
2015-10-08 15:02:52,-0.707,origin
2015-10-08 15:02:52,-0.684,origin
2015-10-08 15:02:52,-0.648,origin
2015-10-08 15:02:52,-0.617,origin
2015-10-08 15:02:52,-0.598,origin
2015-10-08 15:02:52,-0.574,origin
2015-10-08 15:02:52,-0.566,origin
2015-10-08 15:02:52,-0.566,origin
2015-10-08 15:02:52,-0.563,origin
2015-10-08 15:02:52,-0.539,origin
2015-10-08 15:02:52,-0.512,origin
2015-10-08 15:02:52,-0.504,origin
2015-10-08 15:02:52,-0.492,origin
2015-10-08 15:02:52,-0.488,origin
2015-10-08 15:02:52,-0.5,origin
2015-10-08 15:02:52,-0.52,origin
2015-10-08 15:02:52,-0.539,origin
2015-10-08 15:02:52,-0.563,origin
2015-10-08 15:02:52,-0.594,origin
2015-10-08 15:02:52,-0.621,origin
2015-10-08 15:02:52,-0.652,origin
2015-10-08 15:02:52,-0.672,origin
2015-10-08 15:02:52,-0.695,origin
2015-10-08 15:02:52,-0.727,origin
2015-10-08 15:02:52,-0.754,origin
2015-10-08 15:02:52,-0.766,origin
2015-10-08 15:02:52,-0.766,origin
2015-10-08 15:02:52,-0.754,origin
2015-10-08 15:02:52,-0.734,origin
2015-10-08 15:02:52,-0.719,origin
2015-10-08 15:02:52,-0.707,origin
2015-10-08 15:02:52,-0.707,origin
2015-10-08 15:02:52,-0.699,origin
2015-10-08 15:02:52,-0.676,origin
2015-10-08 15:02:52,-0.656,origin
2015-10-08 15:02:52,-0.641,origin
2015-10-08 15:02:52,-0.625,origin
2015-10-08 15:02:52,-0.621,origin
2015-10-08 15:02:52,-0.625,origin
2015-10-08 15:02:52,-0.629,origin
2015-10-08 15:02:52,-0.633,origin
2015-10-08 15:02:52,-0.633,origin
2015-10-08 15:02:52,-0.633,origin
2015-10-08 15:02:52,-0.641,origin
2015-10-08 15:02:52,-0.656,origin
2015-10-08 15:02:52,-0.668,origin
2015-10-08 15:02:52,-0.68,origin
2015-10-08 15:02:52,-0.695,origin
2015-10-08 15:02:52,-0.699,origin
2015-10-08 15:02:52,-0.711,origin
2015-10-08 15:02:52,-0.754,origin
2015-10-08 15:02:52,-0.82,origin
2015-10-08 15:02:52,-0.898,origin
2015-10-08 15:02:53,-0.965,origin
2015-10-08 15:02:53,-1.031,origin
2015-10-08 15:02:53,-1.09,origin
2015-10-08 15:02:53,-1.129,origin
2015-10-08 15:02:53,-1.148,origin
2015-10-08 15:02:53,-1.141,origin
2015-10-08 15:02:53,-1.109,origin
2015-10-08 15:02:53,-1.066,origin
2015-10-08 15:02:53,-1.016,origin
