DEVICE,GRANGE,SR,RPM,name,N,mean,sd,se,cv,SERIES
ActivPal3,2,20,2,Proposed,15,60.1157285199913,0.195722899288656,0.0505354352944264,0.00325576856684967,ActivPal3: 20Hz, 2g
ActivPal3,2,20,2,NA,15,57.1771770468276,0.134136279596871,0.0346338384667269,0.0023459759037599,ActivPal3: 20Hz, 2g
ActivPal3,2,20,2,NA,15,57.1771770468276,0.134136279596871,0.0346338384667269,0.0023459759037599,ActivPal3: 20Hz, 2g
ActivPal3,2,20,2,Proposed without extrapolation,15,60.1157285199913,0.195722899288656,0.0505354352944264,0.00325576856684967,ActivPal3: 20Hz, 2g
ActivPal3,2,20,3,Proposed,15,132.65373709488,0.324796363384155,0.0838620604197042,0.00244845241828239,ActivPal3: 20Hz, 2g
ActivPal3,2,20,3,NA,15,51.6298878420953,0.18387947197263,0.0474774755106273,0.00356149276432687,ActivPal3: 20Hz, 2g
ActivPal3,2,20,3,NA,15,51.4554859060919,0.192194832214573,0.0496244922929448,0.00373516698618561,ActivPal3: 20Hz, 2g
ActivPal3,2,20,3,Proposed without extrapolation,15,132.20510656295,0.365219911669537,0.0942993757066306,0.00276252499744128,ActivPal3: 20Hz, 2g
ActivPal3,2,20,4,Proposed,15,195.347519389006,1.60639965839975,0.414770608289033,0.00822329182077217,ActivPal3: 20Hz, 2g
ActivPal3,2,20,4,NA,15,50.4382379801761,1.5631198608403,0.403595812610703,0.0309907705628943,ActivPal3: 20Hz, 2g
ActivPal3,2,20,4,NA,15,41.435633878855,0.502873897472793,0.129841482010303,0.012136266551226,ActivPal3: 20Hz, 2g
ActivPal3,2,20,4,Proposed without extrapolation,15,163.744020768013,0.726914944989785,0.187688631736981,0.0044393373362906,ActivPal3: 20Hz, 2g
ActivPal3,2,20,5,Proposed,15,164.993527019221,7.8956313926257,2.03864325942879,0.0478541887992121,ActivPal3: 20Hz, 2g
ActivPal3,2,20,5,NA,15,69.1933244828669,13.2119126287618,3.4113011721828,0.190942012506326,ActivPal3: 20Hz, 2g
ActivPal3,2,20,5,NA,15,53.1835320063847,12.1011073710883,3.12449248792618,0.227534857399759,ActivPal3: 20Hz, 2g
ActivPal3,2,20,5,Proposed without extrapolation,15,132.779860534694,3.89493112544096,1.00566689223052,0.0293337491827179,ActivPal3: 20Hz, 2g
ActivPal3,2,20,6,Proposed,15,122.315767725456,1.06248225159053,0.274331737736739,0.00868638828295077,ActivPal3: 20Hz, 2g
ActivPal3,2,20,6,NA,15,50.0346267024673,2.06908148564738,0.53423454239056,0.0413529913583895,ActivPal3: 20Hz, 2g
ActivPal3,2,20,6,NA,15,37.27300391639,1.24770344150519,0.322155643330352,0.0334747219275379,ActivPal3: 20Hz, 2g
ActivPal3,2,20,6,Proposed without extrapolation,15,95.6500213833576,0.640193310661373,0.165297202036326,0.00669308068521522,ActivPal3: 20Hz, 2g
ActivPal3,2,20,7,Proposed,15,118.057580973493,3.4048554394495,0.879129894215444,0.0288406336244852,ActivPal3: 20Hz, 2g
ActivPal3,2,20,7,NA,15,60.5316010684877,4.48359049276873,1.15765808731381,0.0740702445272483,ActivPal3: 20Hz, 2g
ActivPal3,2,20,7,NA,15,48.7025714262366,3.71688662917285,0.959696000968499,0.0763180776769115,ActivPal3: 20Hz, 2g
ActivPal3,2,20,7,Proposed without extrapolation,15,96.4316517117561,2.83371441616153,0.731661916113432,0.0293857293311929,ActivPal3: 20Hz, 2g
ActivPal3,2,20,8,Proposed,15,110.040816207047,3.34298493027734,0.863154997439101,0.0303794995848392,ActivPal3: 20Hz, 2g
ActivPal3,2,20,8,NA,15,62.1878984562823,1.54213983166047,0.398178792369607,0.0247980695592179,ActivPal3: 20Hz, 2g
ActivPal3,2,20,8,NA,15,51.1844022171722,1.55245476565577,0.400842096875008,0.030330622189721,ActivPal3: 20Hz, 2g
ActivPal3,2,20,8,Proposed without extrapolation,15,92.0627264747173,2.84009905879671,0.733310423753267,0.0308496083871323,ActivPal3: 20Hz, 2g
CLE2B41120128,6,40,2,Proposed,15,58.511802553364,0.145704537864318,0.03762074990769,0.00249017346084035,CLE2B41120128: 40Hz, 6g
CLE2B41120128,6,40,2,NA,15,55.7791589687346,0.137303722097291,0.0354516686036733,0.00246155956159634,CLE2B41120128: 40Hz, 6g
CLE2B41120128,6,40,2,NA,15,55.7791589687346,0.137303722097291,0.0354516686036733,0.00246155956159634,CLE2B41120128: 40Hz, 6g
CLE2B41120128,6,40,2,Proposed without extrapolation,15,58.511802553364,0.145704537864318,0.03762074990769,0.00249017346084035,CLE2B41120128: 40Hz, 6g
CLE2B41120128,6,40,3,Proposed,15,129.807518314926,0.217805509295628,0.0562371406809461,0.00167791135770126,CLE2B41120128: 40Hz, 6g
CLE2B41120128,6,40,3,NA,15,50.5497626147548,0.0866582912905676,0.0223750745986106,0.00171431648356096,CLE2B41120128: 40Hz, 6g
CLE2B41120128,6,40,3,NA,15,50.5497626147548,0.0866582912905676,0.0223750745986106,0.00171431648356096,CLE2B41120128: 40Hz, 6g
CLE2B41120128,6,40,3,Proposed without extrapolation,15,129.807518314926,0.217805509295628,0.0562371406809461,0.00167791135770126,CLE2B41120128: 40Hz, 6g
CLE2B41120128,6,40,4,Proposed,15,213.684908228989,0.590874872308982,0.152563236009675,0.00276516894527614,CLE2B41120128: 40Hz, 6g
CLE2B41120128,6,40,4,NA,15,26.831602115539,0.157726625821043,0.0407248396705593,0.00587839015880825,CLE2B41120128: 40Hz, 6g
CLE2B41120128,6,40,4,NA,15,26.831602115539,0.157726625821043,0.0407248396705593,0.00587839015880825,CLE2B41120128: 40Hz, 6g
CLE2B41120128,6,40,4,Proposed without extrapolation,15,213.684908228989,0.590874872308982,0.152563236009675,0.00276516894527614,CLE2B41120128: 40Hz, 6g
CLE2B41120128,6,40,5,Proposed,15,248.000261611478,0.713554345375188,0.184238939750136,0.00287723222846054,CLE2B41120128: 40Hz, 6g
CLE2B41120128,6,40,5,NA,15,16.7978559845328,0.197670923458484,0.0510384129722767,0.0117676281806736,CLE2B41120128: 40Hz, 6g
CLE2B41120128,6,40,5,NA,15,16.7978559845328,0.197670923458484,0.0510384129722767,0.0117676281806736,CLE2B41120128: 40Hz, 6g
CLE2B41120128,6,40,5,Proposed without extrapolation,15,248.000261611478,0.713554345375188,0.184238939750136,0.00287723222846054,CLE2B41120128: 40Hz, 6g
CLE2B41120128,6,40,6,Proposed,15,218.26530081847,0.588103008695389,0.151847543902115,0.0026944411525335,CLE2B41120128: 40Hz, 6g
CLE2B41120128,6,40,6,NA,15,19.3781544525858,0.685149976943311,0.176904963357056,0.0353568229946626,CLE2B41120128: 40Hz, 6g
CLE2B41120128,6,40,6,NA,15,13.8282603424982,0.345501264004255,0.0892080427721393,0.0249851576009479,CLE2B41120128: 40Hz, 6g
CLE2B41120128,6,40,6,Proposed without extrapolation,15,204.03363369918,0.726620778974109,0.187612678398332,0.00356127941163569,CLE2B41120128: 40Hz, 6g
CLE2B41120128,6,40,7,Proposed,15,151.261497073614,3.36926937497616,0.869941611877956,0.0222744679919203,CLE2B41120128: 40Hz, 6g
CLE2B41120128,6,40,7,NA,15,17.392718536865,1.70463623599665,0.440135183557116,0.0980086139141252,CLE2B41120128: 40Hz, 6g
CLE2B41120128,6,40,7,NA,15,9.85544111721752,1.10693818246518,0.285810209731249,0.112317467001182,CLE2B41120128: 40Hz, 6g
CLE2B41120128,6,40,7,Proposed without extrapolation,15,129.601803438349,3.16255783595327,0.816568922004318,0.0244021128722771,CLE2B41120128: 40Hz, 6g
CLE2B41120128,6,40,8,Proposed,15,143.153554630095,1.64158551050709,0.423855556237957,0.0114673052635606,CLE2B41120128: 40Hz, 6g
CLE2B41120128,6,40,8,NA,15,15.5986634654684,1.6529513315856,0.426790198621493,0.105967497487514,CLE2B41120128: 40Hz, 6g
CLE2B41120128,6,40,8,NA,15,8.05887812819414,0.73091855829456,0.188722360247251,0.0906973088149116,CLE2B41120128: 40Hz, 6g
CLE2B41120128,6,40,8,Proposed without extrapolation,15,122.112762482912,1.37490466716097,0.354998858569151,0.0112593036076255,CLE2B41120128: 40Hz, 6g
CLE2B41120128,6,80,1,Proposed,27,15.4155367014867,0.053520259498096,0.0102999787427748,0.00347183886844072,CLE2B41120128: 80Hz, 6g
CLE2B41120128,6,80,1,NA,27,15.3928414016765,0.0428981736470945,0.0082557573676311,0.00278689116113561,CLE2B41120128: 80Hz, 6g
CLE2B41120128,6,80,1,NA,27,15.3928414016765,0.0428981736470945,0.0082557573676311,0.00278689116113561,CLE2B41120128: 80Hz, 6g
CLE2B41120128,6,80,1,Proposed without extrapolation,27,15.4155367031884,0.0535202566521089,0.0102999781950643,0.00347183868343938,CLE2B41120128: 80Hz, 6g
CLE2B41120128,6,80,2,Proposed,27,60.3917688670342,0.087440952750405,0.0168280192028812,0.00144789520808582,CLE2B41120128: 80Hz, 6g
CLE2B41120128,6,80,2,NA,27,57.6262557949705,0.077005118919746,0.0148196420457648,0.00133628530706079,CLE2B41120128: 80Hz, 6g
CLE2B41120128,6,80,2,NA,27,57.6262557949705,0.077005118919746,0.0148196420457648,0.00133628530706079,CLE2B41120128: 80Hz, 6g
CLE2B41120128,6,80,2,Proposed without extrapolation,27,60.3917688670342,0.087440952750405,0.0168280192028812,0.00144789520808582,CLE2B41120128: 80Hz, 6g
CLE2B41120128,6,80,3,Proposed,21,134.084907359901,0.182342027504076,0.0397902925432927,0.0013598997164882,CLE2B41120128: 80Hz, 6g
CLE2B41120128,6,80,3,NA,21,52.3867816190767,0.0761755925580755,0.0166228770954998,0.00145409949234858,CLE2B41120128: 80Hz, 6g
CLE2B41120128,6,80,3,NA,21,52.3867816190767,0.0761755925580755,0.0166228770954998,0.00145409949234858,CLE2B41120128: 80Hz, 6g
CLE2B41120128,6,80,3,Proposed without extrapolation,21,134.084907359901,0.182342027504076,0.0397902925432927,0.0013598997164882,CLE2B41120128: 80Hz, 6g
CLE2B41120128,6,80,4,Proposed,21,222.213772947968,0.338853564688836,0.0739439099853432,0.00152489902040492,CLE2B41120128: 80Hz, 6g
CLE2B41120128,6,80,4,NA,21,27.6917606735364,0.103693808534554,0.0226278441289453,0.00374457260977447,CLE2B41120128: 80Hz, 6g
CLE2B41120128,6,80,4,NA,21,27.6917606735364,0.103693808534554,0.0226278441289453,0.00374457260977447,CLE2B41120128: 80Hz, 6g
CLE2B41120128,6,80,4,Proposed without extrapolation,21,222.213772947968,0.338853564688836,0.0739439099853432,0.00152489902040492,CLE2B41120128: 80Hz, 6g
CLE2B41120128,6,80,5,Proposed,21,258.933033179623,0.365551989696985,0.0797699839632452,0.00141176266777595,CLE2B41120128: 80Hz, 6g
CLE2B41120128,6,80,5,NA,21,16.9468056055451,0.132171021604656,0.0288420814849039,0.00779917022010384,CLE2B41120128: 80Hz, 6g
CLE2B41120128,6,80,5,NA,21,16.9468056055451,0.132171021604656,0.0288420814849039,0.00779917022010384,CLE2B41120128: 80Hz, 6g
CLE2B41120128,6,80,5,Proposed without extrapolation,21,258.933033179623,0.365551989696985,0.0797699839632452,0.00141176266777595,CLE2B41120128: 80Hz, 6g
CLE2B41120128,6,80,6,Proposed,21,233.899517641448,0.516900179551874,0.112796866644416,0.00220992409374801,CLE2B41120128: 80Hz, 6g
CLE2B41120128,6,80,6,NA,21,16.4158489161308,0.724532795887549,0.158106018125366,0.0441361759351719,CLE2B41120128: 80Hz, 6g
CLE2B41120128,6,80,6,NA,21,11.5623048807114,0.206990050971275,0.0451689322227921,0.0179021443481033,CLE2B41120128: 80Hz, 6g
CLE2B41120128,6,80,6,Proposed without extrapolation,21,208.18044069823,0.673935481728778,0.147064778978031,0.00323726609218628,CLE2B41120128: 80Hz, 6g
CLE2B41120128,6,80,7,Proposed,15,170.462122053319,1.18299970408519,0.305449210166016,0.00693995645387519,CLE2B41120128: 80Hz, 6g
CLE2B41120128,6,80,7,NA,15,19.6832391158258,2.58116673366778,0.666454384885326,0.131135262772501,CLE2B41120128: 80Hz, 6g
CLE2B41120128,6,80,7,NA,15,6.80837703298018,0.124175983995687,0.0320621012009476,0.0182387055526113,CLE2B41120128: 80Hz, 6g
CLE2B41120128,6,80,7,Proposed without extrapolation,15,126.289474833692,0.560076910791165,0.144611236539298,0.00443486610051012,CLE2B41120128: 80Hz, 6g
CLE2B41120128,6,80,8,Proposed,21,129.295810557157,2.80044159069601,0.611106455650811,0.0216591827579598,CLE2B41120128: 80Hz, 6g
CLE2B41120128,6,80,8,NA,21,21.2556120314312,1.6733114224711,0.36514648831943,0.0787232764691381,CLE2B41120128: 80Hz, 6g
CLE2B41120128,6,80,8,NA,21,6.17237289060927,0.697305972722207,0.152164638216397,0.11297210733705,CLE2B41120128: 80Hz, 6g
CLE2B41120128,6,80,8,Proposed without extrapolation,21,94.1108611767145,2.22341039035753,0.485187924512605,0.0236254387916244,CLE2B41120128: 80Hz, 6g
LG Watch R Urbane,2,100,1,Proposed,15,14.9240762405187,0.0677298524957047,0.0174877727171299,0.0045382944581735,LG Watch R Urbane: 100Hz, 2g
LG Watch R Urbane,2,100,1,NA,15,14.7760233969576,0.0487284333572571,0.0125816273919623,0.00329780429065173,LG Watch R Urbane: 100Hz, 2g
LG Watch R Urbane,2,100,1,NA,15,14.7760233969576,0.0487284333572571,0.0125816273919623,0.00329780429065173,LG Watch R Urbane: 100Hz, 2g
LG Watch R Urbane,2,100,1,Proposed without extrapolation,15,14.9240762586435,0.067729852518798,0.0174877727230926,0.00453829445420928,LG Watch R Urbane: 100Hz, 2g
LG Watch R Urbane,2,100,2,Proposed,15,58.450859631934,0.212989383807854,0.0549936224271198,0.00364390507084158,LG Watch R Urbane: 100Hz, 2g
LG Watch R Urbane,2,100,2,NA,15,55.5283301834389,0.205220960552734,0.0529878241675618,0.00369578843582695,LG Watch R Urbane: 100Hz, 2g
LG Watch R Urbane,2,100,2,NA,15,55.5283301834389,0.205220960552734,0.0529878241675618,0.00369578843582695,LG Watch R Urbane: 100Hz, 2g
LG Watch R Urbane,2,100,2,Proposed without extrapolation,15,58.450859502305,0.212989214067244,0.0549935786002827,0.00364390217493456,LG Watch R Urbane: 100Hz, 2g
LG Watch R Urbane,2,100,3,Proposed,15,130.509074423364,0.243916978162468,0.0629790929520317,0.00186896565806003,LG Watch R Urbane: 100Hz, 2g
LG Watch R Urbane,2,100,3,NA,15,51.4230567691075,0.172938562419495,0.0446525448111836,0.003363054887927,LG Watch R Urbane: 100Hz, 2g
LG Watch R Urbane,2,100,3,NA,15,51.4791058904867,0.174300436242462,0.0450041791202495,0.00338584816553064,LG Watch R Urbane: 100Hz, 2g
LG Watch R Urbane,2,100,3,Proposed without extrapolation,15,130.653535732044,0.244370207452464,0.0630961162515096,0.00187036811582077,LG Watch R Urbane: 100Hz, 2g
LG Watch R Urbane,2,100,4,Proposed,15,251.506018522451,3.20228880087788,0.826827413036437,0.0127324539575264,LG Watch R Urbane: 100Hz, 2g
LG Watch R Urbane,2,100,4,NA,15,38.1060158005392,0.772111867732231,0.199358427009069,0.0202622040512906,LG Watch R Urbane: 100Hz, 2g
LG Watch R Urbane,2,100,4,NA,15,25.4623007705364,0.631418047317175,0.163031438783615,0.0247981536706933,LG Watch R Urbane: 100Hz, 2g
LG Watch R Urbane,2,100,4,Proposed without extrapolation,15,172.095562373099,0.707925893914057,0.182785679831876,0.0041135627447458,LG Watch R Urbane: 100Hz, 2g
LG Watch R Urbane,2,100,5,Proposed,15,288.001197720695,4.99593357083012,1.28994450123891,0.0173469194238394,LG Watch R Urbane: 100Hz, 2g
LG Watch R Urbane,2,100,5,NA,15,31.3157448695917,1.57628812878945,0.406995844775065,0.0503353228656572,LG Watch R Urbane: 100Hz, 2g
LG Watch R Urbane,2,100,5,NA,15,12.9545196934527,0.557080323265677,0.143837520967187,0.043002777134781,LG Watch R Urbane: 100Hz, 2g
LG Watch R Urbane,2,100,5,Proposed without extrapolation,15,140.577095613125,0.672362468966855,0.173603242994902,0.00478287352597773,LG Watch R Urbane: 100Hz, 2g
LG Watch R Urbane,2,100,6,Proposed,15,174.682826755556,2.88577459563359,0.745103796653157,0.016520081849098,LG Watch R Urbane: 100Hz, 2g
LG Watch R Urbane,2,100,6,NA,15,33.5653538542917,2.00064558950917,0.516564469988823,0.0596044837839053,LG Watch R Urbane: 100Hz, 2g
LG Watch R Urbane,2,100,6,NA,15,10.7313772936758,0.478728352962745,0.123607129225468,0.044610150203634,LG Watch R Urbane: 100Hz, 2g
LG Watch R Urbane,2,100,6,Proposed without extrapolation,15,89.4010350469317,0.913571172106126,0.235883062342814,0.0102187986036911,LG Watch R Urbane: 100Hz, 2g
LG Watch R Urbane,2,100,7,Proposed,15,94.6835409791497,1.8257709116664,0.471412022324926,0.0192828752789088,LG Watch R Urbane: 100Hz, 2g
LG Watch R Urbane,2,100,7,NA,15,34.9270875613268,3.71156752476666,0.95832261411637,0.106266161421266,LG Watch R Urbane: 100Hz, 2g
LG Watch R Urbane,2,100,7,NA,15,6.32865240412712,0.874801744460386,0.225872839168551,0.138228755286023,LG Watch R Urbane: 100Hz, 2g
LG Watch R Urbane,2,100,7,Proposed without extrapolation,15,50.790354794201,0.928932669090069,0.239849383808923,0.0182895487313298,LG Watch R Urbane: 100Hz, 2g
LG Watch R Urbane,2,100,8,Proposed,15,88.2886330316982,13.3266682111859,3.44093093615697,0.150944326053856,LG Watch R Urbane: 100Hz, 2g
LG Watch R Urbane,2,100,8,NA,15,35.8031027811503,4.11250586426252,1.06184444823127,0.114864510190655,LG Watch R Urbane: 100Hz, 2g
LG Watch R Urbane,2,100,8,NA,15,9.50553535624768,2.1874828418501,0.56480564110666,0.230127263732951,LG Watch R Urbane: 100Hz, 2g
LG Watch R Urbane,2,100,8,Proposed without extrapolation,15,49.6606373930303,6.60395674696161,1.70513430000376,0.132981715371387,LG Watch R Urbane: 100Hz, 2g
MAT2C47090050,3,30,1,Proposed,27,15.4542635319705,0.0811480390931878,0.0156169474048874,0.00525085125702145,MAT2C47090050: 30Hz, 3g
MAT2C47090050,3,30,1,NA,27,15.3330050143238,0.0810139660985172,0.0155911450450327,0.0052836326618843,MAT2C47090050: 30Hz, 3g
MAT2C47090050,3,30,1,NA,27,15.3330050143238,0.0810139660985172,0.0155911450450327,0.0052836326618843,MAT2C47090050: 30Hz, 3g
MAT2C47090050,3,30,1,Proposed without extrapolation,27,15.4542635319705,0.0811480390931878,0.0156169474048874,0.00525085125702145,MAT2C47090050: 30Hz, 3g
MAT2C47090050,3,30,2,Proposed,27,60.8767765989977,0.225240661420061,0.0433475855011072,0.00369994395241632,MAT2C47090050: 30Hz, 3g
MAT2C47090050,3,30,2,NA,27,58.1290506123033,0.226875185958085,0.0436621498951155,0.00390295701664299,MAT2C47090050: 30Hz, 3g
MAT2C47090050,3,30,2,NA,27,58.1290506123033,0.226875185958085,0.0436621498951155,0.00390295701664299,MAT2C47090050: 30Hz, 3g
MAT2C47090050,3,30,2,Proposed without extrapolation,27,60.8767765989977,0.225240661420061,0.0433475855011072,0.00369994395241632,MAT2C47090050: 30Hz, 3g
MAT2C47090050,3,30,3,Proposed,21,136.773824036939,0.236558310038845,0.0516212553344684,0.00172955835449154,MAT2C47090050: 30Hz, 3g
MAT2C47090050,3,30,3,NA,21,55.0494593752204,0.149076962770126,0.0325312602984866,0.00270805498295649,MAT2C47090050: 30Hz, 3g
MAT2C47090050,3,30,3,NA,21,55.0494593752204,0.149076962770126,0.0325312602984866,0.00270805498295649,MAT2C47090050: 30Hz, 3g
MAT2C47090050,3,30,3,Proposed without extrapolation,21,136.773824036939,0.236558310038845,0.0516212553344684,0.00172955835449154,MAT2C47090050: 30Hz, 3g
MAT2C47090050,3,30,4,Proposed,21,241.278209472568,1.30570696739244,0.284928619690814,0.00541162407598558,MAT2C47090050: 30Hz, 3g
MAT2C47090050,3,30,4,NA,21,32.6051871954777,0.324111466851719,0.0707269204976749,0.00994048784043395,MAT2C47090050: 30Hz, 3g
MAT2C47090050,3,30,4,NA,21,30.6833567905095,0.27706980831779,0.0604615890191989,0.00902997055405257,MAT2C47090050: 30Hz, 3g
MAT2C47090050,3,30,4,Proposed without extrapolation,21,227.625939973648,0.765872091545449,0.167126992007675,0.00336460814454676,MAT2C47090050: 30Hz, 3g
MAT2C47090050,3,30,5,Proposed,21,261.65962257887,5.16942588061145,1.12806120939837,0.0197562995377832,MAT2C47090050: 30Hz, 3g
MAT2C47090050,3,30,5,NA,21,23.8072860492626,1.20822694150796,0.263656734102153,0.0507503013576544,MAT2C47090050: 30Hz, 3g
MAT2C47090050,3,30,5,NA,21,14.8785656921698,0.262269155748941,0.0572318218415088,0.0176273144317242,MAT2C47090050: 30Hz, 3g
MAT2C47090050,3,30,5,Proposed without extrapolation,21,201.434868327187,0.605945248015697,0.13222809362051,0.00300814478172403,MAT2C47090050: 30Hz, 3g
MAT2C47090050,3,30,6,Proposed,21,163.88542477277,4.00458593399524,0.873872293785173,0.0244352781191352,MAT2C47090050: 30Hz, 3g
MAT2C47090050,3,30,6,NA,21,33.7027551845355,7.31541385004862,1.59635417656077,0.217056849209921,MAT2C47090050: 30Hz, 3g
MAT2C47090050,3,30,6,NA,21,16.3699156379047,4.04751222323403,0.883239578058521,0.247253089921978,MAT2C47090050: 30Hz, 3g
MAT2C47090050,3,30,6,Proposed without extrapolation,21,128.587433550127,1.69559812085408,0.370009844620891,0.0131863439065613,MAT2C47090050: 30Hz, 3g
MAT2C47090050,3,30,7,Proposed,15,96.5009797131897,1.65101426321666,0.426290049719269,0.0171087823991387,MAT2C47090050: 30Hz, 3g
MAT2C47090050,3,30,7,NA,15,19.7634075348933,3.76391129208377,0.971837716722833,0.190448498592077,MAT2C47090050: 30Hz, 3g
MAT2C47090050,3,30,7,NA,15,15.4247536719007,2.78218497291469,0.718357071077808,0.180371436205364,MAT2C47090050: 30Hz, 3g
MAT2C47090050,3,30,7,Proposed without extrapolation,15,81.0372818875465,1.48264819867513,0.382818118783546,0.0182958777014827,MAT2C47090050: 30Hz, 3g
MAT2C47090050,3,30,8,Proposed,21,72.3764954986542,4.84937704920982,1.05822082863741,0.0670020980678732,MAT2C47090050: 30Hz, 3g
MAT2C47090050,3,30,8,NA,21,18.2748469906342,6.46912470611078,1.41167874504103,0.353990635840956,MAT2C47090050: 30Hz, 3g
MAT2C47090050,3,30,8,NA,21,15.0763878870914,5.523948533487,1.20542439474974,0.366397347617771,MAT2C47090050: 30Hz, 3g
MAT2C47090050,3,30,8,Proposed without extrapolation,21,61.0165826892093,3.82844853492618,0.835435962168668,0.0627443944939781,MAT2C47090050: 30Hz, 3g
Nexus 4,4,50,1,Proposed,15,15.0212647838833,0.0815034328477831,0.0210440958718799,0.00542587019271709,Nexus 4: 50Hz, 4g
Nexus 4,4,50,1,NA,15,14.8098232862667,0.0832658537866418,0.0214991510015604,0.0056223394551814,Nexus 4: 50Hz, 4g
Nexus 4,4,50,1,NA,15,14.8098232862667,0.0832658537866418,0.0214991510015604,0.0056223394551814,Nexus 4: 50Hz, 4g
Nexus 4,4,50,1,Proposed without extrapolation,15,15.0212647838833,0.0815034328477831,0.0210440958718799,0.00542587019271709,Nexus 4: 50Hz, 4g
Nexus 4,4,50,2,Proposed,15,58.358414575864,0.109148220846237,0.0281819494403763,0.00187030819187776,Nexus 4: 50Hz, 4g
Nexus 4,4,50,2,NA,15,55.4146307992452,0.131893935463188,0.0340548677009788,0.00238012838055369,Nexus 4: 50Hz, 4g
Nexus 4,4,50,2,NA,15,55.4146307992452,0.131893935463188,0.0340548677009788,0.00238012838055369,Nexus 4: 50Hz, 4g
Nexus 4,4,50,2,Proposed without extrapolation,15,58.3584147814587,0.109147992025799,0.0281818903591932,0.00187030426433853,Nexus 4: 50Hz, 4g
Nexus 4,4,50,3,Proposed,15,130.488709297977,0.405595987239103,0.10472443359104,0.00310828415286801,Nexus 4: 50Hz, 4g
Nexus 4,4,50,3,NA,15,51.4815666031353,0.27861454822196,0.071937967018317,0.00541192831931016,Nexus 4: 50Hz, 4g
Nexus 4,4,50,3,NA,15,51.4815666031353,0.27861454822196,0.071937967018317,0.00541192831931016,Nexus 4: 50Hz, 4g
Nexus 4,4,50,3,Proposed without extrapolation,15,130.488709297977,0.405595987239103,0.10472443359104,0.00310828415286801,Nexus 4: 50Hz, 4g
Nexus 4,4,50,4,Proposed,15,220.339115995368,0.520900143266606,0.134495838660575,0.00236408383919248,Nexus 4: 50Hz, 4g
Nexus 4,4,50,4,NA,15,32.5615501743891,0.518698184952175,0.133927295468519,0.0159297755227929,Nexus 4: 50Hz, 4g
Nexus 4,4,50,4,NA,15,32.5615501743891,0.518698184952175,0.133927295468519,0.0159297755227929,Nexus 4: 50Hz, 4g
Nexus 4,4,50,4,Proposed without extrapolation,15,220.339115599585,0.520901145725269,0.134496097494289,0.0023640883930563,Nexus 4: 50Hz, 4g
Nexus 4,4,50,5,Proposed,15,277.714780728033,2.58781095470265,0.668169915379767,0.0093182327131407,Nexus 4: 50Hz, 4g
Nexus 4,4,50,5,NA,15,28.7219368745401,1.3839563144812,0.357335983857619,0.0481846443896329,Nexus 4: 50Hz, 4g
Nexus 4,4,50,5,NA,15,23.3878454088017,0.548736496791893,0.141683154235413,0.023462464677716,Nexus 4: 50Hz, 4g
Nexus 4,4,50,5,Proposed without extrapolation,15,241.43061118409,0.730312082060863,0.188565768757052,0.00302493572989384,Nexus 4: 50Hz, 4g
Nexus 4,4,50,6,Proposed,15,225.90671033322,2.03018592613725,0.52419175210895,0.00898683320713518,Nexus 4: 50Hz, 4g
Nexus 4,4,50,6,NA,15,36.6087015060697,2.77496924231462,0.716493977448157,0.0758008104126429,Nexus 4: 50Hz, 4g
Nexus 4,4,50,6,NA,15,19.5709015943636,1.20367786845536,0.310788289248404,0.0615034449308161,Nexus 4: 50Hz, 4g
Nexus 4,4,50,6,Proposed without extrapolation,15,160.108818731391,2.19907465874331,0.567798635358641,0.0137348752939876,Nexus 4: 50Hz, 4g
Nexus 4,4,50,7,Proposed,15,153.501226206041,5.38624577093677,1.39072267796122,0.0350892686922705,Nexus 4: 50Hz, 4g
Nexus 4,4,50,7,NA,15,57.2721783449582,4.58188108978168,1.18303661033514,0.0800018651671389,Nexus 4: 50Hz, 4g
Nexus 4,4,50,7,NA,15,28.4251770615322,4.41001194913124,1.1386601890374,0.155144572699929,Nexus 4: 50Hz, 4g
Nexus 4,4,50,7,Proposed without extrapolation,15,106.364091843554,5.22840085804453,1.3499672967002,0.0491556950040505,Nexus 4: 50Hz, 4g
Nexus 4,4,50,8,Proposed,15,157.753138939715,16.5707701588948,4.27855445728204,0.105042411645624,Nexus 4: 50Hz, 4g
Nexus 4,4,50,8,NA,15,62.5529027863221,6.66851089451968,1.72180210923183,0.106605938293527,Nexus 4: 50Hz, 4g
Nexus 4,4,50,8,NA,15,31.3455898633602,2.69828954820832,0.696695365563757,0.0860819515590722,Nexus 4: 50Hz, 4g
Nexus 4,4,50,8,Proposed without extrapolation,15,108.779317079851,12.9797098045954,3.35134666078687,0.119321486409658,Nexus 4: 50Hz, 4g
TAS1C32140067,16,100,1,Proposed,27,15.6671923975498,0.0547866830479554,0.0105437020685813,0.00349690497555412,TAS1C32140067: 100Hz, 16g
TAS1C32140067,16,100,1,NA,27,15.6069976359697,0.0448880974215141,0.00863871837657376,0.00287615199723359,TAS1C32140067: 100Hz, 16g
TAS1C32140067,16,100,1,NA,27,15.6069976359697,0.0448880974215141,0.00863871837657376,0.00287615199723359,TAS1C32140067: 100Hz, 16g
TAS1C32140067,16,100,1,Proposed without extrapolation,27,15.6671923483923,0.0547866420986208,0.0105436941878781,0.00349690237282642,TAS1C32140067: 100Hz, 16g
TAS1C32140067,16,100,2,Proposed,27,61.4886900487948,0.154141413830969,0.0296645289228597,0.00250682546186378,TAS1C32140067: 100Hz, 16g
TAS1C32140067,16,100,2,NA,27,58.6266090128082,0.132368871069716,0.0254744011148091,0.00225782922291817,TAS1C32140067: 100Hz, 16g
TAS1C32140067,16,100,2,NA,27,58.6266090128082,0.132368871069716,0.0254744011148091,0.00225782922291817,TAS1C32140067: 100Hz, 16g
TAS1C32140067,16,100,2,Proposed without extrapolation,27,61.4886900487948,0.154141413830969,0.0296645289228597,0.00250682546186378,TAS1C32140067: 100Hz, 16g
TAS1C32140067,16,100,3,Proposed,21,137.740405534096,0.235040504138255,0.051290042933054,0.00170640200474851,TAS1C32140067: 100Hz, 16g
TAS1C32140067,16,100,3,NA,21,53.8505583489895,0.106419742133763,0.0232226916078882,0.00197620499018949,TAS1C32140067: 100Hz, 16g
TAS1C32140067,16,100,3,NA,21,53.8505583489895,0.106419742133763,0.0232226916078882,0.00197620499018949,TAS1C32140067: 100Hz, 16g
TAS1C32140067,16,100,3,Proposed without extrapolation,21,137.740405506235,0.235040488209455,0.051290039457105,0.00170640188945005,TAS1C32140067: 100Hz, 16g
TAS1C32140067,16,100,4,Proposed,21,232.313271770711,0.788162403885773,0.171991136939282,0.00339267058605105,TAS1C32140067: 100Hz, 16g
TAS1C32140067,16,100,4,NA,21,30.1892587417746,0.323954865739023,0.0706927473332538,0.0107307989411064,TAS1C32140067: 100Hz, 16g
TAS1C32140067,16,100,4,NA,21,30.1892587417746,0.323954865739023,0.0706927473332538,0.0107307989411064,TAS1C32140067: 100Hz, 16g
TAS1C32140067,16,100,4,Proposed without extrapolation,21,232.313272475087,0.788160693455329,0.171990763692759,0.00339266321316123,TAS1C32140067: 100Hz, 16g
TAS1C32140067,16,100,5,Proposed,21,273.323300601456,0.337721364586541,0.0736968436676953,0.00123561132125719,TAS1C32140067: 100Hz, 16g
TAS1C32140067,16,100,5,NA,21,18.0202914205035,0.161114033168903,0.0351579644055296,0.00894070075834552,TAS1C32140067: 100Hz, 16g
TAS1C32140067,16,100,5,NA,21,18.0202914205035,0.161114033168903,0.0351579644055296,0.00894070075834552,TAS1C32140067: 100Hz, 16g
TAS1C32140067,16,100,5,Proposed without extrapolation,21,273.323300583479,0.337721430868259,0.073696858131552,0.00123561156384145,TAS1C32140067: 100Hz, 16g
TAS1C32140067,16,100,6,Proposed,21,233.519690632438,0.590084229063865,0.128766935527849,0.0025269142292273,TAS1C32140067: 100Hz, 16g
TAS1C32140067,16,100,6,NA,21,12.9910956932245,0.184506777126726,0.0402626796388366,0.014202557003945,TAS1C32140067: 100Hz, 16g
TAS1C32140067,16,100,6,NA,21,12.9910952678373,0.184508080584426,0.040262964076626,0.0142026578037051,TAS1C32140067: 100Hz, 16g
TAS1C32140067,16,100,6,Proposed without extrapolation,21,233.519690632438,0.590084229063865,0.128766935527849,0.0025269142292273,TAS1C32140067: 100Hz, 16g
TAS1C32140067,16,100,7,Proposed,15,181.881938004951,0.457731828439482,0.118185849905012,0.00251664257298062,TAS1C32140067: 100Hz, 16g
TAS1C32140067,16,100,7,NA,15,11.2730354876458,0.459131571291595,0.118547261955359,0.0407283000035581,TAS1C32140067: 100Hz, 16g
TAS1C32140067,16,100,7,NA,15,11.2730352483265,0.459131566676087,0.11854726076364,0.0407283004587649,TAS1C32140067: 100Hz, 16g
TAS1C32140067,16,100,7,Proposed without extrapolation,15,181.881937911913,0.457731807756849,0.118185844564779,0.00251664246055336,TAS1C32140067: 100Hz, 16g
TAS1C32140067,16,100,8,Proposed,21,164.359486718097,3.25550983453055,0.710410487733781,0.0198072523803526,TAS1C32140067: 100Hz, 16g
TAS1C32140067,16,100,8,NA,21,13.4055141008577,3.60103054032427,0.785809287184937,0.268623083996001,TAS1C32140067: 100Hz, 16g
TAS1C32140067,16,100,8,NA,21,13.405440548484,3.60109642536119,0.785823664478694,0.268629472663502,TAS1C32140067: 100Hz, 16g
TAS1C32140067,16,100,8,Proposed without extrapolation,21,164.360355313663,3.25463810247453,0.710220260203665,0.0198018439194988,TAS1C32140067: 100Hz, 16g
TAS1E00000000,8,20,1,Proposed,21,15.9459256029637,0.133735474151449,0.0291834730190394,0.00838681162080635,TAS1E00000000: 20Hz, 8g
TAS1E00000000,8,20,1,NA,21,15.8344833324591,0.126010070116097,0.0274976516492241,0.00795795274594079,TAS1E00000000: 20Hz, 8g
TAS1E00000000,8,20,1,NA,21,15.8344833324591,0.126010070116097,0.0274976516492241,0.00795795274594079,TAS1E00000000: 20Hz, 8g
TAS1E00000000,8,20,1,Proposed without extrapolation,21,15.9459256029637,0.133735474151449,0.0291834730190394,0.00838681162080635,TAS1E00000000: 20Hz, 8g
TAS1E00000000,8,40,1,Proposed,21,15.5412332069394,0.111164354685759,0.0242580509489718,0.00715286574788171,TAS1E00000000: 40Hz, 8g
TAS1E00000000,8,40,1,NA,21,15.4250162561075,0.118558993723611,0.0258716934788687,0.00768615032588168,TAS1E00000000: 40Hz, 8g
TAS1E00000000,8,40,1,NA,21,15.4250162561075,0.118558993723611,0.0258716934788687,0.00768615032588168,TAS1E00000000: 40Hz, 8g
TAS1E00000000,8,40,1,Proposed without extrapolation,21,15.5412332069394,0.111164354685759,0.0242580509489718,0.00715286574788171,TAS1E00000000: 40Hz, 8g
TAS1E00000000,8,60,1,Proposed,21,15.2054967949879,0.0714662003661143,0.0155952034670762,0.00470002403273476,TAS1E00000000: 60Hz, 8g
TAS1E00000000,8,60,1,NA,21,15.1498002595796,0.0594158578286126,0.0129656031419215,0.00392189050750305,TAS1E00000000: 60Hz, 8g
TAS1E00000000,8,60,1,NA,21,15.1498002595796,0.0594158578286126,0.0129656031419215,0.00392189050750305,TAS1E00000000: 60Hz, 8g
TAS1E00000000,8,60,1,Proposed without extrapolation,21,15.2054967949879,0.0714662003661143,0.0155952034670762,0.00470002403273476,TAS1E00000000: 60Hz, 8g
TAS1E23150139,8,60,2,Proposed,15,59.5373493610257,0.103611988248956,0.0267525003303763,0.00174028554110913,TAS1E23150139: 60Hz, 8g
TAS1E23150139,8,60,2,NA,15,56.7579466779664,0.0972620839360967,0.0251129620867954,0.00171362936168116,TAS1E23150139: 60Hz, 8g
TAS1E23150139,8,60,2,NA,15,56.7579466779664,0.0972620839360967,0.0251129620867954,0.00171362936168116,TAS1E23150139: 60Hz, 8g
TAS1E23150139,8,60,2,Proposed without extrapolation,15,59.5373493610257,0.103611988248956,0.0267525003303763,0.00174028554110913,TAS1E23150139: 60Hz, 8g
TAS1E23150139,8,60,3,Proposed,15,132.581813104439,0.127581464904663,0.0329413925907005,0.00096228481054308,TAS1E23150139: 60Hz, 8g
TAS1E23150139,8,60,3,NA,15,51.5147636020137,0.0811387960478058,0.0209499470549648,0.00157505907771717,TAS1E23150139: 60Hz, 8g
TAS1E23150139,8,60,3,NA,15,51.5147636020137,0.0811387960478058,0.0209499470549648,0.00157505907771717,TAS1E23150139: 60Hz, 8g
TAS1E23150139,8,60,3,Proposed without extrapolation,15,132.581813104439,0.127581464904663,0.0329413925907005,0.00096228481054308,TAS1E23150139: 60Hz, 8g
TAS1E23150139,8,60,4,Proposed,15,219.591558467069,0.297515185241991,0.076818090512403,0.00135485711435764,TAS1E23150139: 60Hz, 8g
TAS1E23150139,8,60,4,NA,15,27.233217620512,0.0998724971155244,0.025786967871505,0.00366730433793107,TAS1E23150139: 60Hz, 8g
TAS1E23150139,8,60,4,NA,15,27.233217620512,0.0998724971155244,0.025786967871505,0.00366730433793107,TAS1E23150139: 60Hz, 8g
TAS1E23150139,8,60,4,Proposed without extrapolation,15,219.591558467069,0.297515185241991,0.076818090512403,0.00135485711435764,TAS1E23150139: 60Hz, 8g
TAS1E23150139,8,60,5,Proposed,15,256.524508227349,0.294868809794264,0.0761347993099458,0.00114947617220625,TAS1E23150139: 60Hz, 8g
TAS1E23150139,8,60,5,NA,15,16.3563334414523,0.0615410368705291,0.0158898273938597,0.00376252031610971,TAS1E23150139: 60Hz, 8g
TAS1E23150139,8,60,5,NA,15,16.3563334414523,0.0615410368705291,0.0158898273938597,0.00376252031610971,TAS1E23150139: 60Hz, 8g
TAS1E23150139,8,60,5,Proposed without extrapolation,15,256.524508144004,0.294869472647836,0.0761349704580021,0.00114947875655727,TAS1E23150139: 60Hz, 8g
TAS1E23150139,8,60,6,Proposed,15,215.159429091221,0.5104045971943,0.131785900317415,0.00237221579993088,TAS1E23150139: 60Hz, 8g
TAS1E23150139,8,60,6,NA,15,10.9467021284535,0.08502432254104,0.0219531856816011,0.00776711757964421,TAS1E23150139: 60Hz, 8g
TAS1E23150139,8,60,6,NA,15,10.9467021284535,0.08502432254104,0.0219531856816011,0.00776711757964421,TAS1E23150139: 60Hz, 8g
TAS1E23150139,8,60,6,Proposed without extrapolation,15,215.159429091221,0.5104045971943,0.131785900317415,0.00237221579993088,TAS1E23150139: 60Hz, 8g
TAS1E23150139,8,60,7,Proposed,15,156.753890012346,2.26186529795069,0.5840111086885,0.0144294045766427,TAS1E23150139: 60Hz, 8g
TAS1E23150139,8,60,7,NA,15,9.86115221354418,0.467119079956446,0.12060962782447,0.0473696247498201,TAS1E23150139: 60Hz, 8g
TAS1E23150139,8,60,7,NA,15,7.83363519019249,0.240490713682809,0.0620944352674038,0.0306997591595659,TAS1E23150139: 60Hz, 8g
TAS1E23150139,8,60,7,Proposed without extrapolation,15,153.880435067803,2.82330707032722,0.728974750973797,0.0183474076420645,TAS1E23150139: 60Hz, 8g
TAS1E23150139,8,60,8,Proposed,15,149.686660490491,1.25861033007111,0.32497178984867,0.00840829988421757,TAS1E23150139: 60Hz, 8g
TAS1E23150139,8,60,8,NA,15,9.17103084915641,0.293697834787719,0.0758324548633341,0.0320245171582575,TAS1E23150139: 60Hz, 8g
TAS1E23150139,8,60,8,NA,15,7.01275895570887,0.11089239460697,0.0286322931689239,0.0158129482714783,TAS1E23150139: 60Hz, 8g
TAS1E23150139,8,60,8,Proposed without extrapolation,15,145.018745604704,1.2214942294969,0.315388453888663,0.00842300920755777,TAS1E23150139: 60Hz, 8g
ActivPal3,2,20,2,Actigraph count algorithm,18,3080.45822782998,1144.51294338279,269.764287807249,0.371539835548766,ActivPal3: 20Hz, 2g
ActivPal3,2,20,3,Actigraph count algorithm,18,6053.38807792146,3787.13231572238,892.63564723267,0.625621927253467,ActivPal3: 20Hz, 2g
ActivPal3,2,20,4,Actigraph count algorithm,18,4764.39480151532,3617.85896349247,852.737535487354,0.759353310171065,ActivPal3: 20Hz, 2g
ActivPal3,2,20,5,Actigraph count algorithm,18,2008.57607469637,3260.49825440685,768.506808579328,1.62328840589208,ActivPal3: 20Hz, 2g
ActivPal3,2,20,6,Actigraph count algorithm,18,2326.91786789364,3880.74994457478,914.701533966048,1.66776404020125,ActivPal3: 20Hz, 2g
ActivPal3,2,20,7,Actigraph count algorithm,18,0,0,0,NA,ActivPal3: 20Hz, 2g
ActivPal3,2,20,8,Actigraph count algorithm,18,358.313952964281,1520.1973556088,358.313952964281,4.24264068711929,ActivPal3: 20Hz, 2g
ActivPal3,8,20,1,Actigraph count algorithm,24,1845.88736145497,4893.52216165367,998.88602842107,2.6510405043331,ActivPal3: 20Hz, 8g
CLE2B41120128,6,40,1,Actigraph count algorithm,25,5144.99498313702,60.839127819494,12.1678255638988,0.0118249148966903,CLE2B41120128: 40Hz, 6g
CLE2B41120128,6,40,2,Actigraph count algorithm,19,12164.0020765259,37.5471283030594,8.61390199437852,0.00308674135920429,CLE2B41120128: 40Hz, 6g
CLE2B41120128,6,40,3,Actigraph count algorithm,19,12217.6560676507,48.6644059870511,11.1643804128943,0.00398312128918921,CLE2B41120128: 40Hz, 6g
CLE2B41120128,6,40,4,Actigraph count algorithm,19,9441.82678019221,44.1273435378689,10.1235069014986,0.00467360231925061,CLE2B41120128: 40Hz, 6g
CLE2B41120128,6,40,5,Actigraph count algorithm,19,6947.88732001113,250.177490343431,57.3946525450337,0.0360077069216244,CLE2B41120128: 40Hz, 6g
CLE2B41120128,6,40,6,Actigraph count algorithm,19,8445.4400541088,67.4156084142885,15.4662012786944,0.00798248616796351,CLE2B41120128: 40Hz, 6g
CLE2B41120128,6,40,7,Actigraph count algorithm,19,19674.3326360353,753.590192424263,172.88544703267,0.0383032149738079,CLE2B41120128: 40Hz, 6g
CLE2B41120128,6,40,8,Actigraph count algorithm,19,22030.7302163713,983.204187447244,225.562510207819,0.0446287607260795,CLE2B41120128: 40Hz, 6g
CLE2B41120128,6,80,1,Actigraph count algorithm,31,5176.96552223389,38.9030545717085,6.98719486611581,0.00751464432293952,CLE2B41120128: 80Hz, 6g
CLE2B41120128,6,80,2,Actigraph count algorithm,31,12801.7908520029,38.4258718369881,6.90149031692439,0.0030016012822906,CLE2B41120128: 80Hz, 6g
CLE2B41120128,6,80,3,Actigraph count algorithm,25,12884.7102645367,58.9247307812196,11.7849461562439,0.0045732290110862,CLE2B41120128: 80Hz, 6g
CLE2B41120128,6,80,4,Actigraph count algorithm,25,10129.5270844701,59.666477419907,11.9332954839814,0.00589035173333842,CLE2B41120128: 80Hz, 6g
CLE2B41120128,6,80,5,Actigraph count algorithm,25,7212.27727237046,162.880025020273,32.5760050040546,0.0225837164697274,CLE2B41120128: 80Hz, 6g
CLE2B41120128,6,80,6,Actigraph count algorithm,25,5495.57185516821,103.981091445306,20.7962182890611,0.0189208865220311,CLE2B41120128: 80Hz, 6g
CLE2B41120128,6,80,7,Actigraph count algorithm,19,15474.3310428306,388.807918937629,89.198654057762,0.0251259920613995,CLE2B41120128: 80Hz, 6g
CLE2B41120128,6,80,8,Actigraph count algorithm,25,18992.5716819694,2405.63285706172,481.126571412344,0.126661775842895,CLE2B41120128: 80Hz, 6g
LG Watch R Urbane,2,100,1,Actigraph count algorithm,19,4871.03243649498,59.9893739028188,13.7625062383507,0.0123155357072483,LG Watch R Urbane: 100Hz, 2g
LG Watch R Urbane,2,100,2,Actigraph count algorithm,19,12414.9416052392,101.843515993817,23.3645049616798,0.00820330205587417,LG Watch R Urbane: 100Hz, 2g
LG Watch R Urbane,2,100,3,Actigraph count algorithm,19,12798.1659426961,84.0864505766401,19.2907547676106,0.00657019536651877,LG Watch R Urbane: 100Hz, 2g
LG Watch R Urbane,2,100,4,Actigraph count algorithm,19,8950.04002803439,274.803205854352,63.0441791410593,0.0307041314891979,LG Watch R Urbane: 100Hz, 2g
LG Watch R Urbane,2,100,5,Actigraph count algorithm,19,4777.50853645205,313.769864216502,71.9837436656952,0.0656764633328146,LG Watch R Urbane: 100Hz, 2g
LG Watch R Urbane,2,100,6,Actigraph count algorithm,19,8597.33769147826,705.792688914748,161.919947687854,0.0820943313200707,LG Watch R Urbane: 100Hz, 2g
LG Watch R Urbane,2,100,7,Actigraph count algorithm,19,7672.31457863461,935.623830005823,214.646827587572,0.121948053669657,LG Watch R Urbane: 100Hz, 2g
LG Watch R Urbane,2,100,8,Actigraph count algorithm,19,9278.50090061684,1533.81455687368,351.881192186527,0.165308445114417,LG Watch R Urbane: 100Hz, 2g
MAT2C47090050,3,30,1,Actigraph count algorithm,31,5088.70845423737,36.5231894215401,6.55975846703682,0.00717730043880333,MAT2C47090050: 30Hz, 3g
MAT2C47090050,3,30,2,Actigraph count algorithm,31,12863.0458365337,51.5952272356268,9.26677637079484,0.00401112053018467,MAT2C47090050: 30Hz, 3g
MAT2C47090050,3,30,3,Actigraph count algorithm,25,13226.617327204,57.2319814077366,11.4463962815473,0.00432703086449959,MAT2C47090050: 30Hz, 3g
MAT2C47090050,3,30,4,Actigraph count algorithm,25,10442.975391063,82.2558359869808,16.4511671973962,0.00787666664975331,MAT2C47090050: 30Hz, 3g
MAT2C47090050,3,30,5,Actigraph count algorithm,25,5276.71673746319,56.7860804524238,11.3572160904848,0.0107616313851488,MAT2C47090050: 30Hz, 3g
MAT2C47090050,3,30,6,Actigraph count algorithm,25,5018.90355521644,1022.06118509554,204.412237019108,0.203642324234992,MAT2C47090050: 30Hz, 3g
MAT2C47090050,3,30,7,Actigraph count algorithm,19,2072.10650493663,603.324033620155,138.412025934715,0.291164586464442,MAT2C47090050: 30Hz, 3g
MAT2C47090050,3,30,8,Actigraph count algorithm,25,3862.84474187499,1498.28850281771,299.657700563543,0.387871789558504,MAT2C47090050: 30Hz, 3g
Nexus 4,4,50,1,Actigraph count algorithm,18,4837.98974326581,49.2976511712241,11.6195678132472,0.0101896973303516,Nexus 4: 50Hz, 4g
Nexus 4,4,50,2,Actigraph count algorithm,18,12111.1202898003,47.6160302934182,11.22320597122,0.00393159585191467,Nexus 4: 50Hz, 4g
Nexus 4,4,50,3,Actigraph count algorithm,18,12393.6004264474,97.1210439817318,22.8916495984665,0.00783638657370943,Nexus 4: 50Hz, 4g
Nexus 4,4,50,4,Actigraph count algorithm,18,10220.9332835659,142.234816637977,33.5250677885129,0.0139160302383221,Nexus 4: 50Hz, 4g
Nexus 4,4,50,5,Actigraph count algorithm,18,7941.03206283573,598.991308307224,141.18360532528,0.0754299067888823,Nexus 4: 50Hz, 4g
Nexus 4,4,50,6,Actigraph count algorithm,18,9227.8188052496,719.735317144747,169.6432411375,0.0779962559229379,Nexus 4: 50Hz, 4g
Nexus 4,4,50,7,Actigraph count algorithm,18,17944.8139840452,1520.83242307506,358.46363980158,0.0847505259417699,Nexus 4: 50Hz, 4g
Nexus 4,4,50,8,Actigraph count algorithm,18,18629.1452962657,4858.24908880712,1145.10029179629,0.260787546156559,Nexus 4: 50Hz, 4g
TAS1C32140067,16,100,1,Actigraph count algorithm,31,5154.50819162931,61.1676317494157,10.9860309746164,0.0118668221051136,TAS1C32140067: 100Hz, 16g
TAS1C32140067,16,100,2,Actigraph count algorithm,31,12866.2251219149,115.987424374468,20.8319563860841,0.00901487602427446,TAS1C32140067: 100Hz, 16g
TAS1C32140067,16,100,3,Actigraph count algorithm,25,13146.9925667702,46.4063717846739,9.28127435693478,0.00352980893150945,TAS1C32140067: 100Hz, 16g
TAS1C32140067,16,100,4,Actigraph count algorithm,25,11239.084076982,214.821608475957,42.9643216951913,0.0191138002887547,TAS1C32140067: 100Hz, 16g
TAS1C32140067,16,100,5,Actigraph count algorithm,25,8573.92268213058,368.214046738261,73.6428093476522,0.042945809099221,TAS1C32140067: 100Hz, 16g
TAS1C32140067,16,100,6,Actigraph count algorithm,25,8922.21209257226,190.505071994388,38.1010143988776,0.0213517757723988,TAS1C32140067: 100Hz, 16g
TAS1C32140067,16,100,7,Actigraph count algorithm,19,24556.9350001096,286.271491907418,65.6751844021608,0.0116574601800322,TAS1C32140067: 100Hz, 16g
TAS1C32140067,16,100,8,Actigraph count algorithm,25,45180.7366404744,3802.91061558081,760.582123116162,0.084171062677496,TAS1C32140067: 100Hz, 16g
TAS1E23150139,8,60,1,Actigraph count algorithm,25,1865.38334112971,2400.1565293217,480.03130586434,1.28668272971073,TAS1E23150139: 60Hz, 8g
TAS1E23150139,8,60,2,Actigraph count algorithm,19,0,0,0,NA,TAS1E23150139: 60Hz, 8g
TAS1E23150139,8,60,3,Actigraph count algorithm,19,6.31578947368421,18.9181060585383,4.3401111848607,2.9953667926019,TAS1E23150139: 60Hz, 8g
TAS1E23150139,8,60,4,Actigraph count algorithm,19,2018.60934420524,5280.06888630494,1211.33087843877,2.61569624725174,TAS1E23150139: 60Hz, 8g
TAS1E23150139,8,60,5,Actigraph count algorithm,19,22298.6145529231,71.6625515064251,16.4405168448834,0.00321376699598725,TAS1E23150139: 60Hz, 8g
TAS1E23150139,8,60,6,Actigraph count algorithm,19,8601.66419060158,10422.8175597003,2391.15833945761,1.21172104940908,TAS1E23150139: 60Hz, 8g
TAS1E23150139,8,60,7,Actigraph count algorithm,19,40545.0801011657,191.609587309439,43.9582540892305,0.00472584064037724,TAS1E23150139: 60Hz, 8g
TAS1E23150139,8,60,8,Actigraph count algorithm,19,8127.72726341275,14244.678314491,3267.95332926904,1.75260289289159,TAS1E23150139: 60Hz, 8g
ActivPal3,2,20,1,ENMO_calibrated,24,0.0269675,0.000851014586295062,0.000173712625007385,0.031557044082509,ActivPal3: 20Hz, 2g
ActivPal3,2,20,1,ENMO_uncalibrated,24,1.723316,0.00757564895196962,0.00154637286689798,0.00439597203993326,ActivPal3: 20Hz, 2g
ActivPal3,2,20,2,ENMO_calibrated,18,0.346650666666667,0.00247617427876625,0.000583639874638441,0.00714314010290739,ActivPal3: 20Hz, 2g
ActivPal3,2,20,2,ENMO_uncalibrated,18,4.37947866666667,0.0146437130617647,0.00345155626924128,0.00334371147260557,ActivPal3: 20Hz, 2g
ActivPal3,2,20,3,ENMO_calibrated,18,0.837358666666667,0.110509740538481,0.0260473956406419,0.131974200468235,ActivPal3: 20Hz, 2g
ActivPal3,2,20,3,ENMO_uncalibrated,18,11.9425273333333,0.0594767007313146,0.0140187928032385,0.00498024405314162,ActivPal3: 20Hz, 2g
ActivPal3,2,20,4,ENMO_calibrated,18,1.09246866666667,0.0239008681407675,0.00563348864619406,0.0218778523082897,ActivPal3: 20Hz, 2g
ActivPal3,2,20,4,ENMO_uncalibrated,18,16.1164613333333,0.0447095547730018,0.0105381431212736,0.00277415456459601,ActivPal3: 20Hz, 2g
ActivPal3,2,20,5,ENMO_calibrated,18,1.11542133333333,0.0336410390271099,0.00792926894074357,0.0301599386902318,ActivPal3: 20Hz, 2g
ActivPal3,2,20,5,ENMO_uncalibrated,18,16.0492713333333,0.222522745020131,0.0524491139906598,0.0138649749511035,ActivPal3: 20Hz, 2g
ActivPal3,2,20,6,ENMO_calibrated,18,0.956444,0.0764344289778924,0.0180157676821298,0.0799152161317258,ActivPal3: 20Hz, 2g
ActivPal3,2,20,6,ENMO_uncalibrated,18,14.6547653333333,0.135242443459667,0.0318769496248563,0.00922856425084121,ActivPal3: 20Hz, 2g
ActivPal3,2,20,7,ENMO_calibrated,18,0.644408,0.0526581110092151,0.01241163579303,0.081715483062307,ActivPal3: 20Hz, 2g
ActivPal3,2,20,7,ENMO_uncalibrated,18,11.1132786666667,0.302406485650961,0.0712778922261956,0.0272112753329945,ActivPal3: 20Hz, 2g
ActivPal3,2,20,8,ENMO_calibrated,18,0.561379333333333,0.0219010967547021,0.00516213801022418,0.0390130085919956,ActivPal3: 20Hz, 2g
ActivPal3,2,20,8,ENMO_uncalibrated,18,10.422496,0.202315378511169,0.047686192027857,0.0194114133995513,ActivPal3: 20Hz, 2g
CLE2B41120128,6,40,1,ENMO_calibrated,25,0.00181392,0.00109194879000803,0.000218389758001606,0.601982882380717,CLE2B41120128: 40Hz, 6g
CLE2B41120128,6,40,1,ENMO_uncalibrated,25,0.00181392,0.00109194879000803,0.000218389758001606,0.601982882380717,CLE2B41120128: 40Hz, 6g
CLE2B41120128,6,40,2,ENMO_calibrated,19,1.75374568421053,0.00923455282592156,0.00211855171352527,0.00526561685030098,CLE2B41120128: 40Hz, 6g
CLE2B41120128,6,40,2,ENMO_uncalibrated,19,2.63181347368421,0.0351830678773634,0.00807154933690311,0.0133683744038712,CLE2B41120128: 40Hz, 6g
CLE2B41120128,6,40,3,ENMO_calibrated,19,7.01488042105263,0.156681233756211,0.0359451402259262,0.0223355530460632,CLE2B41120128: 40Hz, 6g
CLE2B41120128,6,40,3,ENMO_uncalibrated,19,10.8370591578947,0.236186138656513,0.0541848163299382,0.0217943018687365,CLE2B41120128: 40Hz, 6g
CLE2B41120128,6,40,4,ENMO_calibrated,19,16.1365932631579,0.0400541109789719,0.00918904326477375,0.00248219127332291,CLE2B41120128: 40Hz, 6g
CLE2B41120128,6,40,4,ENMO_uncalibrated,19,23.8983296842105,0.0616571580750747,0.0141451221681665,0.00257997771768172,CLE2B41120128: 40Hz, 6g
CLE2B41120128,6,40,5,ENMO_calibrated,19,27.96024,0.0700078285908079,0.0160608973728447,0.00250383503828321,CLE2B41120128: 40Hz, 6g
CLE2B41120128,6,40,5,ENMO_uncalibrated,19,40.1989004210526,0.0967174107354428,0.0221884957619322,0.00240597154953002,CLE2B41120128: 40Hz, 6g
CLE2B41120128,6,40,6,ENMO_calibrated,19,41.4268301052632,0.0609151157941155,0.0139748859937172,0.00147042666888424,CLE2B41120128: 40Hz, 6g
CLE2B41120128,6,40,6,ENMO_uncalibrated,19,58.5057738947368,0.105440863142382,0.0241897929977551,0.0018022300385615,CLE2B41120128: 40Hz, 6g
CLE2B41120128,6,40,7,ENMO_calibrated,19,45.13578,0.077510125170846,0.0177820422484687,0.00171726566309137,CLE2B41120128: 40Hz, 6g
CLE2B41120128,6,40,7,ENMO_uncalibrated,19,63.5001536842105,0.0820996005221372,0.0188349401042661,0.00129290396571987,CLE2B41120128: 40Hz, 6g
CLE2B41120128,6,40,8,ENMO_calibrated,19,45.4240345263158,0.0806649573065229,0.0185058103781135,0.00177582106362196,CLE2B41120128: 40Hz, 6g
CLE2B41120128,6,40,8,ENMO_uncalibrated,19,63.8918204210526,0.104616576140536,0.0240006885903066,0.00163740171200482,CLE2B41120128: 40Hz, 6g
CLE2B41120128,6,80,1,ENMO_calibrated,31,0.168749419354839,0.000872479714155523,0.000156701982573137,0.00517026794812794,CLE2B41120128: 80Hz, 6g
CLE2B41120128,6,80,1,ENMO_uncalibrated,31,0.0130021935483871,0.00157461117781195,0.00028280851616565,0.121103502416888,CLE2B41120128: 80Hz, 6g
CLE2B41120128,6,80,2,ENMO_calibrated,31,2.32174180645161,0.00519001768410191,0.000932154693677426,0.00223539829867386,CLE2B41120128: 80Hz, 6g
CLE2B41120128,6,80,2,ENMO_uncalibrated,31,3.03028335483871,0.00738965266458624,0.00132722079869597,0.00243860121291514,CLE2B41120128: 80Hz, 6g
CLE2B41120128,6,80,3,ENMO_calibrated,25,9.09083904,0.0171053440491559,0.00342106880983118,0.00188160234428217,CLE2B41120128: 80Hz, 6g
CLE2B41120128,6,80,3,ENMO_uncalibrated,25,11.8919832,0.0212234166900619,0.00424468333801237,0.00178468270036421,CLE2B41120128: 80Hz, 6g
CLE2B41120128,6,80,4,ENMO_calibrated,25,20.62295184,0.0471719217399508,0.00943438434799015,0.00228735062303044,CLE2B41120128: 80Hz, 6g
CLE2B41120128,6,80,4,ENMO_uncalibrated,25,26.1739344,0.0590875421387623,0.0118175084277525,0.00225749561513237,CLE2B41120128: 80Hz, 6g
CLE2B41120128,6,80,5,ENMO_calibrated,25,35.69079792,0.103218058168908,0.0206436116337816,0.00289200758134544,CLE2B41120128: 80Hz, 6g
CLE2B41120128,6,80,5,ENMO_uncalibrated,25,44.47641312,0.124672243227433,0.0249344486454866,0.00280310920961768,CLE2B41120128: 80Hz, 6g
CLE2B41120128,6,80,6,ENMO_calibrated,25,51.89927664,0.0831107001428828,0.0166221400285766,0.00160138455723345,CLE2B41120128: 80Hz, 6g
CLE2B41120128,6,80,6,ENMO_uncalibrated,25,63.99391008,0.104208574254522,0.0208417148509044,0.00162841392445389,CLE2B41120128: 80Hz, 6g
CLE2B41120128,6,80,7,ENMO_calibrated,19,56.6880157894737,0.0665453911915933,0.015266559755923,0.00117388817133286,CLE2B41120128: 80Hz, 6g
CLE2B41120128,6,80,7,ENMO_uncalibrated,19,69.5220006315789,0.0969036561104829,0.022231223381327,0.00139385597695913,CLE2B41120128: 80Hz, 6g
CLE2B41120128,6,80,8,ENMO_calibrated,25,57.21993552,0.15134853828749,0.030269707657498,0.00264503161200854,CLE2B41120128: 80Hz, 6g
CLE2B41120128,6,80,8,ENMO_uncalibrated,25,70.223028,0.161814062738688,0.0323628125477375,0.00230428774359727,CLE2B41120128: 80Hz, 6g
LG Watch R Urbane,2,100,1,ENMO_calibrated,18,0.186084666666667,0.00141096896201324,0.000332568573694435,0.00758240314630923,LG Watch R Urbane: 100Hz, 2g
LG Watch R Urbane,2,100,1,ENMO_uncalibrated,18,0.035804,0.00575378635437263,0.0013561804495585,0.160702333660279,LG Watch R Urbane: 100Hz, 2g
LG Watch R Urbane,2,100,2,ENMO_calibrated,18,2.53044333333333,0.0119883266555428,0.00282567569107126,0.00473763885467086,LG Watch R Urbane: 100Hz, 2g
LG Watch R Urbane,2,100,2,ENMO_uncalibrated,18,2.771282,0.0213509049704883,0.00503245656303395,0.0077043422396163,LG Watch R Urbane: 100Hz, 2g
LG Watch R Urbane,2,100,3,ENMO_calibrated,18,9.92627066666667,0.0175816863542388,0.00414404321525907,0.00177122777976221,LG Watch R Urbane: 100Hz, 2g
LG Watch R Urbane,2,100,3,ENMO_uncalibrated,18,11.461556,0.0286197349599269,0.00674573622197534,0.00249702003462068,LG Watch R Urbane: 100Hz, 2g
LG Watch R Urbane,2,100,4,ENMO_calibrated,18,15.9724653333333,0.0341954665863596,0.00805994876968429,0.00214090097381499,LG Watch R Urbane: 100Hz, 2g
LG Watch R Urbane,2,100,4,ENMO_uncalibrated,18,18.427914,0.0610168158461259,0.0143818014170688,0.00331110812901156,LG Watch R Urbane: 100Hz, 2g
LG Watch R Urbane,2,100,5,ENMO_calibrated,18,17.6037206666667,0.0454772130399647,0.0107190819100081,0.00258338642728396,LG Watch R Urbane: 100Hz, 2g
LG Watch R Urbane,2,100,5,ENMO_uncalibrated,18,20.2423046666667,0.0520813814626574,0.0122756993352695,0.00257289781575221,LG Watch R Urbane: 100Hz, 2g
LG Watch R Urbane,2,100,6,ENMO_calibrated,18,18.289634,0.0439872045619684,0.0103678835437359,0.00240503470774584,LG Watch R Urbane: 100Hz, 2g
LG Watch R Urbane,2,100,6,ENMO_uncalibrated,18,21.051212,0.0695984951155768,0.0164045226188677,0.00330615145178229,LG Watch R Urbane: 100Hz, 2g
LG Watch R Urbane,2,100,7,ENMO_calibrated,18,18.350996,0.0377213132826086,0.00889099880579823,0.00205554582882632,LG Watch R Urbane: 100Hz, 2g
LG Watch R Urbane,2,100,7,ENMO_uncalibrated,18,20.8944113333333,0.122360042161022,0.0288405385194434,0.00585611339840993,LG Watch R Urbane: 100Hz, 2g
LG Watch R Urbane,2,100,8,ENMO_calibrated,18,18.289706,0.0629079168720158,0.0148275382035073,0.00343952586619029,LG Watch R Urbane: 100Hz, 2g
LG Watch R Urbane,2,100,8,ENMO_uncalibrated,18,20.878628,0.108583651314118,0.025593412056736,0.00520070817460408,LG Watch R Urbane: 100Hz, 2g
MAT2C47090050,3,30,1,ENMO_calibrated,31,0.16987664516129,0.0016827140289502,0.000302224361394292,0.00990550541749006,MAT2C47090050: 30Hz, 3g
MAT2C47090050,3,30,1,ENMO_uncalibrated,31,0.496019225806452,0.0124651153296167,0.00223880080357439,0.0251303068129069,MAT2C47090050: 30Hz, 3g
MAT2C47090050,3,30,2,ENMO_calibrated,31,2.30425703225806,0.012368928726137,0.00222152517960549,0.00536785981467357,MAT2C47090050: 30Hz, 3g
MAT2C47090050,3,30,2,ENMO_uncalibrated,31,3.37543238709677,0.0239807767982015,0.00430707465967766,0.00710450515610165,MAT2C47090050: 30Hz, 3g
MAT2C47090050,3,30,3,ENMO_calibrated,25,9.013716,0.0310375184575055,0.00620750369150109,0.00344336547296425,MAT2C47090050: 30Hz, 3g
MAT2C47090050,3,30,3,ENMO_uncalibrated,25,11.91167136,0.0352565533516819,0.00705131067033638,0.00295983261174206,MAT2C47090050: 30Hz, 3g
MAT2C47090050,3,30,4,ENMO_calibrated,25,19.90179792,0.0696836116469286,0.0139367223293857,0.00350137268637931,MAT2C47090050: 30Hz, 3g
MAT2C47090050,3,30,4,ENMO_uncalibrated,25,25.02344832,0.0848983615304792,0.0169796723060958,0.00339275228756638,MAT2C47090050: 30Hz, 3g
MAT2C47090050,3,30,5,ENMO_calibrated,25,23.12870112,0.142639552899468,0.0285279105798936,0.0061672098298734,MAT2C47090050: 30Hz, 3g
MAT2C47090050,3,30,5,ENMO_uncalibrated,25,28.45308144,0.0678133137653659,0.0135626627530732,0.00238333812484831,MAT2C47090050: 30Hz, 3g
MAT2C47090050,3,30,6,ENMO_calibrated,25,23.6148576,0.173472300878267,0.0346944601756534,0.00734589654600614,MAT2C47090050: 30Hz, 3g
MAT2C47090050,3,30,6,ENMO_uncalibrated,25,28.47840432,0.239577354427667,0.0479154708855334,0.00841259755060837,MAT2C47090050: 30Hz, 3g
MAT2C47090050,3,30,7,ENMO_calibrated,19,22.3787298947368,0.249058709649372,0.0571379866510658,0.011129260276203,MAT2C47090050: 30Hz, 3g
MAT2C47090050,3,30,7,ENMO_uncalibrated,19,26.893056,0.424293790253876,0.0973396712678151,0.0157770760695205,MAT2C47090050: 30Hz, 3g
MAT2C47090050,3,30,8,ENMO_calibrated,25,21.13817472,1.61853206895414,0.323706413790827,0.0765691499097485,MAT2C47090050: 30Hz, 3g
MAT2C47090050,3,30,8,ENMO_uncalibrated,25,26.35517616,1.90265799016866,0.380531598033732,0.0721929528612439,MAT2C47090050: 30Hz, 3g
Nexus 4,4,50,1,ENMO_calibrated,18,0.198157333333333,0.00314000164855708,0.00074010548621055,0.0158460027481046,Nexus 4: 50Hz, 4g
Nexus 4,4,50,1,ENMO_uncalibrated,18,0.107858666666667,0.0142168902366164,0.00335095316456544,0.131810365137864,Nexus 4: 50Hz, 4g
Nexus 4,4,50,2,ENMO_calibrated,18,2.667494,0.014461258085373,0.00340855121888534,0.00542128982684609,Nexus 4: 50Hz, 4g
Nexus 4,4,50,2,ENMO_uncalibrated,18,2.87993533333333,0.0220022883622697,0.00518598910086092,0.00763985500216198,Nexus 4: 50Hz, 4g
Nexus 4,4,50,3,ENMO_calibrated,18,10.3738553333333,0.0412072506298416,0.00971264211813821,0.00397222144571789,Nexus 4: 50Hz, 4g
Nexus 4,4,50,3,ENMO_uncalibrated,18,11.4014346666667,0.0644940031649091,0.0152013823279246,0.0056566568199934,Nexus 4: 50Hz, 4g
Nexus 4,4,50,4,ENMO_calibrated,18,23.3878813333333,0.0643889043419211,0.0151766102977815,0.00275308838044049,Nexus 4: 50Hz, 4g
Nexus 4,4,50,4,ENMO_uncalibrated,18,25.5309446666667,0.0769318712108312,0.0181330159408496,0.00301327946205116,Nexus 4: 50Hz, 4g
Nexus 4,4,50,5,ENMO_calibrated,18,36.9862246666667,0.147863202121579,0.0348516909693752,0.00399779116290393,Nexus 4: 50Hz, 4g
Nexus 4,4,50,5,ENMO_uncalibrated,18,40.1041473333333,0.16406039211289,0.0386694052623829,0.0040908585027197,Nexus 4: 50Hz, 4g
Nexus 4,4,50,6,ENMO_calibrated,18,40.2238746666667,0.234760468515063,0.0553335730805108,0.00583634645991994,Nexus 4: 50Hz, 4g
Nexus 4,4,50,6,ENMO_uncalibrated,18,43.6879726666667,0.223457941510254,0.0526695419172958,0.00511486177706637,Nexus 4: 50Hz, 4g
Nexus 4,4,50,7,ENMO_calibrated,18,40.7527826666667,0.0958893914466037,0.0226013463119149,0.00235295322606364,Nexus 4: 50Hz, 4g
Nexus 4,4,50,7,ENMO_uncalibrated,18,44.3873286666667,0.247347559675949,0.0583003789189359,0.00557248131631084,Nexus 4: 50Hz, 4g
Nexus 4,4,50,8,ENMO_calibrated,18,40.869152,0.686012602871026,0.161694721156512,0.0167855844640727,Nexus 4: 50Hz, 4g
Nexus 4,4,50,8,ENMO_uncalibrated,18,44.612452,0.715090680847747,0.168548489863582,0.0160289481700702,Nexus 4: 50Hz, 4g
TAS1C32140067,16,100,1,ENMO_calibrated,31,0.257438709677419,0.00284301368496587,0.000510620331554549,0.0110434584159013,TAS1C32140067: 100Hz, 16g
TAS1C32140067,16,100,1,ENMO_uncalibrated,31,0.200892,0.0101859861378268,0.00182945711672493,0.0507037917778051,TAS1C32140067: 100Hz, 16g
TAS1C32140067,16,100,2,ENMO_calibrated,31,3.32789574193548,0.0116126071691294,0.00208568581792978,0.00348947445161716,TAS1C32140067: 100Hz, 16g
TAS1C32140067,16,100,2,ENMO_uncalibrated,31,3.25760516129032,0.0162676201641928,0.0029217508328467,0.00499373599891685,TAS1C32140067: 100Hz, 16g
TAS1C32140067,16,100,3,ENMO_calibrated,25,12.57770688,0.0304227439156957,0.00608454878313914,0.00241878302666374,TAS1C32140067: 100Hz, 16g
TAS1C32140067,16,100,3,ENMO_uncalibrated,25,12.44852208,0.0272022727021111,0.00544045454042223,0.00218518090157985,TAS1C32140067: 100Hz, 16g
TAS1C32140067,16,100,4,ENMO_calibrated,25,28.19428752,0.0963255183934142,0.0192651036786828,0.00341649060381769,TAS1C32140067: 100Hz, 16g
TAS1C32140067,16,100,4,ENMO_uncalibrated,25,27.9974232,0.0873779545423221,0.0174755909084644,0.00312092844824098,TAS1C32140067: 100Hz, 16g
TAS1C32140067,16,100,5,ENMO_calibrated,25,48.63494928,0.156406297408254,0.0312812594816508,0.00321592393379081,TAS1C32140067: 100Hz, 16g
TAS1C32140067,16,100,5,ENMO_uncalibrated,25,48.24862848,0.15880821805486,0.0317616436109721,0.00329145559278829,TAS1C32140067: 100Hz, 16g
TAS1C32140067,16,100,6,ENMO_calibrated,25,75.02500416,0.287605832966996,0.0575211665933993,0.00383346640479542,TAS1C32140067: 100Hz, 16g
TAS1C32140067,16,100,6,ENMO_uncalibrated,25,74.43079728,0.284890371758962,0.0569780743517925,0.00382758726454639,TAS1C32140067: 100Hz, 16g
TAS1C32140067,16,100,7,ENMO_calibrated,19,107.539647789474,0.264971237474638,0.0607885708998349,0.00246393997861479,TAS1C32140067: 100Hz, 16g
TAS1C32140067,16,100,7,ENMO_uncalibrated,19,106.693452631579,0.265482632847386,0.0609058930445719,0.00248827483129746,TAS1C32140067: 100Hz, 16g
TAS1C32140067,16,100,8,ENMO_calibrated,25,127.8386376,3.01443331235574,0.602886662471148,0.0235799862150263,TAS1C32140067: 100Hz, 16g
TAS1C32140067,16,100,8,ENMO_uncalibrated,25,127.186308,3.03105041111098,0.606210082222195,0.0238315779329877,TAS1C32140067: 100Hz, 16g
TAS1E23150139,8,60,1,ENMO_calibrated,25,0.0008736,0.000577165487533688,0.000115433097506738,0.660674779685999,TAS1E23150139: 60Hz, 8g
TAS1E23150139,8,60,1,ENMO_uncalibrated,25,0.0008736,0.000577165487533688,0.000115433097506738,0.660674779685999,TAS1E23150139: 60Hz, 8g
TAS1E23150139,8,60,2,ENMO_calibrated,19,3.09992463157895,0.0135822074634041,0.00311597209279907,0.00438146377013237,TAS1E23150139: 60Hz, 8g
TAS1E23150139,8,60,2,ENMO_uncalibrated,19,2.73848778947368,0.0134887076045893,0.00309452175407228,0.00492560443630159,TAS1E23150139: 60Hz, 8g
TAS1E23150139,8,60,3,ENMO_calibrated,19,11.5898178947368,0.24539784968131,0.0562981277748954,0.0211735725194396,TAS1E23150139: 60Hz, 8g
TAS1E23150139,8,60,3,ENMO_uncalibrated,19,11.1367762105263,0.242434251245244,0.0556182316647878,0.021768799755184,TAS1E23150139: 60Hz, 8g
TAS1E23150139,8,60,4,ENMO_calibrated,19,25.4695269473684,0.0508063517786178,0.0116557764785775,0.00199478976910748,TAS1E23150139: 60Hz, 8g
TAS1E23150139,8,60,4,ENMO_uncalibrated,19,24.8241650526316,0.0500618373319694,0.0114849731504224,0.0020166574475246,TAS1E23150139: 60Hz, 8g
TAS1E23150139,8,60,5,ENMO_calibrated,19,43.2935172631579,0.0929328994829914,0.0213202693356096,0.00214657771781633,TAS1E23150139: 60Hz, 8g
TAS1E23150139,8,60,5,ENMO_uncalibrated,19,42.3799237894737,0.0915157089949154,0.0209951435397533,0.00215941183494167,TAS1E23150139: 60Hz, 8g
TAS1E23150139,8,60,6,ENMO_calibrated,19,65.2926486315789,0.125702488851967,0.0288381287293301,0.00192521656704811,TAS1E23150139: 60Hz, 8g
TAS1E23150139,8,60,6,ENMO_uncalibrated,19,64.0379204210526,0.123718199935856,0.0283829016314293,0.00193195217962111,TAS1E23150139: 60Hz, 8g
TAS1E23150139,8,60,7,ENMO_calibrated,19,83.5100974736842,0.542735450982579,0.124512051784739,0.00649903984549421,TAS1E23150139: 60Hz, 8g
TAS1E23150139,8,60,7,ENMO_uncalibrated,19,81.9703711578947,0.534171329336828,0.122547307532422,0.00651663914401321,TAS1E23150139: 60Hz, 8g
TAS1E23150139,8,60,8,ENMO_calibrated,19,84.8998541052632,0.487099848725301,0.111748369263554,0.00573734612218967,TAS1E23150139: 60Hz, 8g
TAS1E23150139,8,60,8,ENMO_uncalibrated,19,83.3385031578947,0.479447640967681,0.10999283240511,0.00575301478668642,TAS1E23150139: 60Hz, 8g
