resample,low_bandwidth,high_bandwidth,use_extrapolate,use_interpolate,name,DEVICE,GRANGE,SR,RPM,N,mean,sd,se,cv,SERIES
50,0.2,5,TRUE,TRUE,Proposed,ActivPal3,2,20,2,18,43.0862817794904,0.427459404876766,0.100753147956776,0.0099210093612729,ActivPal3: 20Hz, 2g
50,0.2,5,TRUE,TRUE,Proposed,ActivPal3,2,20,3,18,94.9280054786945,0.995784517186797,0.234708661567785,0.0104898919150923,ActivPal3: 20Hz, 2g
50,0.2,5,TRUE,TRUE,Proposed,ActivPal3,2,20,4,18,138.06009838469,1.83960815516396,0.43359980041417,0.0133246910344659,ActivPal3: 20Hz, 2g
50,0.2,5,TRUE,TRUE,Proposed,ActivPal3,2,20,5,18,116.307273617649,6.1567512095669,1.45116017678774,0.0529352207997474,ActivPal3: 20Hz, 2g
50,0.2,5,TRUE,TRUE,Proposed,ActivPal3,2,20,6,18,84.0505312401067,1.0863837505556,0.256063105662914,0.0129253644745223,ActivPal3: 20Hz, 2g
50,0.2,5,TRUE,TRUE,Proposed,ActivPal3,2,20,7,18,78.7011013677261,3.29011046738248,0.775486474112998,0.0418051388126024,ActivPal3: 20Hz, 2g
50,0.2,5,TRUE,TRUE,Proposed,ActivPal3,2,20,8,18,72.7955850276087,2.33321273384231,0.549943515350233,0.0320515692395,ActivPal3: 20Hz, 2g
50,0.2,5,TRUE,TRUE,Proposed,CLE2B41120128,6,40,2,18,41.3234712163285,0.354221384107839,0.0834907809146459,0.00857191745227522,CLE2B41120128: 40Hz, 6g
50,0.2,5,TRUE,TRUE,Proposed,CLE2B41120128,6,40,3,18,91.7208149326561,0.748774899406993,0.176487936317653,0.00816363112295462,CLE2B41120128: 40Hz, 6g
50,0.2,5,TRUE,TRUE,Proposed,CLE2B41120128,6,40,4,18,151.452888458978,1.27438612982149,0.300375691415618,0.00841440624070145,CLE2B41120128: 40Hz, 6g
50,0.2,5,TRUE,TRUE,Proposed,CLE2B41120128,6,40,5,18,175.150728267203,1.27781058620568,0.301182843525997,0.00729549113981586,CLE2B41120128: 40Hz, 6g
50,0.2,5,TRUE,TRUE,Proposed,CLE2B41120128,6,40,6,18,145.848579753019,0.707497409355393,0.166758738609038,0.004850903660176,CLE2B41120128: 40Hz, 6g
50,0.2,5,TRUE,TRUE,Proposed,CLE2B41120128,6,40,7,18,95.7721348805629,1.98660605593751,0.468247537899891,0.0207430486791904,CLE2B41120128: 40Hz, 6g
50,0.2,5,TRUE,TRUE,Proposed,CLE2B41120128,6,40,8,18,90.2069786663635,2.61311586892584,0.615917316981213,0.0289680012296013,CLE2B41120128: 40Hz, 6g
50,0.2,5,TRUE,TRUE,Proposed,CLE2B41120128,6,80,1,30,11.0136637503633,0.0933736227995384,0.0170476131610953,0.00847798016318216,CLE2B41120128: 80Hz, 6g
50,0.2,5,TRUE,TRUE,Proposed,CLE2B41120128,6,80,2,30,43.1631039220777,0.261886647208233,0.0478137413951154,0.00606737290443746,CLE2B41120128: 80Hz, 6g
50,0.2,5,TRUE,TRUE,Proposed,CLE2B41120128,6,80,3,24,95.6222924114791,0.626337645679844,0.127850636550979,0.00655012162838144,CLE2B41120128: 80Hz, 6g
50,0.2,5,TRUE,TRUE,Proposed,CLE2B41120128,6,80,4,24,158.874934527769,1.16139865779358,0.237069508295627,0.00731014405290334,CLE2B41120128: 80Hz, 6g
50,0.2,5,TRUE,TRUE,Proposed,CLE2B41120128,6,80,5,24,184.317218094031,1.24211582267464,0.253545830582518,0.00673901133881569,CLE2B41120128: 80Hz, 6g
50,0.2,5,TRUE,TRUE,Proposed,CLE2B41120128,6,80,6,24,154.962413590954,0.788727414011629,0.160998309206115,0.00508979820160513,CLE2B41120128: 80Hz, 6g
50,0.2,5,TRUE,TRUE,Proposed,CLE2B41120128,6,80,7,18,104.231474189513,0.680671818395362,0.160435886183313,0.00653038656210281,CLE2B41120128: 80Hz, 6g
50,0.2,5,TRUE,TRUE,Proposed,CLE2B41120128,6,80,8,24,80.6355642994174,1.56947444101181,0.320367628734899,0.0194637993129682,CLE2B41120128: 80Hz, 6g
50,0.2,5,TRUE,TRUE,Proposed,LG Watch R Urbane,2,100,1,18,10.4694657560732,0.0977236459860199,0.0230336842529961,0.00933415785130502,LG Watch R Urbane: 100Hz, 2g
50,0.2,5,TRUE,TRUE,Proposed,LG Watch R Urbane,2,100,2,18,41.3608085576721,0.323861310699054,0.0763348429864214,0.00783014940937319,LG Watch R Urbane: 100Hz, 2g
50,0.2,5,TRUE,TRUE,Proposed,LG Watch R Urbane,2,100,3,18,92.8415594084958,0.745571656180044,0.175732924648465,0.00803058092658252,LG Watch R Urbane: 100Hz, 2g
50,0.2,5,TRUE,TRUE,Proposed,LG Watch R Urbane,2,100,4,18,167.204691621314,3.32691107785752,0.784160461185899,0.0198972352127075,LG Watch R Urbane: 100Hz, 2g
50,0.2,5,TRUE,TRUE,Proposed,LG Watch R Urbane,2,100,5,18,203.762347840715,5.26265097866127,1.24041873134314,0.0258273966433445,LG Watch R Urbane: 100Hz, 2g
50,0.2,5,TRUE,TRUE,Proposed,LG Watch R Urbane,2,100,6,18,144.722049976013,4.27372206578191,1.00732595120699,0.0295305523000142,LG Watch R Urbane: 100Hz, 2g
50,0.2,5,TRUE,TRUE,Proposed,LG Watch R Urbane,2,100,7,18,86.2877068958508,5.82478707631403,1.3729154802098,0.0675042516003414,LG Watch R Urbane: 100Hz, 2g
50,0.2,5,TRUE,TRUE,Proposed,LG Watch R Urbane,2,100,8,18,72.0752982120507,8.76485912604643,2.06589710805741,0.121606976918217,LG Watch R Urbane: 100Hz, 2g
50,0.2,5,TRUE,TRUE,Proposed,MAT2C47090050,3,30,1,30,10.9225799773562,0.097771013810142,0.0178504632446546,0.00895127470000977,MAT2C47090050: 30Hz, 3g
50,0.2,5,TRUE,TRUE,Proposed,MAT2C47090050,3,30,2,30,43.3192152364232,0.31367050673472,0.0572681373875607,0.00724090925984694,MAT2C47090050: 30Hz, 3g
50,0.2,5,TRUE,TRUE,Proposed,MAT2C47090050,3,30,3,24,97.6275684878812,0.705481184103127,0.144005743682262,0.00722624966523365,MAT2C47090050: 30Hz, 3g
50,0.2,5,TRUE,TRUE,Proposed,MAT2C47090050,3,30,4,24,169.196345706503,1.36142265719087,0.277899236198471,0.00804640698063575,MAT2C47090050: 30Hz, 3g
50,0.2,5,TRUE,TRUE,Proposed,MAT2C47090050,3,30,5,24,180.505682230192,3.52963411130021,0.720483545950624,0.0195541440451664,MAT2C47090050: 30Hz, 3g
50,0.2,5,TRUE,TRUE,Proposed,MAT2C47090050,3,30,6,24,108.663804418841,2.33213342035153,0.476044740996078,0.02146191579454,MAT2C47090050: 30Hz, 3g
50,0.2,5,TRUE,TRUE,Proposed,MAT2C47090050,3,30,7,18,57.7269435864624,0.931495071487173,0.219555493896809,0.016136227099777,MAT2C47090050: 30Hz, 3g
50,0.2,5,TRUE,TRUE,Proposed,MAT2C47090050,3,30,8,24,40.5630910502882,2.85748046451429,0.583280757335921,0.0704453331964203,MAT2C47090050: 30Hz, 3g
50,0.2,5,TRUE,TRUE,Proposed,Nexus 4,4,50,1,18,10.4871627653741,0.129829306039519,0.0306010608990959,0.0123798313179788,Nexus 4: 50Hz, 4g
50,0.2,5,TRUE,TRUE,Proposed,Nexus 4,4,50,2,18,41.4746910575766,0.346074501237672,0.0815705422069701,0.00834423337252204,Nexus 4: 50Hz, 4g
50,0.2,5,TRUE,TRUE,Proposed,Nexus 4,4,50,3,18,93.0418871530507,0.715229202126657,0.168581139642134,0.00768717428259091,Nexus 4: 50Hz, 4g
50,0.2,5,TRUE,TRUE,Proposed,Nexus 4,4,50,4,18,156.357473216132,1.41435065620888,0.333365646660314,0.0090456223621229,Nexus 4: 50Hz, 4g
50,0.2,5,TRUE,TRUE,Proposed,Nexus 4,4,50,5,18,188.947306656527,2.19047603339109,0.516300152412484,0.0115930524343117,Nexus 4: 50Hz, 4g
50,0.2,5,TRUE,TRUE,Proposed,Nexus 4,4,50,6,18,142.755798701918,1.36890173767175,0.322653233828581,0.0095891147688515,Nexus 4: 50Hz, 4g
50,0.2,5,TRUE,TRUE,Proposed,Nexus 4,4,50,7,18,95.1940772170681,1.86653382324755,0.439946241244131,0.0196076675967072,Nexus 4: 50Hz, 4g
50,0.2,5,TRUE,TRUE,Proposed,Nexus 4,4,50,8,18,92.0654317331436,10.624783505012,2.50428548834433,0.115404699733647,Nexus 4: 50Hz, 4g
50,0.2,5,TRUE,TRUE,Proposed,TAS1C32140067,16,100,1,30,10.995594941327,0.0965220536846645,0.0176224353666051,0.00877824748908178,TAS1C32140067: 100Hz, 16g
50,0.2,5,TRUE,TRUE,Proposed,TAS1C32140067,16,100,2,30,43.3803812115396,0.251683986098788,0.0459509988497076,0.0058017928628031,TAS1C32140067: 100Hz, 16g
50,0.2,5,TRUE,TRUE,Proposed,TAS1C32140067,16,100,3,24,97.3128169255999,0.620811736159079,0.126722664993423,0.00637954748174352,TAS1C32140067: 100Hz, 16g
50,0.2,5,TRUE,TRUE,Proposed,TAS1C32140067,16,100,4,24,164.100217296328,1.16370182101006,0.237539639518522,0.00709140938496555,TAS1C32140067: 100Hz, 16g
50,0.2,5,TRUE,TRUE,Proposed,TAS1C32140067,16,100,5,24,193.683642481778,1.26495485042119,0.258207827599212,0.00653103604523652,TAS1C32140067: 100Hz, 16g
50,0.2,5,TRUE,TRUE,Proposed,TAS1C32140067,16,100,6,24,158.891704677452,0.771401631628846,0.157461698686755,0.00485488926684235,TAS1C32140067: 100Hz, 16g
50,0.2,5,TRUE,TRUE,Proposed,TAS1C32140067,16,100,7,18,115.284577608948,0.38008877248398,0.089587782825431,0.00329696114057219,TAS1C32140067: 100Hz, 16g
50,0.2,5,TRUE,TRUE,Proposed,TAS1C32140067,16,100,8,24,95.6902376736555,1.60558079392113,0.327737807159956,0.0167789403909398,TAS1C32140067: 100Hz, 16g
50,0.2,5,TRUE,TRUE,Proposed,TAS1E23150139,8,60,2,18,41.3868878257216,0.321912883093202,0.0758755941955052,0.00777813698987862,TAS1E23150139: 60Hz, 8g
50,0.2,5,TRUE,TRUE,Proposed,TAS1E23150139,8,60,3,18,92.1401712274161,0.743563556956459,0.175259611122367,0.00806991724729087,TAS1E23150139: 60Hz, 8g
50,0.2,5,TRUE,TRUE,Proposed,TAS1E23150139,8,60,4,18,152.851757717228,1.2666927591193,0.298562346551052,0.00828706701209582,TAS1E23150139: 60Hz, 8g
50,0.2,5,TRUE,TRUE,Proposed,TAS1E23150139,8,60,5,18,177.670543873447,1.29370527806357,0.304929258325193,0.00728148431281362,TAS1E23150139: 60Hz, 8g
50,0.2,5,TRUE,TRUE,Proposed,TAS1E23150139,8,60,6,18,143.396357145656,0.673109033735016,0.158653320743985,0.00469404556108286,TAS1E23150139: 60Hz, 8g
50,0.2,5,TRUE,TRUE,Proposed,TAS1E23150139,8,60,7,18,97.9630515273399,1.74422296148617,0.411117294656051,0.017804906383499,TAS1E23150139: 60Hz, 8g
50,0.2,5,TRUE,TRUE,Proposed,TAS1E23150139,8,60,8,18,92.9297333379527,2.75597826945211,0.649590307710785,0.0296565821342625,TAS1E23150139: 60Hz, 8g
50,0.2,5,FALSE,TRUE,Proposed without extrapolation,ActivPal3,2,20,2,18,43.0862817803436,0.427459401115167,0.100753147070158,0.00992100927377258,ActivPal3: 20Hz, 2g
50,0.2,5,FALSE,TRUE,Proposed without extrapolation,ActivPal3,2,20,3,18,94.7803538291579,0.96238220042043,0.226835660003506,0.0101538152321644,ActivPal3: 20Hz, 2g
50,0.2,5,FALSE,TRUE,Proposed without extrapolation,ActivPal3,2,20,4,18,117.271428864033,1.30581018497491,0.307782412246072,0.0111349388135186,ActivPal3: 20Hz, 2g
50,0.2,5,FALSE,TRUE,Proposed without extrapolation,ActivPal3,2,20,5,18,93.882371959264,3.15864265530934,0.744499213638107,0.0336446831219805,ActivPal3: 20Hz, 2g
50,0.2,5,FALSE,TRUE,Proposed without extrapolation,ActivPal3,2,20,6,18,65.3001408133814,0.749508910594208,0.176660944413635,0.0114779064984898,ActivPal3: 20Hz, 2g
50,0.2,5,FALSE,TRUE,Proposed without extrapolation,ActivPal3,2,20,7,18,63.3832692526948,2.80742559572499,0.661716558804609,0.0442928493406111,ActivPal3: 20Hz, 2g
50,0.2,5,FALSE,TRUE,Proposed without extrapolation,ActivPal3,2,20,8,18,59.9863028700427,1.91791474707242,0.452056841130863,0.0319725446528599,ActivPal3: 20Hz, 2g
50,0.2,5,FALSE,TRUE,Proposed without extrapolation,CLE2B41120128,6,40,2,18,41.323471215958,0.354221383879992,0.0834907808609418,0.00857191744683833,CLE2B41120128: 40Hz, 6g
50,0.2,5,FALSE,TRUE,Proposed without extrapolation,CLE2B41120128,6,40,3,18,91.7208149288511,0.748774898081062,0.176487936005128,0.00816363110883713,CLE2B41120128: 40Hz, 6g
50,0.2,5,FALSE,TRUE,Proposed without extrapolation,CLE2B41120128,6,40,4,18,151.452888457572,1.27438613947375,0.300375693690677,0.00841440630451069,CLE2B41120128: 40Hz, 6g
50,0.2,5,FALSE,TRUE,Proposed without extrapolation,CLE2B41120128,6,40,5,18,175.150728266847,1.27781058503503,0.301182843250074,0.00729549113314706,CLE2B41120128: 40Hz, 6g
50,0.2,5,FALSE,TRUE,Proposed without extrapolation,CLE2B41120128,6,40,6,18,138.098161514385,0.634332494318748,0.149513602753255,0.00459334496102377,CLE2B41120128: 40Hz, 6g
50,0.2,5,FALSE,TRUE,Proposed without extrapolation,CLE2B41120128,6,40,7,18,81.6659832073785,1.92643037995733,0.454063995050535,0.023589140842956,CLE2B41120128: 40Hz, 6g
50,0.2,5,FALSE,TRUE,Proposed without extrapolation,CLE2B41120128,6,40,8,18,76.2789894497585,2.60166739128341,0.613218884922805,0.0341072608597812,CLE2B41120128: 40Hz, 6g
50,0.2,5,FALSE,TRUE,Proposed without extrapolation,CLE2B41120128,6,80,1,30,11.0136637501169,0.0933736223161586,0.0170476130728426,0.00847798011948269,CLE2B41120128: 80Hz, 6g
50,0.2,5,FALSE,TRUE,Proposed without extrapolation,CLE2B41120128,6,80,2,30,43.1631039222398,0.261886649921477,0.0478137418904837,0.00606737296727493,CLE2B41120128: 80Hz, 6g
50,0.2,5,FALSE,TRUE,Proposed without extrapolation,CLE2B41120128,6,80,3,24,95.6222924108152,0.626337645406984,0.127850636495281,0.0065501216255734,CLE2B41120128: 80Hz, 6g
50,0.2,5,FALSE,TRUE,Proposed without extrapolation,CLE2B41120128,6,80,4,24,158.874934518713,1.16139865824662,0.237069508388104,0.00731014405617162,CLE2B41120128: 80Hz, 6g
50,0.2,5,FALSE,TRUE,Proposed without extrapolation,CLE2B41120128,6,80,5,24,184.317218094933,1.24211582424952,0.253545830903989,0.0067390113473271,CLE2B41120128: 80Hz, 6g
50,0.2,5,FALSE,TRUE,Proposed without extrapolation,CLE2B41120128,6,80,6,24,142.566490853259,0.776942244583587,0.158592671570203,0.00544968344197572,CLE2B41120128: 80Hz, 6g
50,0.2,5,FALSE,TRUE,Proposed without extrapolation,CLE2B41120128,6,80,7,18,81.2160042441813,0.416317016418383,0.0981268618109299,0.00512604652608491,CLE2B41120128: 80Hz, 6g
50,0.2,5,FALSE,TRUE,Proposed without extrapolation,CLE2B41120128,6,80,8,24,58.0172567857439,1.47800133454002,0.301695759064635,0.0254752019730653,CLE2B41120128: 80Hz, 6g
50,0.2,5,FALSE,TRUE,Proposed without extrapolation,LG Watch R Urbane,2,100,1,18,10.469465756063,0.0977236477730049,0.0230336846741925,0.00933415802199953,LG Watch R Urbane: 100Hz, 2g
50,0.2,5,FALSE,TRUE,Proposed without extrapolation,LG Watch R Urbane,2,100,2,18,41.3608085570141,0.323861308038138,0.0763348423592376,0.00783014934516353,LG Watch R Urbane: 100Hz, 2g
50,0.2,5,FALSE,TRUE,Proposed without extrapolation,LG Watch R Urbane,2,100,3,18,92.9076995730304,0.747828558416636,0.176264881607121,0.00804915590261497,LG Watch R Urbane: 100Hz, 2g
50,0.2,5,FALSE,TRUE,Proposed without extrapolation,LG Watch R Urbane,2,100,4,18,120.028399537021,1.02177119878547,0.240833781160771,0.00851274533965875,LG Watch R Urbane: 100Hz, 2g
50,0.2,5,FALSE,TRUE,Proposed without extrapolation,LG Watch R Urbane,2,100,5,18,96.3978005164155,0.665719767648272,0.156911654024675,0.00690596428634186,LG Watch R Urbane: 100Hz, 2g
50,0.2,5,FALSE,TRUE,Proposed without extrapolation,LG Watch R Urbane,2,100,6,18,55.3790429276457,0.336764842237755,0.0793762345371783,0.00608108815960847,LG Watch R Urbane: 100Hz, 2g
50,0.2,5,FALSE,TRUE,Proposed without extrapolation,LG Watch R Urbane,2,100,7,18,30.1001537366602,1.87443857414243,0.44180940889792,0.0622733887189247,LG Watch R Urbane: 100Hz, 2g
50,0.2,5,FALSE,TRUE,Proposed without extrapolation,LG Watch R Urbane,2,100,8,18,27.7313062458546,3.724968532511,0.877983503015009,0.134323587193727,LG Watch R Urbane: 100Hz, 2g
50,0.2,5,FALSE,TRUE,Proposed without extrapolation,MAT2C47090050,3,30,1,30,10.9225799777211,0.0977710141850085,0.0178504633130956,0.00895127473403109,MAT2C47090050: 30Hz, 3g
50,0.2,5,FALSE,TRUE,Proposed without extrapolation,MAT2C47090050,3,30,2,30,43.3192152358264,0.313670507845616,0.0572681375903816,0.00724090928559113,MAT2C47090050: 30Hz, 3g
50,0.2,5,FALSE,TRUE,Proposed without extrapolation,MAT2C47090050,3,30,3,24,97.6275684897848,0.705481184479385,0.144005743759065,0.00722624966894677,MAT2C47090050: 30Hz, 3g
50,0.2,5,FALSE,TRUE,Proposed without extrapolation,MAT2C47090050,3,30,4,24,162.655082636263,1.22872133858208,0.250811692966301,0.00755415274252326,MAT2C47090050: 30Hz, 3g
50,0.2,5,FALSE,TRUE,Proposed without extrapolation,MAT2C47090050,3,30,5,24,143.032061218802,1.14881595648391,0.234501075146081,0.00803187723573748,MAT2C47090050: 30Hz, 3g
50,0.2,5,FALSE,TRUE,Proposed without extrapolation,MAT2C47090050,3,30,6,24,85.3644118176312,0.888381202615706,0.181340053624046,0.0104069270050569,MAT2C47090050: 30Hz, 3g
50,0.2,5,FALSE,TRUE,Proposed without extrapolation,MAT2C47090050,3,30,7,18,47.1338667314171,0.76380365787082,0.180030248658515,0.0162049861562006,MAT2C47090050: 30Hz, 3g
50,0.2,5,FALSE,TRUE,Proposed without extrapolation,MAT2C47090050,3,30,8,24,32.5280367103965,1.47484069177754,0.301050595562361,0.0453405997081329,MAT2C47090050: 30Hz, 3g
50,0.2,5,FALSE,TRUE,Proposed without extrapolation,Nexus 4,4,50,1,18,10.487162764777,0.129829305567616,0.0306010607878673,0.0123798312736855,Nexus 4: 50Hz, 4g
50,0.2,5,FALSE,TRUE,Proposed without extrapolation,Nexus 4,4,50,2,18,41.4746910557868,0.346074502255303,0.081570542446828,0.00834423339741831,Nexus 4: 50Hz, 4g
50,0.2,5,FALSE,TRUE,Proposed without extrapolation,Nexus 4,4,50,3,18,93.04188715854,0.715229200107084,0.168581139166116,0.00768717426043132,Nexus 4: 50Hz, 4g
50,0.2,5,FALSE,TRUE,Proposed without extrapolation,Nexus 4,4,50,4,18,156.357473216854,1.41435066123673,0.333365647845389,0.00904562239423724,Nexus 4: 50Hz, 4g
50,0.2,5,FALSE,TRUE,Proposed without extrapolation,Nexus 4,4,50,5,18,171.713773683176,1.17620347212171,0.277233817064141,0.00684979106155971,Nexus 4: 50Hz, 4g
50,0.2,5,FALSE,TRUE,Proposed without extrapolation,Nexus 4,4,50,6,18,106.226734670052,0.746524757733428,0.175957572838984,0.00702765419696076,Nexus 4: 50Hz, 4g
50,0.2,5,FALSE,TRUE,Proposed without extrapolation,Nexus 4,4,50,7,18,61.8531971749726,1.51442944362931,0.356954443072951,0.0244842548614784,Nexus 4: 50Hz, 4g
50,0.2,5,FALSE,TRUE,Proposed without extrapolation,Nexus 4,4,50,8,18,59.530666587989,9.70879310087652,2.28838447958899,0.163088936464813,Nexus 4: 50Hz, 4g
50,0.2,5,FALSE,TRUE,Proposed without extrapolation,TAS1C32140067,16,100,1,30,10.9955949413548,0.0965220535565157,0.0176224353432085,0.00877824747740505,TAS1C32140067: 100Hz, 16g
50,0.2,5,FALSE,TRUE,Proposed without extrapolation,TAS1C32140067,16,100,2,30,43.3803812123856,0.251683984722847,0.0459509985984963,0.00580179283097192,TAS1C32140067: 100Hz, 16g
50,0.2,5,FALSE,TRUE,Proposed without extrapolation,TAS1C32140067,16,100,3,24,97.3128169255076,0.620811737009546,0.126722665167024,0.00637954749048909,TAS1C32140067: 100Hz, 16g
50,0.2,5,FALSE,TRUE,Proposed without extrapolation,TAS1C32140067,16,100,4,24,164.100217284369,1.16370182198447,0.237539639717421,0.00709140939142018,TAS1C32140067: 100Hz, 16g
50,0.2,5,FALSE,TRUE,Proposed without extrapolation,TAS1C32140067,16,100,5,24,193.683642482164,1.26495485086948,0.258207827690718,0.00653103604753801,TAS1C32140067: 100Hz, 16g
50,0.2,5,FALSE,TRUE,Proposed without extrapolation,TAS1C32140067,16,100,6,24,158.891704677772,0.771401633624244,0.157461699094064,0.0048548892793908,TAS1C32140067: 100Hz, 16g
50,0.2,5,FALSE,TRUE,Proposed without extrapolation,TAS1C32140067,16,100,7,18,115.284577602806,0.380088775857535,0.0895877836205857,0.0032969611700107,TAS1C32140067: 100Hz, 16g
50,0.2,5,FALSE,TRUE,Proposed without extrapolation,TAS1C32140067,16,100,8,24,95.690069215775,1.60553530524167,0.327728521822144,0.0167784945543439,TAS1C32140067: 100Hz, 16g
50,0.2,5,FALSE,TRUE,Proposed without extrapolation,TAS1E23150139,8,60,2,18,41.386887825697,0.321912883529834,0.0758755942984202,0.00777813700043323,TAS1E23150139: 60Hz, 8g
50,0.2,5,FALSE,TRUE,Proposed without extrapolation,TAS1E23150139,8,60,3,18,92.1401712269755,0.743563561470728,0.175259612186391,0.00806991729632295,TAS1E23150139: 60Hz, 8g
50,0.2,5,FALSE,TRUE,Proposed without extrapolation,TAS1E23150139,8,60,4,18,152.851757721555,1.26669275199414,0.298562344871636,0.00828706696524636,TAS1E23150139: 60Hz, 8g
50,0.2,5,FALSE,TRUE,Proposed without extrapolation,TAS1E23150139,8,60,5,18,177.670543875146,1.29370527984691,0.304929258745531,0.00728148432278135,TAS1E23150139: 60Hz, 8g
50,0.2,5,FALSE,TRUE,Proposed without extrapolation,TAS1E23150139,8,60,6,18,143.396357146021,0.673109029851794,0.158653319828701,0.00469404553399056,TAS1E23150139: 60Hz, 8g
50,0.2,5,FALSE,TRUE,Proposed without extrapolation,TAS1E23150139,8,60,7,18,96.842753497367,1.93055367738845,0.455035865575333,0.0199349317080388,TAS1E23150139: 60Hz, 8g
50,0.2,5,FALSE,TRUE,Proposed without extrapolation,TAS1E23150139,8,60,8,18,91.162727089501,2.94192011420866,0.693417220822015,0.0322710849942034,TAS1E23150139: 60Hz, 8g
50,0.25,2.5,TRUE,TRUE,Proposed with narrow passband (0.25-2.5Hz),ActivPal3,2,20,2,18,40.9833483837287,0.70683846222718,0.166603423281437,0.0172469671245264,ActivPal3: 20Hz, 2g
50,0.25,2.5,TRUE,TRUE,Proposed with narrow passband (0.25-2.5Hz),ActivPal3,2,20,3,18,36.5530555417137,0.246254400493276,0.0580427188286078,0.00673690329970513,ActivPal3: 20Hz, 2g
50,0.25,2.5,TRUE,TRUE,Proposed with narrow passband (0.25-2.5Hz),ActivPal3,2,20,4,18,34.8014477643881,1.04450840211245,0.246192991380012,0.030013360627522,ActivPal3: 20Hz, 2g
50,0.25,2.5,TRUE,TRUE,Proposed with narrow passband (0.25-2.5Hz),ActivPal3,2,20,5,18,49.2883000215736,8.77991350595478,2.06944545943066,0.178133826934826,ActivPal3: 20Hz, 2g
50,0.25,2.5,TRUE,TRUE,Proposed with narrow passband (0.25-2.5Hz),ActivPal3,2,20,6,18,34.1731271849123,1.370060907767,0.322926452840215,0.040091762757138,ActivPal3: 20Hz, 2g
50,0.25,2.5,TRUE,TRUE,Proposed with narrow passband (0.25-2.5Hz),ActivPal3,2,20,7,18,41.805017559472,3.82563052232964,0.901709761551175,0.0915112765324708,ActivPal3: 20Hz, 2g
50,0.25,2.5,TRUE,TRUE,Proposed with narrow passband (0.25-2.5Hz),ActivPal3,2,20,8,18,41.6301659277513,2.84201524022693,0.669869416199993,0.0682681698929383,ActivPal3: 20Hz, 2g
50,0.25,2.5,TRUE,TRUE,Proposed with narrow passband (0.25-2.5Hz),CLE2B41120128,6,40,2,18,39.3621026164685,0.668760134581203,0.157628275383199,0.0169899494723995,CLE2B41120128: 40Hz, 6g
50,0.25,2.5,TRUE,TRUE,Proposed with narrow passband (0.25-2.5Hz),CLE2B41120128,6,40,3,18,35.3024222591053,0.184669568851205,0.0435270348044943,0.00523107359307546,CLE2B41120128: 40Hz, 6g
50,0.25,2.5,TRUE,TRUE,Proposed with narrow passband (0.25-2.5Hz),CLE2B41120128,6,40,4,18,17.9720386240783,0.159332923724695,0.037555130277337,0.00886560100706811,CLE2B41120128: 40Hz, 6g
50,0.25,2.5,TRUE,TRUE,Proposed with narrow passband (0.25-2.5Hz),CLE2B41120128,6,40,5,18,10.383819087871,0.422925405508489,0.0996844740570411,0.0407292732981544,CLE2B41120128: 40Hz, 6g
50,0.25,2.5,TRUE,TRUE,Proposed with narrow passband (0.25-2.5Hz),CLE2B41120128,6,40,6,18,10.2623549829848,0.678770337941357,0.159987702942206,0.0661417714614994,CLE2B41120128: 40Hz, 6g
50,0.25,2.5,TRUE,TRUE,Proposed with narrow passband (0.25-2.5Hz),CLE2B41120128,6,40,7,18,7.07437704962022,0.914567212797289,0.215565559339948,0.129278833511763,CLE2B41120128: 40Hz, 6g
50,0.25,2.5,TRUE,TRUE,Proposed with narrow passband (0.25-2.5Hz),CLE2B41120128,6,40,8,18,6.47128851496717,0.511355201943625,0.120527576963118,0.0790190702764887,CLE2B41120128: 40Hz, 6g
50,0.25,2.5,TRUE,TRUE,Proposed with narrow passband (0.25-2.5Hz),CLE2B41120128,6,80,1,30,10.990577483844,0.143059805751166,0.0261190275607404,0.0130165867955039,CLE2B41120128: 80Hz, 6g
50,0.25,2.5,TRUE,TRUE,Proposed with narrow passband (0.25-2.5Hz),CLE2B41120128,6,80,2,30,41.1755400625185,0.518181215550434,0.0946065135441397,0.0125846853438633,CLE2B41120128: 80Hz, 6g
50,0.25,2.5,TRUE,TRUE,Proposed with narrow passband (0.25-2.5Hz),CLE2B41120128,6,80,3,24,36.9802508247449,0.195402759906365,0.039886421341847,0.00528397605609568,CLE2B41120128: 80Hz, 6g
50,0.25,2.5,TRUE,TRUE,Proposed with narrow passband (0.25-2.5Hz),CLE2B41120128,6,80,4,24,18.8147925747885,0.161576994026523,0.0329817657948089,0.00858776377067444,CLE2B41120128: 80Hz, 6g
50,0.25,2.5,TRUE,TRUE,Proposed with narrow passband (0.25-2.5Hz),CLE2B41120128,6,80,5,24,10.9034151068313,0.411969283801416,0.0840928779177751,0.0377835090900379,CLE2B41120128: 80Hz, 6g
50,0.25,2.5,TRUE,TRUE,Proposed with narrow passband (0.25-2.5Hz),CLE2B41120128,6,80,6,24,8.94535381065386,0.850719984787088,0.173652489726386,0.0951018822501896,CLE2B41120128: 80Hz, 6g
50,0.25,2.5,TRUE,TRUE,Proposed with narrow passband (0.25-2.5Hz),CLE2B41120128,6,80,7,18,17.3724749313287,1.30108481910798,0.306668632830042,0.074893463611317,CLE2B41120128: 80Hz, 6g
50,0.25,2.5,TRUE,TRUE,Proposed with narrow passband (0.25-2.5Hz),CLE2B41120128,6,80,8,24,24.3919970496739,3.66065752736936,0.747228588761106,0.15007617129153,CLE2B41120128: 80Hz, 6g
50,0.25,2.5,TRUE,TRUE,Proposed with narrow passband (0.25-2.5Hz),LG Watch R Urbane,2,100,1,18,10.4295574703977,0.165459632368718,0.0389992093535178,0.015864492126185,LG Watch R Urbane: 100Hz, 2g
50,0.25,2.5,TRUE,TRUE,Proposed with narrow passband (0.25-2.5Hz),LG Watch R Urbane,2,100,2,18,39.404620053283,0.633416092448764,0.149297604761069,0.0160746656506841,LG Watch R Urbane: 100Hz, 2g
50,0.25,2.5,TRUE,TRUE,Proposed with narrow passband (0.25-2.5Hz),LG Watch R Urbane,2,100,3,18,35.7227216301521,0.181500964551079,0.0427801876086557,0.00508082688744189,LG Watch R Urbane: 100Hz, 2g
50,0.25,2.5,TRUE,TRUE,Proposed with narrow passband (0.25-2.5Hz),LG Watch R Urbane,2,100,4,18,27.1684164354917,6.6701795940255,1.57217640755585,0.245512270097268,LG Watch R Urbane: 100Hz, 2g
50,0.25,2.5,TRUE,TRUE,Proposed with narrow passband (0.25-2.5Hz),LG Watch R Urbane,2,100,5,18,33.1704261746576,2.33311722424245,0.549921003521657,0.0703372700717654,LG Watch R Urbane: 100Hz, 2g
50,0.25,2.5,TRUE,TRUE,Proposed with narrow passband (0.25-2.5Hz),LG Watch R Urbane,2,100,6,18,46.832739500724,4.59520947081556,1.08310125926211,0.0981195958170358,LG Watch R Urbane: 100Hz, 2g
50,0.25,2.5,TRUE,TRUE,Proposed with narrow passband (0.25-2.5Hz),LG Watch R Urbane,2,100,7,18,41.5853336482306,5.71312880631275,1.34659737357865,0.137383262441513,LG Watch R Urbane: 100Hz, 2g
50,0.25,2.5,TRUE,TRUE,Proposed with narrow passband (0.25-2.5Hz),LG Watch R Urbane,2,100,8,18,36.6694569462187,3.84729867773817,0.906816994759566,0.104918343442632,LG Watch R Urbane: 100Hz, 2g
50,0.25,2.5,TRUE,TRUE,Proposed with narrow passband (0.25-2.5Hz),MAT2C47090050,3,30,1,30,10.8860337336826,0.141195019234986,0.0257785656807926,0.0129702904371968,MAT2C47090050: 30Hz, 3g
50,0.25,2.5,TRUE,TRUE,Proposed with narrow passband (0.25-2.5Hz),MAT2C47090050,3,30,2,30,41.4402658153251,0.551488897257601,0.100687636413879,0.0133080443961258,MAT2C47090050: 30Hz, 3g
50,0.25,2.5,TRUE,TRUE,Proposed with narrow passband (0.25-2.5Hz),MAT2C47090050,3,30,3,24,38.7382609711369,0.205779610708923,0.0420045871421185,0.00531205081359344,MAT2C47090050: 30Hz, 3g
50,0.25,2.5,TRUE,TRUE,Proposed with narrow passband (0.25-2.5Hz),MAT2C47090050,3,30,4,24,20.9124533197242,0.164933172991958,0.0336668429573738,0.00788683998335083,MAT2C47090050: 30Hz, 3g
50,0.25,2.5,TRUE,TRUE,Proposed with narrow passband (0.25-2.5Hz),MAT2C47090050,3,30,5,24,14.895381661103,1.04213838311297,0.212725606666323,0.0699638590553445,MAT2C47090050: 30Hz, 3g
50,0.25,2.5,TRUE,TRUE,Proposed with narrow passband (0.25-2.5Hz),MAT2C47090050,3,30,6,24,18.1950582481415,4.01935309508653,0.820447014919856,0.220903557453413,MAT2C47090050: 30Hz, 3g
50,0.25,2.5,TRUE,TRUE,Proposed with narrow passband (0.25-2.5Hz),MAT2C47090050,3,30,7,18,10.1939906246864,2.55312694644795,0.601777792354483,0.250454119534419,MAT2C47090050: 30Hz, 3g
50,0.25,2.5,TRUE,TRUE,Proposed with narrow passband (0.25-2.5Hz),MAT2C47090050,3,30,8,24,7.68641435648014,3.05536790218309,0.623674361402203,0.397502367226302,MAT2C47090050: 30Hz, 3g
50,0.25,2.5,TRUE,TRUE,Proposed with narrow passband (0.25-2.5Hz),Nexus 4,4,50,1,18,10.4334445750588,0.18435803021323,0.0434536044433232,0.0176699103433145,Nexus 4: 50Hz, 4g
50,0.25,2.5,TRUE,TRUE,Proposed with narrow passband (0.25-2.5Hz),Nexus 4,4,50,2,18,39.4630059596312,0.681352901177256,0.160596418934522,0.0172656107817597,Nexus 4: 50Hz, 4g
50,0.25,2.5,TRUE,TRUE,Proposed with narrow passband (0.25-2.5Hz),Nexus 4,4,50,3,18,36.0686447374248,0.273578286694774,0.0644830205690908,0.00758493391382986,Nexus 4: 50Hz, 4g
50,0.25,2.5,TRUE,TRUE,Proposed with narrow passband (0.25-2.5Hz),Nexus 4,4,50,4,18,20.4744164467902,0.299064565903724,0.0704901941877116,0.014606744308486,Nexus 4: 50Hz, 4g
50,0.25,2.5,TRUE,TRUE,Proposed with narrow passband (0.25-2.5Hz),Nexus 4,4,50,5,18,17.4209229233297,0.97416353003869,0.229612546024994,0.0559191688250978,Nexus 4: 50Hz, 4g
50,0.25,2.5,TRUE,TRUE,Proposed with narrow passband (0.25-2.5Hz),Nexus 4,4,50,6,18,21.6855841777622,1.57288925157369,0.37073355194773,0.0725315600760543,Nexus 4: 50Hz, 4g
50,0.25,2.5,TRUE,TRUE,Proposed with narrow passband (0.25-2.5Hz),Nexus 4,4,50,7,18,40.0822411850635,3.57267854776541,0.842088409374877,0.0891337021617634,Nexus 4: 50Hz, 4g
50,0.25,2.5,TRUE,TRUE,Proposed with narrow passband (0.25-2.5Hz),Nexus 4,4,50,8,18,39.5566084874435,4.7568327325779,1.12119622739199,0.120253806240438,Nexus 4: 50Hz, 4g
50,0.25,2.5,TRUE,TRUE,Proposed with narrow passband (0.25-2.5Hz),TAS1C32140067,16,100,1,30,10.9699165614427,0.146418267260332,0.0267321959364346,0.0133472544153131,TAS1C32140067: 100Hz, 16g
50,0.25,2.5,TRUE,TRUE,Proposed with narrow passband (0.25-2.5Hz),TAS1C32140067,16,100,2,30,41.3791532167341,0.51111759386964,0.0933168785667219,0.0123520554225102,TAS1C32140067: 100Hz, 16g
50,0.25,2.5,TRUE,TRUE,Proposed with narrow passband (0.25-2.5Hz),TAS1C32140067,16,100,3,24,37.5541511728613,0.17979838690203,0.0367011920404569,0.00478771004767009,TAS1C32140067: 100Hz, 16g
50,0.25,2.5,TRUE,TRUE,Proposed with narrow passband (0.25-2.5Hz),TAS1C32140067,16,100,4,24,19.4237046968436,0.16758093996422,0.0342073161273601,0.00862765072779616,TAS1C32140067: 100Hz, 16g
50,0.25,2.5,TRUE,TRUE,Proposed with narrow passband (0.25-2.5Hz),TAS1C32140067,16,100,5,24,11.4620464287523,0.413778322106578,0.0844621463155081,0.0360998644246129,TAS1C32140067: 100Hz, 16g
50,0.25,2.5,TRUE,TRUE,Proposed with narrow passband (0.25-2.5Hz),TAS1C32140067,16,100,6,24,7.4200796644402,0.567305387269064,0.115800727261768,0.0764554307937964,TAS1C32140067: 100Hz, 16g
50,0.25,2.5,TRUE,TRUE,Proposed with narrow passband (0.25-2.5Hz),TAS1C32140067,16,100,7,18,5.46668593180782,1.0853584823685,0.255821447633701,0.198540486120367,TAS1C32140067: 100Hz, 16g
50,0.25,2.5,TRUE,TRUE,Proposed with narrow passband (0.25-2.5Hz),TAS1C32140067,16,100,8,24,4.78855690144961,0.993189490052151,0.202733955710233,0.207408935613042,TAS1C32140067: 100Hz, 16g
50,0.25,2.5,TRUE,TRUE,Proposed with narrow passband (0.25-2.5Hz),TAS1E23150139,8,60,2,18,39.4266700524811,0.629408843409323,0.148353087104505,0.0159640376063084,TAS1E23150139: 60Hz, 8g
50,0.25,2.5,TRUE,TRUE,Proposed with narrow passband (0.25-2.5Hz),TAS1E23150139,8,60,3,18,35.4430290670741,0.159624236696127,0.0376237934031859,0.00450368495294367,TAS1E23150139: 60Hz, 8g
50,0.25,2.5,TRUE,TRUE,Proposed with narrow passband (0.25-2.5Hz),TAS1E23150139,8,60,4,18,18.1188603417362,0.1768490961465,0.0416837317106339,0.00976049778026784,TAS1E23150139: 60Hz, 8g
50,0.25,2.5,TRUE,TRUE,Proposed with narrow passband (0.25-2.5Hz),TAS1E23150139,8,60,5,18,10.5499779603659,0.438139295680399,0.103270422359969,0.0415298778183611,TAS1E23150139: 60Hz, 8g
50,0.25,2.5,TRUE,TRUE,Proposed with narrow passband (0.25-2.5Hz),TAS1E23150139,8,60,6,18,6.72809935285589,0.614470409959528,0.14483206457362,0.0913289738652123,TAS1E23150139: 60Hz, 8g
50,0.25,2.5,TRUE,TRUE,Proposed with narrow passband (0.25-2.5Hz),TAS1E23150139,8,60,7,18,5.08064322403825,0.821314754959413,0.193585744240123,0.161655664202811,TAS1E23150139: 60Hz, 8g
50,0.25,2.5,TRUE,TRUE,Proposed with narrow passband (0.25-2.5Hz),TAS1E23150139,8,60,8,18,5.01352906546859,0.850360063241338,0.200431789056057,0.169613071378865,TAS1E23150139: 60Hz, 8g
50,0.25,2.5,FALSE,TRUE,Proposed with narrow passband (0.25-2.5Hz) and without extrapolation,ActivPal3,2,20,2,18,40.9833483853018,0.706838461514566,0.166603423113472,0.0172469671064765,ActivPal3: 20Hz, 2g
50,0.25,2.5,FALSE,TRUE,Proposed with narrow passband (0.25-2.5Hz) and without extrapolation,ActivPal3,2,20,3,18,36.4964472182008,0.232459716826709,0.0547912807069569,0.0063693793381286,ActivPal3: 20Hz, 2g
50,0.25,2.5,FALSE,TRUE,Proposed with narrow passband (0.25-2.5Hz) and without extrapolation,ActivPal3,2,20,4,18,29.2204574129552,0.469735500843715,0.110717719336883,0.0160755697354503,ActivPal3: 20Hz, 2g
50,0.25,2.5,FALSE,TRUE,Proposed with narrow passband (0.25-2.5Hz) and without extrapolation,ActivPal3,2,20,5,18,37.9219236175942,8.32404133815412,1.96199535902864,0.219504722969594,ActivPal3: 20Hz, 2g
50,0.25,2.5,FALSE,TRUE,Proposed with narrow passband (0.25-2.5Hz) and without extrapolation,ActivPal3,2,20,6,18,25.0340911872427,0.886079864351636,0.208851026918633,0.0353949283688469,ActivPal3: 20Hz, 2g
50,0.25,2.5,FALSE,TRUE,Proposed with narrow passband (0.25-2.5Hz) and without extrapolation,ActivPal3,2,20,7,18,33.328204937432,3.34250936966607,0.787837013823484,0.10029071100412,ActivPal3: 20Hz, 2g
50,0.25,2.5,FALSE,TRUE,Proposed with narrow passband (0.25-2.5Hz) and without extrapolation,ActivPal3,2,20,8,18,33.3853690675077,2.28955562297198,0.539653435635758,0.068579610976962,ActivPal3: 20Hz, 2g
50,0.25,2.5,FALSE,TRUE,Proposed with narrow passband (0.25-2.5Hz) and without extrapolation,CLE2B41120128,6,40,2,18,39.3621026433661,0.668760139365172,0.157628276510791,0.016989949582327,CLE2B41120128: 40Hz, 6g
50,0.25,2.5,FALSE,TRUE,Proposed with narrow passband (0.25-2.5Hz) and without extrapolation,CLE2B41120128,6,40,3,18,35.3024222572338,0.184669560441077,0.0435270328222083,0.00523107335512188,CLE2B41120128: 40Hz, 6g
50,0.25,2.5,FALSE,TRUE,Proposed with narrow passband (0.25-2.5Hz) and without extrapolation,CLE2B41120128,6,40,4,18,17.9720386193231,0.159332925646434,0.0375551307302952,0.00886560111634319,CLE2B41120128: 40Hz, 6g
50,0.25,2.5,FALSE,TRUE,Proposed with narrow passband (0.25-2.5Hz) and without extrapolation,CLE2B41120128,6,40,5,18,10.3838190900892,0.422925407844819,0.0996844746077193,0.0407292735144508,CLE2B41120128: 40Hz, 6g
50,0.25,2.5,FALSE,TRUE,Proposed with narrow passband (0.25-2.5Hz) and without extrapolation,CLE2B41120128,6,40,6,18,7.1661392850691,0.577291419147436,0.136068892399986,0.0805582191725247,CLE2B41120128: 40Hz, 6g
50,0.25,2.5,FALSE,TRUE,Proposed with narrow passband (0.25-2.5Hz) and without extrapolation,CLE2B41120128,6,40,7,18,4.23510114791081,0.655434563552641,0.154487408170706,0.154762434393325,CLE2B41120128: 40Hz, 6g
50,0.25,2.5,FALSE,TRUE,Proposed with narrow passband (0.25-2.5Hz) and without extrapolation,CLE2B41120128,6,40,8,18,3.6472001149101,0.801430926663851,0.188899080965543,0.219738676632391,CLE2B41120128: 40Hz, 6g
50,0.25,2.5,FALSE,TRUE,Proposed with narrow passband (0.25-2.5Hz) and without extrapolation,CLE2B41120128,6,80,1,30,10.9905774811861,0.143059805181173,0.0261190274566743,0.0130165867467898,CLE2B41120128: 80Hz, 6g
50,0.25,2.5,FALSE,TRUE,Proposed with narrow passband (0.25-2.5Hz) and without extrapolation,CLE2B41120128,6,80,2,30,41.1755400623359,0.51818124327057,0.094606518605121,0.0125846860171376,CLE2B41120128: 80Hz, 6g
50,0.25,2.5,FALSE,TRUE,Proposed with narrow passband (0.25-2.5Hz) and without extrapolation,CLE2B41120128,6,80,3,24,36.9802508284136,0.19540275317876,0.0398864199685806,0.00528397587364723,CLE2B41120128: 80Hz, 6g
50,0.25,2.5,FALSE,TRUE,Proposed with narrow passband (0.25-2.5Hz) and without extrapolation,CLE2B41120128,6,80,4,24,18.8147925704115,0.16157699427817,0.0329817658461762,0.00858776378604724,CLE2B41120128: 80Hz, 6g
50,0.25,2.5,FALSE,TRUE,Proposed with narrow passband (0.25-2.5Hz) and without extrapolation,CLE2B41120128,6,80,5,24,10.9034151074709,0.411969289581334,0.0840928790975959,0.0377835096179229,CLE2B41120128: 80Hz, 6g
50,0.25,2.5,FALSE,TRUE,Proposed with narrow passband (0.25-2.5Hz) and without extrapolation,CLE2B41120128,6,80,6,24,6.68140817909724,0.541026744553947,0.110436621779689,0.0809749576813083,CLE2B41120128: 80Hz, 6g
50,0.25,2.5,FALSE,TRUE,Proposed with narrow passband (0.25-2.5Hz) and without extrapolation,CLE2B41120128,6,80,7,18,3.77618468684885,0.759645084651347,0.179050063550665,0.201167354789857,CLE2B41120128: 80Hz, 6g
50,0.25,2.5,FALSE,TRUE,Proposed with narrow passband (0.25-2.5Hz) and without extrapolation,CLE2B41120128,6,80,8,24,3.05150749566019,0.564079502924971,0.115142246377413,0.184852733846205,CLE2B41120128: 80Hz, 6g
50,0.25,2.5,FALSE,TRUE,Proposed with narrow passband (0.25-2.5Hz) and without extrapolation,LG Watch R Urbane,2,100,1,18,10.4295574732995,0.165459631695797,0.0389992091949089,0.0158644920572505,LG Watch R Urbane: 100Hz, 2g
50,0.25,2.5,FALSE,TRUE,Proposed with narrow passband (0.25-2.5Hz) and without extrapolation,LG Watch R Urbane,2,100,2,18,39.4046200454403,0.633416107114605,0.149297608217841,0.0160746660260692,LG Watch R Urbane: 100Hz, 2g
50,0.25,2.5,FALSE,TRUE,Proposed with narrow passband (0.25-2.5Hz) and without extrapolation,LG Watch R Urbane,2,100,3,18,35.7475400450951,0.181520495178929,0.0427847910217869,0.00507784577484054,LG Watch R Urbane: 100Hz, 2g
50,0.25,2.5,FALSE,TRUE,Proposed with narrow passband (0.25-2.5Hz) and without extrapolation,LG Watch R Urbane,2,100,4,18,14.2296644224578,0.173752135138506,0.0409537710006931,0.0122105574650295,LG Watch R Urbane: 100Hz, 2g
50,0.25,2.5,FALSE,TRUE,Proposed with narrow passband (0.25-2.5Hz) and without extrapolation,LG Watch R Urbane,2,100,5,18,5.93304579042853,0.26099834193309,0.0615178991531111,0.0439906164813602,LG Watch R Urbane: 100Hz, 2g
50,0.25,2.5,FALSE,TRUE,Proposed with narrow passband (0.25-2.5Hz) and without extrapolation,LG Watch R Urbane,2,100,6,18,3.30608947515434,0.341541812103685,0.0805021771324192,0.103306887085305,LG Watch R Urbane: 100Hz, 2g
50,0.25,2.5,FALSE,TRUE,Proposed with narrow passband (0.25-2.5Hz) and without extrapolation,LG Watch R Urbane,2,100,7,18,2.32674273961636,0.447950704299776,0.10558299354922,0.192522661260624,LG Watch R Urbane: 100Hz, 2g
50,0.25,2.5,FALSE,TRUE,Proposed with narrow passband (0.25-2.5Hz) and without extrapolation,LG Watch R Urbane,2,100,8,18,3.02948964060541,0.394182862230051,0.0929097916367973,0.130115269894529,LG Watch R Urbane: 100Hz, 2g
50,0.25,2.5,FALSE,TRUE,Proposed with narrow passband (0.25-2.5Hz) and without extrapolation,MAT2C47090050,3,30,1,30,10.8860337363221,0.141195022486766,0.0257785662744837,0.0129702907327632,MAT2C47090050: 30Hz, 3g
50,0.25,2.5,FALSE,TRUE,Proposed with narrow passband (0.25-2.5Hz) and without extrapolation,MAT2C47090050,3,30,2,30,41.4402657983022,0.551488891724355,0.100687635403651,0.0133080442680691,MAT2C47090050: 30Hz, 3g
50,0.25,2.5,FALSE,TRUE,Proposed with narrow passband (0.25-2.5Hz) and without extrapolation,MAT2C47090050,3,30,3,24,38.7382609692138,0.205779588808674,0.0420045826717489,0.00531205024851817,MAT2C47090050: 30Hz, 3g
50,0.25,2.5,FALSE,TRUE,Proposed with narrow passband (0.25-2.5Hz) and without extrapolation,MAT2C47090050,3,30,4,24,20.0189129015167,0.177707623606431,0.0362744167698606,0.00887698670155898,MAT2C47090050: 30Hz, 3g
50,0.25,2.5,FALSE,TRUE,Proposed with narrow passband (0.25-2.5Hz) and without extrapolation,MAT2C47090050,3,30,5,24,8.94854174531503,0.288661586051114,0.0589227995139773,0.032257947078611,MAT2C47090050: 30Hz, 3g
50,0.25,2.5,FALSE,TRUE,Proposed with narrow passband (0.25-2.5Hz) and without extrapolation,MAT2C47090050,3,30,6,24,8.91632898858509,2.68749614365134,0.548582853136942,0.301412851308194,MAT2C47090050: 30Hz, 3g
50,0.25,2.5,FALSE,TRUE,Proposed with narrow passband (0.25-2.5Hz) and without extrapolation,MAT2C47090050,3,30,7,18,6.53162672582542,1.7149406861409,0.404215396167646,0.262559505943624,MAT2C47090050: 30Hz, 3g
50,0.25,2.5,FALSE,TRUE,Proposed with narrow passband (0.25-2.5Hz) and without extrapolation,MAT2C47090050,3,30,8,24,5.19223254732831,2.16889234129639,0.442723295267208,0.417718644441764,MAT2C47090050: 30Hz, 3g
50,0.25,2.5,FALSE,TRUE,Proposed with narrow passband (0.25-2.5Hz) and without extrapolation,Nexus 4,4,50,1,18,10.4334445795035,0.184358036740327,0.0434536059817748,0.0176699109613808,Nexus 4: 50Hz, 4g
50,0.25,2.5,FALSE,TRUE,Proposed with narrow passband (0.25-2.5Hz) and without extrapolation,Nexus 4,4,50,2,18,39.4630059734164,0.681352911112913,0.160596421276379,0.0172656110274999,Nexus 4: 50Hz, 4g
50,0.25,2.5,FALSE,TRUE,Proposed with narrow passband (0.25-2.5Hz) and without extrapolation,Nexus 4,4,50,3,18,36.068644736632,0.27357830137286,0.0644830240287488,0.00758493432094522,Nexus 4: 50Hz, 4g
50,0.25,2.5,FALSE,TRUE,Proposed with narrow passband (0.25-2.5Hz) and without extrapolation,Nexus 4,4,50,4,18,20.4744164373155,0.299064572763799,0.0704901958046466,0.0146067446503013,Nexus 4: 50Hz, 4g
50,0.25,2.5,FALSE,TRUE,Proposed with narrow passband (0.25-2.5Hz) and without extrapolation,Nexus 4,4,50,5,18,14.7696138254846,0.467744304304716,0.11024838981175,0.0316693658907746,Nexus 4: 50Hz, 4g
50,0.25,2.5,FALSE,TRUE,Proposed with narrow passband (0.25-2.5Hz) and without extrapolation,Nexus 4,4,50,6,18,11.3586920328118,0.603544462836329,0.14225679413972,0.0531350318410668,Nexus 4: 50Hz, 4g
50,0.25,2.5,FALSE,TRUE,Proposed with narrow passband (0.25-2.5Hz) and without extrapolation,Nexus 4,4,50,7,18,12.7174612775491,0.947893653208476,0.223420676675801,0.0745348173288211,Nexus 4: 50Hz, 4g
50,0.25,2.5,FALSE,TRUE,Proposed with narrow passband (0.25-2.5Hz) and without extrapolation,Nexus 4,4,50,8,18,10.6232725038289,0.982923499870216,0.231677290715281,0.0925254905694966,Nexus 4: 50Hz, 4g
50,0.25,2.5,FALSE,TRUE,Proposed with narrow passband (0.25-2.5Hz) and without extrapolation,TAS1C32140067,16,100,1,30,10.9699165635656,0.146418274810176,0.0267321973148413,0.0133472551009618,TAS1C32140067: 100Hz, 16g
50,0.25,2.5,FALSE,TRUE,Proposed with narrow passband (0.25-2.5Hz) and without extrapolation,TAS1C32140067,16,100,2,30,41.3791532210869,0.511117610252168,0.0933168815577487,0.0123520558171234,TAS1C32140067: 100Hz, 16g
50,0.25,2.5,FALSE,TRUE,Proposed with narrow passband (0.25-2.5Hz) and without extrapolation,TAS1C32140067,16,100,3,24,37.5541511714924,0.179798382978337,0.0367011912395364,0.00478770994336367,TAS1C32140067: 100Hz, 16g
50,0.25,2.5,FALSE,TRUE,Proposed with narrow passband (0.25-2.5Hz) and without extrapolation,TAS1C32140067,16,100,4,24,19.4237046927935,0.167580939006199,0.0342073159318048,0.00862765068027284,TAS1C32140067: 100Hz, 16g
50,0.25,2.5,FALSE,TRUE,Proposed with narrow passband (0.25-2.5Hz) and without extrapolation,TAS1C32140067,16,100,5,24,11.4620464244945,0.413778310673267,0.0844621439816932,0.03609986344053,TAS1C32140067: 100Hz, 16g
50,0.25,2.5,FALSE,TRUE,Proposed with narrow passband (0.25-2.5Hz) and without extrapolation,TAS1C32140067,16,100,6,24,7.42007966437045,0.56730539338152,0.115800728509467,0.0764554316182874,TAS1C32140067: 100Hz, 16g
50,0.25,2.5,FALSE,TRUE,Proposed with narrow passband (0.25-2.5Hz) and without extrapolation,TAS1C32140067,16,100,7,18,5.46668592466029,1.08535842551044,0.25582143423213,0.198540475979126,TAS1C32140067: 100Hz, 16g
50,0.25,2.5,FALSE,TRUE,Proposed with narrow passband (0.25-2.5Hz) and without extrapolation,TAS1C32140067,16,100,8,24,4.78880980358092,0.993119392472707,0.202719647101746,0.207383344339565,TAS1C32140067: 100Hz, 16g
50,0.25,2.5,FALSE,TRUE,Proposed with narrow passband (0.25-2.5Hz) and without extrapolation,TAS1E23150139,8,60,2,18,39.4266700596133,0.629408880360901,0.148353095814075,0.0159640385406435,TAS1E23150139: 60Hz, 8g
50,0.25,2.5,FALSE,TRUE,Proposed with narrow passband (0.25-2.5Hz) and without extrapolation,TAS1E23150139,8,60,3,18,35.4430290688307,0.159624230225214,0.0376237918779771,0.00450368477014824,TAS1E23150139: 60Hz, 8g
50,0.25,2.5,FALSE,TRUE,Proposed with narrow passband (0.25-2.5Hz) and without extrapolation,TAS1E23150139,8,60,4,18,18.1188603359157,0.176849095018872,0.0416837314448495,0.00976049772116829,TAS1E23150139: 60Hz, 8g
50,0.25,2.5,FALSE,TRUE,Proposed with narrow passband (0.25-2.5Hz) and without extrapolation,TAS1E23150139,8,60,5,18,10.5499779538554,0.438139285981512,0.10327042007392,0.0415298769246618,TAS1E23150139: 60Hz, 8g
50,0.25,2.5,FALSE,TRUE,Proposed with narrow passband (0.25-2.5Hz) and without extrapolation,TAS1E23150139,8,60,6,18,6.72809935321861,0.614470417392157,0.144832066325508,0.0913289749650033,TAS1E23150139: 60Hz, 8g
50,0.25,2.5,FALSE,TRUE,Proposed with narrow passband (0.25-2.5Hz) and without extrapolation,TAS1E23150139,8,60,7,18,4.45528545942225,0.806567332648435,0.190109743466418,0.181036061548574,TAS1E23150139: 60Hz, 8g
50,0.25,2.5,FALSE,TRUE,Proposed with narrow passband (0.25-2.5Hz) and without extrapolation,TAS1E23150139,8,60,8,18,4.15388866440575,0.950601355138508,0.224058888141187,0.228846132368475,TAS1E23150139: 60Hz, 8g
50,0.25,2.5,TRUE,TRUE,Actigraph count algorithm,CLE2B41120128,6,40,2,19,12164.0020765259,37.5471283030594,8.61390199437852,0.00308674135920429,CLE2B41120128: 40Hz, 6g
50,0.25,2.5,TRUE,TRUE,Actigraph count algorithm,CLE2B41120128,6,40,3,19,12217.6560676507,48.6644059870511,11.1643804128943,0.00398312128918921,CLE2B41120128: 40Hz, 6g
50,0.25,2.5,TRUE,TRUE,Actigraph count algorithm,CLE2B41120128,6,40,4,19,9441.60879895659,44.2282349766964,10.1466529849785,0.00468439605140007,CLE2B41120128: 40Hz, 6g
50,0.25,2.5,TRUE,TRUE,Actigraph count algorithm,CLE2B41120128,6,40,5,19,6947.66924667474,250.238634705871,57.4086800238148,0.0360176378323765,CLE2B41120128: 40Hz, 6g
50,0.25,2.5,TRUE,TRUE,Actigraph count algorithm,CLE2B41120128,6,40,6,19,8427.93711957594,68.2781325842147,15.6640778941191,0.00810140507878518,CLE2B41120128: 40Hz, 6g
50,0.25,2.5,TRUE,TRUE,Actigraph count algorithm,CLE2B41120128,6,40,7,19,19654.1054581445,762.110307068795,174.840095386507,0.0387761380792317,CLE2B41120128: 40Hz, 6g
50,0.25,2.5,TRUE,TRUE,Actigraph count algorithm,CLE2B41120128,6,40,8,19,22003.3875699976,983.35201804282,225.596424872391,0.0446909374710853,CLE2B41120128: 40Hz, 6g
50,0.25,2.5,TRUE,TRUE,Actigraph count algorithm,CLE2B41120128,6,80,1,31,5176.96552223389,38.9030545717085,6.98719486611581,0.00751464432293952,CLE2B41120128: 80Hz, 6g
50,0.25,2.5,TRUE,TRUE,Actigraph count algorithm,CLE2B41120128,6,80,2,31,12801.7908520029,38.4258718369881,6.90149031692439,0.0030016012822906,CLE2B41120128: 80Hz, 6g
50,0.25,2.5,TRUE,TRUE,Actigraph count algorithm,CLE2B41120128,6,80,3,25,12884.7102645367,58.9247307812196,11.7849461562439,0.0045732290110862,CLE2B41120128: 80Hz, 6g
50,0.25,2.5,TRUE,TRUE,Actigraph count algorithm,CLE2B41120128,6,80,4,25,10129.5270844701,59.666477419907,11.9332954839814,0.00589035173333842,CLE2B41120128: 80Hz, 6g
50,0.25,2.5,TRUE,TRUE,Actigraph count algorithm,CLE2B41120128,6,80,5,25,7212.27727237046,162.880025020273,32.5760050040546,0.0225837164697274,CLE2B41120128: 80Hz, 6g
50,0.25,2.5,TRUE,TRUE,Actigraph count algorithm,CLE2B41120128,6,80,6,25,5495.56049398694,103.971835779692,20.7943671559383,0.0189192414301424,CLE2B41120128: 80Hz, 6g
50,0.25,2.5,TRUE,TRUE,Actigraph count algorithm,CLE2B41120128,6,80,7,19,15471.2615655816,385.874894651024,88.5257721385904,0.0249413981539467,CLE2B41120128: 80Hz, 6g
50,0.25,2.5,TRUE,TRUE,Actigraph count algorithm,CLE2B41120128,6,80,8,25,18836.4996775672,2414.07226335927,482.814452671855,0.128159281431372,CLE2B41120128: 80Hz, 6g
50,0.25,2.5,TRUE,TRUE,Actigraph count algorithm,LG Watch R Urbane,2,100,1,19,4871.03243649498,59.9893739028188,13.7625062383507,0.0123155357072483,LG Watch R Urbane: 100Hz, 2g
50,0.25,2.5,TRUE,TRUE,Actigraph count algorithm,LG Watch R Urbane,2,100,2,19,12414.8718200553,101.868144713,23.3701551773654,0.00820533197519116,LG Watch R Urbane: 100Hz, 2g
50,0.25,2.5,TRUE,TRUE,Actigraph count algorithm,LG Watch R Urbane,2,100,3,19,12788.4399711808,82.0633111258949,18.8266147457954,0.00641699154164444,LG Watch R Urbane: 100Hz, 2g
50,0.25,2.5,TRUE,TRUE,Actigraph count algorithm,LG Watch R Urbane,2,100,4,19,8159.32856712953,129.019666643889,29.5991415068431,0.0158125347670952,LG Watch R Urbane: 100Hz, 2g
50,0.25,2.5,TRUE,TRUE,Actigraph count algorithm,LG Watch R Urbane,2,100,5,19,4098.40932556222,168.18029392221,38.5832055527305,0.0410355044024644,LG Watch R Urbane: 100Hz, 2g
50,0.25,2.5,TRUE,TRUE,Actigraph count algorithm,LG Watch R Urbane,2,100,6,19,7752.29519190612,749.709939963293,171.995256066734,0.0967081259684277,LG Watch R Urbane: 100Hz, 2g
50,0.25,2.5,TRUE,TRUE,Actigraph count algorithm,LG Watch R Urbane,2,100,7,19,6078.31905044986,547.660524302534,125.641941094803,0.090100654433729,LG Watch R Urbane: 100Hz, 2g
50,0.25,2.5,TRUE,TRUE,Actigraph count algorithm,LG Watch R Urbane,2,100,8,19,6810.13977153669,257.636431014762,59.1058508930439,0.0378312985721036,LG Watch R Urbane: 100Hz, 2g
50,0.25,2.5,TRUE,TRUE,Actigraph count algorithm,MAT2C47090050,3,30,1,31,5088.70845423737,36.5231894215401,6.55975846703682,0.00717730043880333,MAT2C47090050: 30Hz, 3g
50,0.25,2.5,TRUE,TRUE,Actigraph count algorithm,MAT2C47090050,3,30,2,31,12863.0458365337,51.5952272356268,9.26677637079484,0.00401112053018467,MAT2C47090050: 30Hz, 3g
50,0.25,2.5,TRUE,TRUE,Actigraph count algorithm,MAT2C47090050,3,30,3,25,13226.617327204,57.2319814077366,11.4463962815473,0.00432703086449959,MAT2C47090050: 30Hz, 3g
50,0.25,2.5,TRUE,TRUE,Actigraph count algorithm,MAT2C47090050,3,30,4,25,10442.1464935134,82.3466251443077,16.4693250288615,0.00788598639134788,MAT2C47090050: 30Hz, 3g
50,0.25,2.5,TRUE,TRUE,Actigraph count algorithm,MAT2C47090050,3,30,5,25,5275.94501542234,56.8304701147856,11.3660940229571,0.010771619103054,MAT2C47090050: 30Hz, 3g
50,0.25,2.5,TRUE,TRUE,Actigraph count algorithm,MAT2C47090050,3,30,6,25,4923.28187579556,1034.51609634998,206.903219269995,0.210127334255629,MAT2C47090050: 30Hz, 3g
50,0.25,2.5,TRUE,TRUE,Actigraph count algorithm,MAT2C47090050,3,30,7,19,1223.90857127065,434.055575949707,99.5791784971115,0.354647059542263,MAT2C47090050: 30Hz, 3g
50,0.25,2.5,TRUE,TRUE,Actigraph count algorithm,MAT2C47090050,3,30,8,25,1469.64042338903,898.893524667103,179.778704933421,0.611641807316534,MAT2C47090050: 30Hz, 3g
50,0.25,2.5,TRUE,TRUE,Actigraph count algorithm,Nexus 4,4,50,1,18,4837.98974326581,49.2976511712241,11.6195678132472,0.0101896973303516,Nexus 4: 50Hz, 4g
50,0.25,2.5,TRUE,TRUE,Actigraph count algorithm,Nexus 4,4,50,2,18,12111.1202898003,47.6160302934182,11.22320597122,0.00393159585191467,Nexus 4: 50Hz, 4g
50,0.25,2.5,TRUE,TRUE,Actigraph count algorithm,Nexus 4,4,50,3,18,12393.4756526307,97.0598534927704,22.8772268619036,0.00783152815345777,Nexus 4: 50Hz, 4g
50,0.25,2.5,TRUE,TRUE,Actigraph count algorithm,Nexus 4,4,50,4,18,10197.0088884276,147.090833865435,34.6696420255444,0.014424900034398,Nexus 4: 50Hz, 4g
50,0.25,2.5,TRUE,TRUE,Actigraph count algorithm,Nexus 4,4,50,5,18,7895.67459981151,570.891513854315,134.56042025608,0.072304336588028,Nexus 4: 50Hz, 4g
50,0.25,2.5,TRUE,TRUE,Actigraph count algorithm,Nexus 4,4,50,6,18,9035.07459426386,769.643743772594,181.406770106468,0.0851839944145256,Nexus 4: 50Hz, 4g
50,0.25,2.5,TRUE,TRUE,Actigraph count algorithm,Nexus 4,4,50,7,18,17384.9744103037,1520.21882239843,358.31901273512,0.0874444095527362,Nexus 4: 50Hz, 4g
50,0.25,2.5,TRUE,TRUE,Actigraph count algorithm,Nexus 4,4,50,8,18,16653.7975597239,4117.50652069366,970.505594120771,0.247241297723684,Nexus 4: 50Hz, 4g
50,0.25,2.5,TRUE,TRUE,Actigraph count algorithm,TAS1C32140067,16,100,1,31,5154.50819162931,61.1676317494157,10.9860309746164,0.0118668221051136,TAS1C32140067: 100Hz, 16g
50,0.25,2.5,TRUE,TRUE,Actigraph count algorithm,TAS1C32140067,16,100,2,31,12866.2251219149,115.987424374468,20.8319563860841,0.00901487602427446,TAS1C32140067: 100Hz, 16g
50,0.25,2.5,TRUE,TRUE,Actigraph count algorithm,TAS1C32140067,16,100,3,25,13146.4997091557,46.5237077811092,9.30474155622184,0.00353886652800126,TAS1C32140067: 100Hz, 16g
50,0.25,2.5,TRUE,TRUE,Actigraph count algorithm,TAS1C32140067,16,100,4,25,11004.0473028281,250.115134160367,50.0230268320735,0.0227293764991439,TAS1C32140067: 100Hz, 16g
50,0.25,2.5,TRUE,TRUE,Actigraph count algorithm,TAS1C32140067,16,100,5,25,8177.09690664609,165.553929150906,33.1107858301813,0.0202460519963203,TAS1C32140067: 100Hz, 16g
50,0.25,2.5,TRUE,TRUE,Actigraph count algorithm,TAS1C32140067,16,100,6,25,8779.77895966316,165.065073834671,33.0130147669341,0.0188005956178427,TAS1C32140067: 100Hz, 16g
50,0.25,2.5,TRUE,TRUE,Actigraph count algorithm,TAS1C32140067,16,100,7,19,24379.3883650727,288.99172942894,66.2992496894631,0.0118539368216048,TAS1C32140067: 100Hz, 16g
50,0.25,2.5,TRUE,TRUE,Actigraph count algorithm,TAS1C32140067,16,100,8,25,44521.0691480852,3520.21552243527,704.043104487054,0.0790685306933306,TAS1C32140067: 100Hz, 16g
50,0.25,2.5,TRUE,TRUE,Actigraph count algorithm,TAS1E23150139,8,60,2,19,0,0,0,NA,TAS1E23150139: 60Hz, 8g
50,0.25,2.5,TRUE,TRUE,Actigraph count algorithm,TAS1E23150139,8,60,3,19,6.31578947368421,18.9181060585383,4.3401111848607,2.9953667926019,TAS1E23150139: 60Hz, 8g
50,0.25,2.5,TRUE,TRUE,Actigraph count algorithm,TAS1E23150139,8,60,4,19,2018.60934420524,5280.06888630494,1211.33087843877,2.61569624725174,TAS1E23150139: 60Hz, 8g
50,0.25,2.5,TRUE,TRUE,Actigraph count algorithm,TAS1E23150139,8,60,5,19,22298.5904512122,71.6526703674616,16.4382499561366,0.00321332734121615,TAS1E23150139: 60Hz, 8g
50,0.25,2.5,TRUE,TRUE,Actigraph count algorithm,TAS1E23150139,8,60,6,19,8601.6346547929,10422.7868741838,2391.15129971734,1.21172164274335,TAS1E23150139: 60Hz, 8g
50,0.25,2.5,TRUE,TRUE,Actigraph count algorithm,TAS1E23150139,8,60,7,19,40520.9594408723,193.163407004845,44.3147247749546,0.00476699983589251,TAS1E23150139: 60Hz, 8g
50,0.25,2.5,TRUE,TRUE,Actigraph count algorithm,TAS1E23150139,8,60,8,19,8124.18952201316,14236.2848220037,3266.02773003031,1.75233292914072,TAS1E23150139: 60Hz, 8g
