HEADER_TIME_STAMP,RAWX,group
2014-12-17 11:08:20,0.07373,gt
2014-12-17 11:08:20,0.186035,gt
2014-12-17 11:08:20,0.101074,gt
2014-12-17 11:08:20,0.098633,gt
2014-12-17 11:08:20,0.771973,gt
2014-12-17 11:08:20,1.407715,gt
2014-12-17 11:08:20,1.142578,gt
2014-12-17 11:08:20,1.875977,gt
2014-12-17 11:08:20,4.108398,gt
2014-12-17 11:08:20,5.699707,gt
2014-12-17 11:08:20,4.670898,gt
2014-12-17 11:08:20,4.367188,gt
2014-12-17 11:08:20,3.719727,gt
2014-12-17 11:08:20,2.315918,gt
2014-12-17 11:08:20,2.111816,gt
2014-12-17 11:08:20,1.733887,gt
2014-12-17 11:08:20,1.338867,gt
2014-12-17 11:08:20,0.54248,gt
2014-12-17 11:08:20,-0.255859,gt
2014-12-17 11:08:20,-0.398438,gt
2014-12-17 11:08:20,-0.518066,gt
2014-12-17 11:08:20,-0.856445,gt
2014-12-17 11:08:20,-1.104492,gt
2014-12-17 11:08:20,-1.223145,gt
2014-12-17 11:08:20,-1.154297,gt
2014-12-17 11:08:20,-1.177246,gt
2014-12-17 11:08:20,-1.087402,gt
2014-12-17 11:08:20,-0.671387,gt
2014-12-17 11:08:20,-0.610352,gt
2014-12-17 11:08:20,-0.28418,gt
2014-12-17 11:08:20,0.444336,gt
2014-12-17 11:08:20,0.082031,gt
2014-12-17 11:08:20,-0.033691,gt
2014-12-17 11:08:20,0.23291,gt
2014-12-17 11:08:20,1.166504,gt
2014-12-17 11:08:20,2.008789,gt
2014-12-17 11:08:20,1.797852,gt
2014-12-17 11:08:20,2.555176,gt
2014-12-17 11:08:20,4.401855,gt
2014-12-17 11:08:20,3.225586,gt
2014-12-17 11:08:20,2.385742,gt
2014-12-17 11:08:20,2.228027,gt
2014-12-17 11:08:20,1.996582,gt
2014-12-17 11:08:20,1.375977,gt
2014-12-17 11:08:20,1.303223,gt
2014-12-17 11:08:20,2.127441,gt
2014-12-17 11:08:20,3.371094,gt
2014-12-17 11:08:20,3.038086,gt
2014-12-17 11:08:20,2.262207,gt
2014-12-17 11:08:20,1.660156,gt
2014-12-17 11:08:20,1.355957,gt
2014-12-17 11:08:20,0.703125,gt
2014-12-17 11:08:20,-0.284668,gt
2014-12-17 11:08:20,-1.09082,gt
2014-12-17 11:08:20,-1.579102,gt
2014-12-17 11:08:20,-1.877441,gt
2014-12-17 11:08:20,-1.639648,gt
2014-12-17 11:08:20,-0.57959,gt
2014-12-17 11:08:20,-0.114746,gt
2014-12-17 11:08:20,-0.135742,gt
2014-12-17 11:08:20,-0.218262,gt
2014-12-17 11:08:20,-0.061035,gt
2014-12-17 11:08:20,0.134766,gt
2014-12-17 11:08:20,0.371094,gt
2014-12-17 11:08:20,0.516113,gt
2014-12-17 11:08:20,0.513184,gt
2014-12-17 11:08:20,0.479492,gt
2014-12-17 11:08:20,0.988281,gt
2014-12-17 11:08:20,0.703613,gt
2014-12-17 11:08:20,0.858887,gt
2014-12-17 11:08:20,2.359375,gt
2014-12-17 11:08:20,4.331055,gt
2014-12-17 11:08:20,5.147461,gt
2014-12-17 11:08:20,3.986328,gt
2014-12-17 11:08:20,4.024414,gt
2014-12-17 11:08:20,3.566406,gt
2014-12-17 11:08:20,2.023438,gt
2014-12-17 11:08:20,1.749512,gt
2014-12-17 11:08:20,1.899902,gt
2014-12-17 11:08:20,2.541992,gt
2014-12-17 11:08:20,1.176758,gt
2014-12-17 11:08:20,0.197754,gt
2014-12-17 11:08:20,-0.05957,gt
2014-12-17 11:08:20,-0.669434,gt
2014-12-17 11:08:20,-0.964355,gt
2014-12-17 11:08:20,-1.344238,gt
2014-12-17 11:08:20,-1.604004,gt
2014-12-17 11:08:20,-1.421387,gt
2014-12-17 11:08:20,-1.200684,gt
2014-12-17 11:08:20,-0.879883,gt
2014-12-17 11:08:20,-0.458496,gt
2014-12-17 11:08:20,-0.07959,gt
2014-12-17 11:08:20,0.020996,gt
2014-12-17 11:08:20,-0.112305,gt
2014-12-17 11:08:20,0.301758,gt
2014-12-17 11:08:20,0.115234,gt
2014-12-17 11:08:20,-0.134766,gt
2014-12-17 11:08:20,-0.020508,gt
2014-12-17 11:08:20,1.324219,gt
2014-12-17 11:08:21,1.969727,gt
2014-12-17 11:08:21,2.332031,gt
2014-12-17 11:08:21,5.380371,gt
2014-12-17 11:08:21,4.668945,gt
2014-12-17 11:08:21,3.345215,gt
2014-12-17 11:08:21,1.966797,gt
2014-12-17 11:08:21,1.652832,gt
2014-12-17 11:08:21,1.393555,gt
2014-12-17 11:08:21,0.99707,gt
2014-12-17 11:08:21,1.411133,gt
2014-12-17 11:08:21,3.232422,gt
2014-12-17 11:08:21,3.350098,gt
2014-12-17 11:08:21,2.465332,gt
2014-12-17 11:08:21,1.825195,gt
2014-12-17 11:08:21,1.725586,gt
2014-12-17 11:08:21,1.01123,gt
2014-12-17 11:08:21,0.246094,gt
2014-12-17 11:08:21,-0.554199,gt
2014-12-17 11:08:21,-1.421875,gt
2014-12-17 11:08:21,-1.774414,gt
2014-12-17 11:08:21,-1.589355,gt
2014-12-17 11:08:21,-0.732422,gt
2014-12-17 11:08:21,-0.108398,gt
2014-12-17 11:08:21,-0.090332,gt
2014-12-17 11:08:21,-0.28125,gt
2014-12-17 11:08:21,-0.239258,gt
2014-12-17 11:08:21,-0.09082,gt
2014-12-17 11:08:21,0.022461,gt
2014-12-17 11:08:21,0.148926,gt
2014-12-17 11:08:21,0.280762,gt
2014-12-17 11:08:21,0.348145,gt
2014-12-17 11:08:21,0.259277,gt
2014-12-17 11:08:21,0.201172,gt
2014-12-17 11:08:21,0.890625,gt
2014-12-17 11:08:21,1.052246,gt
2014-12-17 11:08:21,0.970703,gt
2014-12-17 11:08:21,1.494629,gt
2014-12-17 11:08:21,3.181641,gt
2014-12-17 11:08:21,5.243652,gt
2014-12-17 11:08:21,4.944824,gt
2014-12-17 11:08:21,4.427734,gt
2014-12-17 11:08:21,4.086914,gt
2014-12-17 11:08:21,2.669434,gt
2014-12-17 11:08:21,1.994629,gt
2014-12-17 11:08:21,2.000488,gt
2014-12-17 11:08:21,1.816406,gt
2014-12-17 11:08:21,1.202148,gt
2014-12-17 11:08:21,0.192871,gt
2014-12-17 11:08:21,-0.412598,gt
2014-12-17 11:08:21,-0.618652,gt
2014-12-17 11:08:21,-0.884766,gt
2014-12-17 11:08:21,-1.311035,gt
2014-12-17 11:08:21,-1.581543,gt
2014-12-17 11:08:21,-1.441895,gt
2014-12-17 11:08:21,-1.260254,gt
2014-12-17 11:08:21,-1.137695,gt
2014-12-17 11:08:21,-0.627441,gt
2014-12-17 11:08:21,-0.665039,gt
2014-12-17 11:08:21,-0.4375,gt
2014-12-17 11:08:21,0.60791,gt
2014-12-17 11:08:21,0.345215,gt
2014-12-17 11:08:21,-0.03418,gt
2014-12-17 11:08:21,0.12207,gt
2014-12-17 11:08:21,0.971191,gt
2014-12-17 11:08:21,2.376465,gt
2014-12-17 11:08:21,2.524902,gt
2014-12-17 11:08:21,2.759766,gt
2014-12-17 11:08:21,4.612793,gt
2014-12-17 11:08:21,3.09375,gt
2014-12-17 11:08:21,2.001465,gt
2014-12-17 11:08:21,1.816406,gt
2014-12-17 11:08:21,1.86084,gt
2014-12-17 11:08:21,1.707031,gt
2014-12-17 11:08:21,1.433105,gt
2014-12-17 11:08:21,1.580566,gt
2014-12-17 11:08:21,2.452148,gt
2014-12-17 11:08:21,3.133301,gt
2014-12-17 11:08:21,2.538086,gt
2014-12-17 11:08:21,1.912598,gt
2014-12-17 11:08:21,1.425293,gt
2014-12-17 11:08:21,0.969727,gt
2014-12-17 11:08:21,0.633789,gt
2014-12-17 11:08:21,-0.163086,gt
2014-12-17 11:08:21,-0.959961,gt
2014-12-17 11:08:21,-1.53125,gt
2014-12-17 11:08:21,-1.674316,gt
2014-12-17 11:08:21,-1.32666,gt
2014-12-17 11:08:21,-0.617676,gt
2014-12-17 11:08:21,-0.301758,gt
2014-12-17 11:08:21,-0.347168,gt
2014-12-17 11:08:21,-0.229492,gt
2014-12-17 11:08:21,-0.007813,gt
2014-12-17 11:08:21,0.169434,gt
2014-12-17 11:08:21,0.091797,gt
2014-12-17 11:08:21,0.234375,gt
2014-12-17 11:08:21,0.317383,gt
2014-12-17 11:08:21,0.389648,gt
2014-12-17 11:08:21,1.083008,gt
2014-12-17 11:08:21,1.176758,gt
2014-12-17 11:08:21,1.158203,gt
2014-12-17 11:08:22,2.07959,gt
2014-12-17 11:08:22,3.691895,gt
2014-12-17 11:08:22,5.275879,gt
2014-12-17 11:08:22,4.272949,gt
2014-12-17 11:08:22,3.923828,gt
2014-12-17 11:08:22,3.972168,gt
2014-12-17 11:08:22,3.20166,gt
2014-12-17 11:08:22,1.865234,gt
2014-12-17 11:08:22,1.504395,gt
2014-12-17 11:08:22,1.520508,gt
2014-12-17 11:08:22,1.260742,gt
2014-12-17 11:08:22,0.980957,gt
2014-12-17 11:08:22,0.009277,gt
2014-12-17 11:08:22,-0.59082,gt
2014-12-17 11:08:22,-1.073242,gt
2014-12-17 11:08:22,-1.513672,gt
2014-12-17 11:08:22,-1.513672,gt
2014-12-17 11:08:22,-1.12793,gt
2014-12-17 11:08:22,-1.024414,gt
2014-12-17 11:08:22,-1.082031,gt
2014-12-17 11:08:22,-0.733398,gt
2014-12-17 11:08:22,-0.613281,gt
2014-12-17 11:08:22,0.32666,gt
2014-12-17 11:08:22,0.352539,gt
2014-12-17 11:08:22,0.146484,gt
2014-12-17 11:08:22,-0.199219,gt
2014-12-17 11:08:22,-0.103027,gt
2014-12-17 11:08:22,0.714355,gt
2014-12-17 11:08:22,1.857422,gt
2014-12-17 11:08:22,2.60498,gt
2014-12-17 11:08:22,2.204102,gt
2014-12-17 11:08:22,4.141602,gt
2014-12-17 11:08:22,3.517578,gt
2014-12-17 11:08:22,2.563477,gt
2014-12-17 11:08:22,2.40918,gt
2014-12-17 11:08:22,2.223145,gt
2014-12-17 11:08:22,2.100586,gt
2014-12-17 11:08:22,1.424805,gt
2014-12-17 11:08:22,1.458496,gt
2014-12-17 11:08:22,1.745117,gt
2014-12-17 11:08:22,3.40625,gt
2014-12-17 11:08:22,3.209473,gt
2014-12-17 11:08:22,2.301758,gt
2014-12-17 11:08:22,1.72168,gt
2014-12-17 11:08:22,1.126953,gt
2014-12-17 11:08:22,0.556641,gt
2014-12-17 11:08:22,-0.447266,gt
2014-12-17 11:08:22,-1.214355,gt
2014-12-17 11:08:22,-1.788086,gt
2014-12-17 11:08:22,-1.750977,gt
2014-12-17 11:08:22,-1.187012,gt
2014-12-17 11:08:22,-0.555176,gt
2014-12-17 11:08:22,-0.457031,gt
2014-12-17 11:08:22,-0.507813,gt
2014-12-17 11:08:22,-0.231445,gt
2014-12-17 11:08:22,0.086914,gt
2014-12-17 11:08:22,0.272461,gt
2014-12-17 11:08:22,0.289551,gt
2014-12-17 11:08:22,0.342285,gt
2014-12-17 11:08:22,0.286133,gt
2014-12-17 11:08:22,0.240723,gt
2014-12-17 11:08:22,0.373047,gt
2014-12-17 11:08:22,1.074219,gt
2014-12-17 11:08:22,0.879395,gt
2014-12-17 11:08:22,0.79248,gt
2014-12-17 11:08:22,1.780273,gt
2014-12-17 11:08:22,3.743164,gt
2014-12-17 11:08:22,5.316895,gt
2014-12-17 11:08:22,4.509766,gt
2014-12-17 11:08:22,4.347168,gt
2014-12-17 11:08:22,3.977051,gt
2014-12-17 11:08:22,2.699219,gt
2014-12-17 11:08:22,2.417969,gt
2014-12-17 11:08:22,2.431152,gt
2014-12-17 11:08:22,1.57373,gt
2014-12-17 11:08:22,1.275879,gt
2014-12-17 11:08:22,0.557129,gt
2014-12-17 11:08:22,-0.399414,gt
2014-12-17 11:08:22,-0.757324,gt
2014-12-17 11:08:22,-1.069336,gt
2014-12-17 11:08:22,-1.696777,gt
2014-12-17 11:08:22,-1.73584,gt
2014-12-17 11:08:22,-1.430664,gt
2014-12-17 11:08:22,-1.175781,gt
2014-12-17 11:08:22,-1.113281,gt
2014-12-17 11:08:22,-0.669434,gt
2014-12-17 11:08:22,-0.77002,gt
2014-12-17 11:08:22,0.256836,gt
2014-12-17 11:08:22,0.640137,gt
2014-12-17 11:08:22,0.360352,gt
2014-12-17 11:08:22,0.178223,gt
2014-12-17 11:08:22,-0.114258,gt
2014-12-17 11:08:22,0.211914,gt
2014-12-17 11:08:22,1.383789,gt
2014-12-17 11:08:22,2.692383,gt
2014-12-17 11:08:22,2.323242,gt
2014-12-17 11:08:22,2.633301,gt
2014-12-17 11:08:22,4.871094,gt
2014-12-17 11:08:22,3.041504,gt
2014-12-17 11:08:22,2.110352,gt
2014-12-17 11:08:23,1.970703,gt
2014-12-17 11:08:23,1.80127,gt
2014-12-17 11:08:23,1.428223,gt
2014-12-17 11:08:23,1.582031,gt
2014-12-17 11:08:23,2.297363,gt
2014-12-17 11:08:23,3.790527,gt
2014-12-17 11:08:23,3.071777,gt
2014-12-17 11:08:23,1.964844,gt
2014-12-17 11:08:23,1.535645,gt
2014-12-17 11:08:23,1.237305,gt
2014-12-17 11:08:23,0.719727,gt
2014-12-17 11:08:23,-0.18457,gt
2014-12-17 11:08:23,-1.04248,gt
2014-12-17 11:08:23,-1.43457,gt
2014-12-17 11:08:23,-1.760742,gt
2014-12-17 11:08:23,-1.32666,gt
2014-12-17 11:08:23,-0.683594,gt
2014-12-17 11:08:23,-0.470703,gt
2014-12-17 11:08:23,-0.534668,gt
2014-12-17 11:08:23,-0.399414,gt
2014-12-17 11:08:23,-0.062988,gt
2014-12-17 11:08:23,0.131836,gt
2014-12-17 11:08:23,0.081055,gt
2014-12-17 11:08:23,0.069336,gt
2014-12-17 11:08:23,0.246094,gt
2014-12-17 11:08:23,0.227539,gt
2014-12-17 11:08:23,0.481445,gt
2014-12-17 11:08:23,1.29834,gt
2014-12-17 11:08:23,1.276367,gt
2014-12-17 11:08:23,1.589355,gt
2014-12-17 11:08:23,3.131348,gt
2014-12-17 11:08:23,5.122559,gt
2014-12-17 11:08:23,5.688477,gt
2014-12-17 11:08:23,4.734863,gt
2014-12-17 11:08:23,4.344727,gt
2014-12-17 11:08:23,3.023926,gt
2014-12-17 11:08:23,2.03418,gt
2014-12-17 11:08:23,1.988281,gt
2014-12-17 11:08:23,1.905762,gt
2014-12-17 11:08:23,1.542969,gt
2014-12-17 11:08:23,0.90625,gt
2014-12-17 11:08:23,-0.109863,gt
2014-12-17 11:08:23,-0.515625,gt
2014-12-17 11:08:23,-0.930664,gt
2014-12-17 11:08:23,-1.540039,gt
2014-12-17 11:08:23,-1.720703,gt
2014-12-17 11:08:23,-1.405762,gt
2014-12-17 11:08:23,-1.057617,gt
2014-12-17 11:08:23,-0.95752,gt
2014-12-17 11:08:23,-0.95166,gt
2014-12-17 11:08:23,-0.55127,gt
2014-12-17 11:08:23,-0.152344,gt
2014-12-17 11:08:23,-0.283691,gt
2014-12-17 11:08:23,0.500488,gt
2014-12-17 11:08:23,0.731445,gt
2014-12-17 11:08:23,0.336914,gt
2014-12-17 11:08:23,-0.039551,gt
2014-12-17 11:08:23,0.220703,gt
2014-12-17 11:08:23,1.233398,gt
2014-12-17 11:08:23,2.39502,gt
2014-12-17 11:08:23,2.327148,gt
2014-12-17 11:08:23,2.195801,gt
2014-12-17 11:08:23,2.979004,gt
2014-12-17 11:08:23,4.125,gt
2014-12-17 11:08:23,2.475098,gt
2014-12-17 11:08:23,2.055176,gt
2014-12-17 11:08:23,1.791992,gt
2014-12-17 11:08:23,1.544922,gt
2014-12-17 11:08:23,1.51123,gt
2014-12-17 11:08:23,2.036133,gt
2014-12-17 11:08:23,3.837891,gt
2014-12-17 11:08:23,2.824707,gt
2014-12-17 11:08:23,1.914063,gt
2014-12-17 11:08:23,1.468262,gt
2014-12-17 11:08:23,0.929199,gt
2014-12-17 11:08:23,0.259766,gt
2014-12-17 11:08:23,-0.570313,gt
2014-12-17 11:08:23,-1.186523,gt
2014-12-17 11:08:23,-1.612793,gt
2014-12-17 11:08:23,-1.475098,gt
2014-12-17 11:08:23,-1.048828,gt
2014-12-17 11:08:23,-0.677734,gt
2014-12-17 11:08:23,-0.663086,gt
2014-12-17 11:08:23,-0.649902,gt
2014-12-17 11:08:23,-0.400391,gt
2014-12-17 11:08:23,-0.173828,gt
2014-12-17 11:08:23,-0.036621,gt
2014-12-17 11:08:23,0.103027,gt
2014-12-17 11:08:23,0.307617,gt
2014-12-17 11:08:23,0.368164,gt
2014-12-17 11:08:23,0.844727,gt
2014-12-17 11:08:23,1.550781,gt
2014-12-17 11:08:23,1.128418,gt
2014-12-17 11:08:23,1.923828,gt
2014-12-17 11:08:23,3.637695,gt
2014-12-17 11:08:23,6.053711,gt
2014-12-17 11:08:23,6.135254,gt
2014-12-17 11:08:23,5.766113,gt
2014-12-17 11:08:23,3.459961,gt
2014-12-17 11:08:23,1.62793,gt
2014-12-17 11:08:24,1.466309,gt
2014-12-17 11:08:24,1.38623,gt
2014-12-17 11:08:24,1.477051,gt
2014-12-17 11:08:24,1.032227,gt
2014-12-17 11:08:24,-0.032227,gt
2014-12-17 11:08:24,-0.537109,gt
2014-12-17 11:08:24,-0.69043,gt
2014-12-17 11:08:24,-0.898926,gt
2014-12-17 11:08:24,-1.088379,gt
2014-12-17 11:08:24,-1.120117,gt
2014-12-17 11:08:24,-1.190918,gt
2014-12-17 11:08:24,-1.246094,gt
2014-12-17 11:08:24,-1.190918,gt
2014-12-17 11:08:24,-0.721191,gt
2014-12-17 11:08:24,-0.29541,gt
2014-12-17 11:08:24,-0.383789,gt
2014-12-17 11:08:24,0.102051,gt
2014-12-17 11:08:24,0.119629,gt
2014-12-17 11:08:24,0.072266,gt
2014-12-17 11:08:24,0.679199,gt
2014-12-17 11:08:24,1.957031,gt
2014-12-17 11:08:24,2.63623,gt
2014-12-17 11:08:24,2.052246,gt
2014-12-17 11:08:24,2.732422,gt
2014-12-17 11:08:24,3.564941,gt
2014-12-17 11:08:24,2.274902,gt
2014-12-17 11:08:24,1.973633,gt
2014-12-17 11:08:24,2.128418,gt
2014-12-17 11:08:24,2.151855,gt
2014-12-17 11:08:24,1.636719,gt
2014-12-17 11:08:24,1.821777,gt
2014-12-17 11:08:24,2.599121,gt
2014-12-17 11:08:24,3.831543,gt
2014-12-17 11:08:24,3.291992,gt
2014-12-17 11:08:24,2.302734,gt
2014-12-17 11:08:24,1.566406,gt
2014-12-17 11:08:24,1.080078,gt
2014-12-17 11:08:24,0.502441,gt
2014-12-17 11:08:24,-0.173828,gt
2014-12-17 11:08:24,-0.800781,gt
2014-12-17 11:08:24,-1.443848,gt
2014-12-17 11:08:24,-1.650391,gt
2014-12-17 11:08:24,-1.420898,gt
2014-12-17 11:08:24,-0.66748,gt
2014-12-17 11:08:24,-0.222168,gt
2014-12-17 11:08:24,-0.256348,gt
2014-12-17 11:08:24,-0.223145,gt
2014-12-17 11:08:24,-0.080566,gt
2014-12-17 11:08:24,0.034668,gt
2014-12-17 11:08:24,0.032227,gt
2014-12-17 11:08:24,0.04834,gt
2014-12-17 11:08:24,0.193848,gt
2014-12-17 11:08:24,0.214844,gt
2014-12-17 11:08:24,0.168457,gt
2014-12-17 11:08:24,0.913574,gt
2014-12-17 11:08:24,0.946289,gt
2014-12-17 11:08:24,0.723633,gt
2014-12-17 11:08:24,1.797852,gt
2014-12-17 11:08:24,3.180664,gt
2014-12-17 11:08:24,5.392578,gt
2014-12-17 11:08:24,5.256348,gt
2014-12-17 11:08:24,3.935547,gt
2014-12-17 11:08:24,4.087402,gt
2014-12-17 11:08:24,3.207031,gt
2014-12-17 11:08:24,2.210938,gt
2014-12-17 11:08:24,2.02832,gt
2014-12-17 11:08:24,1.728027,gt
2014-12-17 11:08:24,1.583008,gt
2014-12-17 11:08:24,1.108398,gt
2014-12-17 11:08:24,-0.085938,gt
2014-12-17 11:08:24,-0.732422,gt
2014-12-17 11:08:24,-1.182129,gt
2014-12-17 11:08:24,-1.703613,gt
2014-12-17 11:08:24,-1.700684,gt
2014-12-17 11:08:24,-1.202148,gt
2014-12-17 11:08:24,-0.996582,gt
2014-12-17 11:08:24,-0.984375,gt
2014-12-17 11:08:24,-0.82666,gt
2014-12-17 11:08:24,-0.363281,gt
2014-12-17 11:08:24,-0.018066,gt
2014-12-17 11:08:24,0.041992,gt
2014-12-17 11:08:24,0.283691,gt
2014-12-17 11:08:24,0.415527,gt
2014-12-17 11:08:24,0.054199,gt
2014-12-17 11:08:24,-0.021484,gt
2014-12-17 11:08:24,0.57666,gt
2014-12-17 11:08:24,1.444336,gt
2014-12-17 11:08:24,2.495117,gt
2014-12-17 11:08:24,2.001465,gt
2014-12-17 11:08:24,1.983398,gt
2014-12-17 11:08:24,3.025391,gt
2014-12-17 11:08:24,4.349609,gt
2014-12-17 11:08:24,3.033203,gt
2014-12-17 11:08:24,2.374512,gt
2014-12-17 11:08:24,1.869629,gt
2014-12-17 11:08:24,1.849609,gt
2014-12-17 11:08:24,2.22168,gt
2014-12-17 11:08:24,2.604004,gt
2014-12-17 11:08:24,3.571777,gt
2014-12-17 11:08:24,2.49707,gt
2014-12-17 11:08:25,1.72168,gt
2014-12-17 11:08:25,1.496094,gt
2014-12-17 11:08:25,0.952637,gt
2014-12-17 11:08:25,0.092285,gt
2014-12-17 11:08:25,-0.879395,gt
2014-12-17 11:08:25,-1.480469,gt
2014-12-17 11:08:25,-1.779785,gt
2014-12-17 11:08:25,-1.549316,gt
2014-12-17 11:08:25,-0.996582,gt
2014-12-17 11:08:25,-0.538574,gt
2014-12-17 11:08:25,-0.520508,gt
2014-12-17 11:08:25,-0.430176,gt
2014-12-17 11:08:25,-0.151367,gt
2014-12-17 11:08:25,0.115723,gt
2014-12-17 11:08:25,0.202637,gt
2014-12-17 11:08:25,0.209473,gt
2014-12-17 11:08:25,0.264648,gt
2014-12-17 11:08:25,0.286133,gt
2014-12-17 11:08:25,0.289551,gt
2014-12-17 11:08:25,0.735352,gt
2014-12-17 11:08:25,1.311523,gt
2014-12-17 11:08:25,1.077148,gt
2014-12-17 11:08:25,1.240723,gt
2014-12-17 11:08:25,2.459961,gt
2014-12-17 11:08:25,4.918457,gt
2014-12-17 11:08:25,5.594238,gt
2014-12-17 11:08:25,5.095215,gt
2014-12-17 11:08:25,4.791992,gt
2014-12-17 11:08:25,2.646973,gt
2014-12-17 11:08:25,1.47168,gt
2014-12-17 11:08:25,1.32959,gt
2014-12-17 11:08:25,1.224121,gt
2014-12-17 11:08:25,1.489746,gt
2014-12-17 11:08:25,0.652344,gt
2014-12-17 11:08:25,-0.179688,gt
2014-12-17 11:08:25,-0.70459,gt
2014-12-17 11:08:25,-1.068848,gt
2014-12-17 11:08:25,-1.32373,gt
2014-12-17 11:08:25,-1.150879,gt
2014-12-17 11:08:25,-1.181641,gt
2014-12-17 11:08:25,-1.055664,gt
2014-12-17 11:08:25,-1.082031,gt
2014-12-17 11:08:25,-0.797852,gt
2014-12-17 11:08:25,-0.273926,gt
2014-12-17 11:08:25,0.133301,gt
2014-12-17 11:08:25,-0.285645,gt
2014-12-17 11:08:25,0.005859,gt
2014-12-17 11:08:25,0.09668,gt
2014-12-17 11:08:25,0.146484,gt
2014-12-17 11:08:25,0.947266,gt
2014-12-17 11:08:25,2.380371,gt
2014-12-17 11:08:25,2.268066,gt
2014-12-17 11:08:25,2.842285,gt
2014-12-17 11:08:25,3.943848,gt
2014-12-17 11:08:25,2.76416,gt
2014-12-17 11:08:25,2.258301,gt
2014-12-17 11:08:25,2.261719,gt
2014-12-17 11:08:25,2.243652,gt
2014-12-17 11:08:25,1.88916,gt
2014-12-17 11:08:25,1.82666,gt
2014-12-17 11:08:25,2.573242,gt
2014-12-17 11:08:25,3.583984,gt
2014-12-17 11:08:25,3.099609,gt
2014-12-17 11:08:25,2.108887,gt
2014-12-17 11:08:25,1.43457,gt
2014-12-17 11:08:25,1.473633,gt
2014-12-17 11:08:25,0.893066,gt
2014-12-17 11:08:25,0.059082,gt
2014-12-17 11:08:25,-0.816895,gt
2014-12-17 11:08:25,-1.43457,gt
2014-12-17 11:08:25,-1.820801,gt
2014-12-17 11:08:25,-1.687012,gt
2014-12-17 11:08:25,-0.866211,gt
2014-12-17 11:08:25,-0.319336,gt
2014-12-17 11:08:25,-0.250977,gt
2014-12-17 11:08:25,-0.222656,gt
2014-12-17 11:08:25,-0.053711,gt
2014-12-17 11:08:25,0.025879,gt
2014-12-17 11:08:25,-0.012207,gt
2014-12-17 11:08:25,0.028809,gt
2014-12-17 11:08:25,0.179199,gt
2014-12-17 11:08:25,0.260254,gt
2014-12-17 11:08:25,0.263184,gt
2014-12-17 11:08:25,0.913574,gt
2014-12-17 11:08:25,1.159668,gt
2014-12-17 11:08:25,0.895508,gt
2014-12-17 11:08:25,1.786133,gt
2014-12-17 11:08:25,3.273438,gt
2014-12-17 11:08:25,5.386719,gt
2014-12-17 11:08:25,4.866211,gt
2014-12-17 11:08:25,4.177246,gt
2014-12-17 11:08:25,4.249023,gt
2014-12-17 11:08:25,2.596191,gt
2014-12-17 11:08:25,1.897461,gt
2014-12-17 11:08:25,1.820313,gt
2014-12-17 11:08:25,1.457031,gt
2014-12-17 11:08:25,1.480469,gt
2014-12-17 11:08:25,0.407227,gt
2014-12-17 11:08:25,-0.230957,gt
2014-12-17 11:08:25,-0.658691,gt
2014-12-17 11:08:26,-1.105957,gt
2014-12-17 11:08:26,-1.476074,gt
2014-12-17 11:08:26,-1.358887,gt
2014-12-17 11:08:26,-1.033691,gt
2014-12-17 11:08:26,-0.887695,gt
2014-12-17 11:08:26,-0.970215,gt
2014-12-17 11:08:26,-0.842773,gt
2014-12-17 11:08:26,-0.333496,gt
2014-12-17 11:08:26,0.04248,gt
2014-12-17 11:08:26,-0.181152,gt
2014-12-17 11:08:26,0.195313,gt
2014-12-17 11:08:26,0.128906,gt
2014-12-17 11:08:26,0.208008,gt
2014-12-17 11:08:26,0.303711,gt
2014-12-17 11:08:26,1.038574,gt
2014-12-17 11:08:26,2.583496,gt
2014-12-17 11:08:26,2.259766,gt
2014-12-17 11:08:26,2.534668,gt
2014-12-17 11:08:26,5.242676,gt
2014-12-17 11:08:26,3.477539,gt
2014-12-17 11:08:26,2.388672,gt
2014-12-17 11:08:26,1.945801,gt
2014-12-17 11:08:26,1.588379,gt
2014-12-17 11:08:26,1.276367,gt
2014-12-17 11:08:26,1.731445,gt
2014-12-17 11:08:26,2.900879,gt
2014-12-17 11:08:26,3.800293,gt
2014-12-17 11:08:26,2.592773,gt
2014-12-17 11:08:26,1.482422,gt
2014-12-17 11:08:26,1.584961,gt
2014-12-17 11:08:26,0.978516,gt
2014-12-17 11:08:26,0.056641,gt
2014-12-17 11:08:26,-0.744141,gt
2014-12-17 11:08:26,-1.393555,gt
2014-12-17 11:08:26,-1.706055,gt
2014-12-17 11:08:26,-1.608398,gt
2014-12-17 11:08:26,-1.018066,gt
2014-12-17 11:08:26,-0.363281,gt
2014-12-17 11:08:26,-0.323242,gt
2014-12-17 11:08:26,-0.346191,gt
2014-12-17 11:08:26,-0.246094,gt
2014-12-17 11:08:26,-0.148438,gt
2014-12-17 11:08:26,-0.003906,gt
2014-12-17 11:08:26,0.179199,gt
2014-12-17 11:08:26,0.266113,gt
2014-12-17 11:08:26,0.256836,gt
2014-12-17 11:08:26,0.418457,gt
2014-12-17 11:08:26,1.214844,gt
2014-12-17 11:08:26,1.262695,gt
2014-12-17 11:08:26,1.171387,gt
2014-12-17 11:08:26,2.731934,gt
2014-12-17 11:08:26,4.935547,gt
2014-12-17 11:08:26,5.812988,gt
2014-12-17 11:08:26,4.449707,gt
2014-12-17 11:08:26,4.609863,gt
2014-12-17 11:08:26,3.155273,gt
2014-12-17 11:08:26,1.4375,gt
2014-12-17 11:08:26,1.270996,gt
2014-12-17 11:08:26,1.379395,gt
2014-12-17 11:08:26,1.231934,gt
2014-12-17 11:08:26,1.195801,gt
2014-12-17 11:08:26,0.382324,gt
2014-12-17 11:08:26,-0.47168,gt
2014-12-17 11:08:26,-0.907227,gt
2014-12-17 11:08:26,-1.221191,gt
2014-12-17 11:08:26,-1.410156,gt
2014-12-17 11:08:26,-1.225586,gt
2014-12-17 11:08:26,-1.114746,gt
2014-12-17 11:08:26,-1.074707,gt
2014-12-17 11:08:26,-0.990234,gt
2014-12-17 11:08:26,-0.520996,gt
2014-12-17 11:08:26,-0.231934,gt
2014-12-17 11:08:26,-0.070313,gt
2014-12-17 11:08:26,0.481934,gt
2014-12-17 11:08:26,0.128418,gt
2014-12-17 11:08:26,0.00293,gt
2014-12-17 11:08:26,0.257324,gt
2014-12-17 11:08:26,1.285645,gt
2014-12-17 11:08:26,2.605957,gt
2014-12-17 11:08:26,2.083496,gt
2014-12-17 11:08:26,2.70166,gt
2014-12-17 11:08:26,4.59082,gt
2014-12-17 11:08:26,2.812012,gt
2014-12-17 11:08:26,2.114746,gt
2014-12-17 11:08:26,2.152832,gt
2014-12-17 11:08:26,1.970215,gt
2014-12-17 11:08:26,1.43457,gt
2014-12-17 11:08:26,1.553223,gt
2014-12-17 11:08:26,2.116211,gt
2014-12-17 11:08:26,3.993652,gt
2014-12-17 11:08:26,3.630859,gt
2014-12-17 11:08:26,2.426758,gt
2014-12-17 11:08:26,1.641602,gt
2014-12-17 11:08:26,0.916016,gt
2014-12-17 11:08:26,0.262695,gt
2014-12-17 11:08:26,-0.227539,gt
2014-12-17 11:08:26,-0.88916,gt
2014-12-17 11:08:26,-1.356445,gt
2014-12-17 11:08:26,-1.614258,gt
2014-12-17 11:08:26,-1.300293,gt
2014-12-17 11:08:27,-0.654297,gt
2014-12-17 11:08:27,-0.430664,gt
2014-12-17 11:08:27,-0.473145,gt
2014-12-17 11:08:27,-0.331055,gt
2014-12-17 11:08:27,-0.020996,gt
2014-12-17 11:08:27,0.133789,gt
2014-12-17 11:08:27,0.113281,gt
2014-12-17 11:08:27,0.07959,gt
2014-12-17 11:08:27,0.051758,gt
2014-12-17 11:08:27,0.082031,gt
2014-12-17 11:08:27,0.799316,gt
2014-12-17 11:08:27,0.850098,gt
2014-12-17 11:08:27,0.767578,gt
2014-12-17 11:08:27,1.700195,gt
2014-12-17 11:08:27,2.90918,gt
2014-12-17 11:08:27,4.979492,gt
2014-12-17 11:08:27,5.125488,gt
2014-12-17 11:08:27,4.051758,gt
2014-12-17 11:08:27,4.313965,gt
2014-12-17 11:08:27,4.14502,gt
2014-12-17 11:08:27,2.573242,gt
2014-12-17 11:08:27,1.905762,gt
2014-12-17 11:08:27,1.663574,gt
2014-12-17 11:08:27,1.166504,gt
2014-12-17 11:08:27,1.169922,gt
2014-12-17 11:08:27,0.484375,gt
2014-12-17 11:08:27,-0.414551,gt
2014-12-17 11:08:27,-1.05127,gt
2014-12-17 11:08:27,-1.319336,gt
2014-12-17 11:08:27,-1.70459,gt
2014-12-17 11:08:27,-1.612305,gt
2014-12-17 11:08:27,-1.095215,gt
2014-12-17 11:08:27,-0.976563,gt
2014-12-17 11:08:27,-0.786621,gt
2014-12-17 11:08:27,-0.457031,gt
2014-12-17 11:08:27,-0.035645,gt
2014-12-17 11:08:27,0.273926,gt
2014-12-17 11:08:27,0.151367,gt
2014-12-17 11:08:27,0.282715,gt
2014-12-17 11:08:27,0.265625,gt
2014-12-17 11:08:27,-0.02832,gt
2014-12-17 11:08:27,0.075195,gt
2014-12-17 11:08:27,0.797363,gt
2014-12-17 11:08:27,2.06543,gt
2014-12-17 11:08:27,2.466309,gt
2014-12-17 11:08:27,1.691895,gt
2014-12-17 11:08:27,2.72998,gt
2014-12-17 11:08:27,4.546875,gt
2014-12-17 11:08:27,2.833496,gt
2014-12-17 11:08:27,2.321777,gt
2014-12-17 11:08:27,1.92627,gt
2014-12-17 11:08:27,1.339355,gt
2014-12-17 11:08:27,1.167969,gt
2014-12-17 11:08:27,1.671875,gt
2014-12-17 11:08:27,3.026855,gt
2014-12-17 11:08:27,3.803223,gt
2014-12-17 11:08:27,2.658691,gt
2014-12-17 11:08:27,1.844727,gt
2014-12-17 11:08:27,1.389648,gt
2014-12-17 11:08:27,0.703613,gt
2014-12-17 11:08:27,-0.163574,gt
2014-12-17 11:08:27,-1.119629,gt
2014-12-17 11:08:27,-1.707031,gt
2014-12-17 11:08:27,-1.640625,gt
2014-12-17 11:08:27,-1.318359,gt
2014-12-17 11:08:27,-0.746582,gt
2014-12-17 11:08:27,-0.443848,gt
2014-12-17 11:08:27,-0.495605,gt
2014-12-17 11:08:27,-0.333496,gt
2014-12-17 11:08:27,0.048828,gt
2014-12-17 11:08:27,0.342285,gt
2014-12-17 11:08:27,0.411133,gt
2014-12-17 11:08:27,0.252441,gt
2014-12-17 11:08:27,0.189941,gt
2014-12-17 11:08:27,0.157227,gt
2014-12-17 11:08:27,0.249023,gt
2014-12-17 11:08:27,1.077148,gt
2014-12-17 11:08:27,1.323242,gt
2014-12-17 11:08:27,0.727539,gt
2014-12-17 11:08:27,1.791504,gt
2014-12-17 11:08:27,3.571777,gt
2014-12-17 11:08:27,5.878906,gt
2014-12-17 11:08:27,5.508301,gt
2014-12-17 11:08:27,5.150391,gt
2014-12-17 11:08:27,3.767578,gt
2014-12-17 11:08:27,2.197266,gt
2014-12-17 11:08:27,1.884766,gt
2014-12-17 11:08:27,2.09668,gt
2014-12-17 11:08:27,1.545898,gt
2014-12-17 11:08:27,0.606445,gt
2014-12-17 11:08:27,0.891113,gt
2014-12-17 11:08:27,-0.385254,gt
2014-12-17 11:08:27,-0.913574,gt
2014-12-17 11:08:27,-1.398438,gt
2014-12-17 11:08:27,-1.821777,gt
2014-12-17 11:08:27,-1.791992,gt
2014-12-17 11:08:27,-1.203613,gt
2014-12-17 11:08:27,-0.89209,gt
2014-12-17 11:08:27,-0.833008,gt
2014-12-17 11:08:27,-0.743164,gt
2014-12-17 11:08:28,-0.162598,gt
2014-12-17 11:08:28,0.091309,gt
2014-12-17 11:08:28,0.33252,gt
2014-12-17 11:08:28,0.667969,gt
2014-12-17 11:08:28,0.458008,gt
2014-12-17 11:08:28,0.152832,gt
2014-12-17 11:08:28,0.328125,gt
2014-12-17 11:08:28,1.144531,gt
2014-12-17 11:08:28,2.049316,gt
2014-12-17 11:08:28,2.390137,gt
2014-12-17 11:08:28,1.800293,gt
2014-12-17 11:08:28,2.58252,gt
2014-12-17 11:08:28,4.180664,gt
2014-12-17 11:08:28,2.611328,gt
2014-12-17 11:08:28,2.224609,gt
2014-12-17 11:08:28,1.861328,gt
2014-12-17 11:08:28,1.574219,gt
2014-12-17 11:08:28,1.685547,gt
2014-12-17 11:08:28,2.173828,gt
2014-12-17 11:08:28,3.28125,gt
2014-12-17 11:08:28,3.174805,gt
2014-12-17 11:08:28,2.509766,gt
2014-12-17 11:08:28,1.775391,gt
2014-12-17 11:08:28,1.383789,gt
2014-12-17 11:08:28,0.595703,gt
2014-12-17 11:08:28,-0.390625,gt
2014-12-17 11:08:28,-1.150391,gt
2014-12-17 11:08:28,-1.605957,gt
2014-12-17 11:08:28,-1.702637,gt
2014-12-17 11:08:28,-1.445313,gt
2014-12-17 11:08:28,-0.714355,gt
2014-12-17 11:08:28,-0.316895,gt
2014-12-17 11:08:28,-0.217773,gt
2014-12-17 11:08:28,-0.075684,gt
2014-12-17 11:08:28,0.09668,gt
2014-12-17 11:08:28,0.203613,gt
2014-12-17 11:08:28,0.28418,gt
2014-12-17 11:08:28,0.258301,gt
2014-12-17 11:08:28,0.177734,gt
2014-12-17 11:08:28,0.092285,gt
2014-12-17 11:08:28,0.370605,gt
2014-12-17 11:08:28,1.14209,gt
2014-12-17 11:08:28,0.888672,gt
2014-12-17 11:08:28,1.039063,gt
2014-12-17 11:08:28,2.057617,gt
2014-12-17 11:08:28,4.249023,gt
2014-12-17 11:08:28,5.812012,gt
2014-12-17 11:08:28,4.691895,gt
2014-12-17 11:08:28,4.678223,gt
2014-12-17 11:08:28,3.622559,gt
2014-12-17 11:08:28,2.186035,gt
2014-12-17 11:08:28,2.130859,gt
2014-12-17 11:08:28,2.019043,gt
2014-12-17 11:08:28,1.593262,gt
2014-12-17 11:08:28,0.761719,gt
2014-12-17 11:08:28,0.789551,gt
2014-12-17 11:08:28,-0.625977,gt
2014-12-17 11:08:28,-1.009277,gt
2014-12-17 11:08:28,-1.098145,gt
2014-12-17 11:08:28,-1.435547,gt
2014-12-17 11:08:28,-1.680176,gt
2014-12-17 11:08:28,-1.338379,gt
2014-12-17 11:08:28,-1.123047,gt
2014-12-17 11:08:28,-0.894531,gt
2014-12-17 11:08:28,-0.532227,gt
2014-12-17 11:08:28,-0.095703,gt
2014-12-17 11:08:28,0.441895,gt
2014-12-17 11:08:28,0.305176,gt
2014-12-17 11:08:28,0.230957,gt
2014-12-17 11:08:28,0.351074,gt
2014-12-17 11:08:28,0.154297,gt
2014-12-17 11:08:28,0.275391,gt
2014-12-17 11:08:28,0.785156,gt
2014-12-17 11:08:28,2.036621,gt
2014-12-17 11:08:28,2.23291,gt
2014-12-17 11:08:28,1.691895,gt
2014-12-17 11:08:28,2.617676,gt
2014-12-17 11:08:28,3.654297,gt
2014-12-17 11:08:28,2.40918,gt
2014-12-17 11:08:28,2.120605,gt
2014-12-17 11:08:28,1.996094,gt
2014-12-17 11:08:28,1.662109,gt
2014-12-17 11:08:28,1.297852,gt
2014-12-17 11:08:28,1.274902,gt
2014-12-17 11:08:28,2.630859,gt
2014-12-17 11:08:28,4.086914,gt
2014-12-17 11:08:28,3.404785,gt
2014-12-17 11:08:28,2.316406,gt
2014-12-17 11:08:28,1.599609,gt
2014-12-17 11:08:28,1.041016,gt
2014-12-17 11:08:28,0.344238,gt
2014-12-17 11:08:28,-0.162109,gt
2014-12-17 11:08:28,-0.87793,gt
2014-12-17 11:08:28,-1.406738,gt
2014-12-17 11:08:28,-1.577148,gt
2014-12-17 11:08:28,-1.163574,gt
2014-12-17 11:08:28,-0.509766,gt
2014-12-17 11:08:28,-0.205566,gt
2014-12-17 11:08:28,-0.291504,gt
2014-12-17 11:08:28,-0.259766,gt
2014-12-17 11:08:29,-0.074219,gt
2014-12-17 11:08:29,-0.013672,gt
2014-12-17 11:08:29,0.022949,gt
2014-12-17 11:08:29,0.057129,gt
2014-12-17 11:08:29,0.123047,gt
2014-12-17 11:08:29,0.070313,gt
2014-12-17 11:08:29,0.59668,gt
2014-12-17 11:08:29,0.919922,gt
2014-12-17 11:08:29,0.588379,gt
2014-12-17 11:08:29,1.29834,gt
2014-12-17 11:08:29,2.239258,gt
2014-12-17 11:08:29,3.603027,gt
2014-12-17 11:08:29,4.961914,gt
2014-12-17 11:08:29,4.032227,gt
2014-12-17 11:08:29,3.541992,gt
2014-12-17 11:08:29,3.918457,gt
2014-12-17 11:08:29,3.430664,gt
2014-12-17 11:08:29,2.280762,gt
2014-12-17 11:08:29,2.072266,gt
2014-12-17 11:08:29,1.761719,gt
2014-12-17 11:08:29,1.32959,gt
2014-12-17 11:08:29,0.854004,gt
2014-12-17 11:08:29,0.552246,gt
2014-12-17 11:08:29,-0.584473,gt
2014-12-17 11:08:29,-1.165527,gt
2014-12-17 11:08:29,-1.477051,gt
2014-12-17 11:08:29,-1.395508,gt
2014-12-17 11:08:29,-1.484375,gt
2014-12-17 11:08:29,-1.047852,gt
2014-12-17 11:08:29,-0.769043,gt
2014-12-17 11:08:29,-0.523438,gt
2014-12-17 11:08:29,-0.253906,gt
2014-12-17 11:08:29,0.046387,gt
2014-12-17 11:08:29,0.319824,gt
2014-12-17 11:08:29,-0.10791,gt
2014-12-17 11:08:29,0.274902,gt
2014-12-17 11:08:29,0.202637,gt
2014-12-17 11:08:29,-0.021973,gt
2014-12-17 11:08:29,0.368652,gt
2014-12-17 11:08:29,1.849609,gt
2014-12-17 11:08:29,1.94043,gt
2014-12-17 11:08:29,2.324707,gt
2014-12-17 11:08:29,4.408691,gt
2014-12-17 11:08:29,3.591797,gt
2014-12-17 11:08:29,2.553223,gt
2014-12-17 11:08:29,1.995605,gt
2014-12-17 11:08:29,1.745117,gt
2014-12-17 11:08:29,1.812012,gt
2014-12-17 11:08:29,1.505859,gt
2014-12-17 11:08:29,1.726563,gt
2014-12-17 11:08:29,2.336914,gt
2014-12-17 11:08:29,2.928223,gt
2014-12-17 11:08:29,2.707031,gt
2014-12-17 11:08:29,2.065918,gt
2014-12-17 11:08:29,1.660645,gt
2014-12-17 11:08:29,1.152344,gt
2014-12-17 11:08:29,0.476074,gt
2014-12-17 11:08:29,-0.44043,gt
2014-12-17 11:08:29,-1.299805,gt
2014-12-17 11:08:29,-1.776855,gt
2014-12-17 11:08:29,-1.504883,gt
2014-12-17 11:08:29,-0.829102,gt
2014-12-17 11:08:29,-0.050781,gt
2014-12-17 11:08:29,0.18457,gt
2014-12-17 11:08:29,0.114258,gt
2014-12-17 11:08:29,0.092285,gt
2014-12-17 11:08:29,0.14209,gt
2014-12-17 11:08:29,0.206543,gt
2014-12-17 11:08:29,0.200195,gt
2014-12-17 11:08:29,0.122559,gt
2014-12-17 11:08:29,-0.040527,gt
2014-12-17 11:08:29,0.038574,gt
2014-12-17 11:08:29,0.004395,gt
2014-12-17 11:08:29,-0.047363,gt
2014-12-17 11:08:29,0.580566,gt
2014-12-17 11:08:29,0.99707,gt
2014-12-17 11:08:29,0.610352,gt
2014-12-17 11:08:29,1.166992,gt
2014-12-17 11:08:29,2.504395,gt
2014-12-17 11:08:29,4.891602,gt
2014-12-17 11:08:29,6.266602,gt
2014-12-17 11:08:29,4.658203,gt
2014-12-17 11:08:29,4.002441,gt
2014-12-17 11:08:29,2.313477,gt
2014-12-17 11:08:29,1.399902,gt
2014-12-17 11:08:29,1.751953,gt
2014-12-17 11:08:29,2.069336,gt
2014-12-17 11:08:29,1.365234,gt
2014-12-17 11:08:29,1.452637,gt
2014-12-17 11:08:29,0.008789,gt
2014-12-17 11:08:29,-0.943848,gt
2014-12-17 11:08:29,-1.431641,gt
2014-12-17 11:08:29,-1.589844,gt
2014-12-17 11:08:29,-1.799316,gt
2014-12-17 11:08:29,-1.414551,gt
2014-12-17 11:08:29,-0.9375,gt
2014-12-17 11:08:29,-0.627441,gt
2014-12-17 11:08:29,-0.364746,gt
2014-12-17 11:08:29,0.090332,gt
2014-12-17 11:08:29,0.157715,gt
2014-12-17 11:08:30,0.311035,gt
2014-12-17 11:08:20,-0.417807181880888,extrap
2014-12-17 11:08:20,-0.0902098496848968,extrap
2014-12-17 11:08:20,0.576138369143667,extrap
2014-12-17 11:08:20,1.23716778474912,extrap
2014-12-17 11:08:20,1.57003724823239,extrap
2014-12-17 11:08:20,1.57129855727497,extrap
2014-12-17 11:08:20,1.48338517204066,extrap
2014-12-17 11:08:20,1.55313250750047,extrap
2014-12-17 11:08:20,1.8785136687173,extrap
2014-12-17 11:08:20,2.30515520450248,extrap
2014-12-17 11:08:20,2.65423820607935,extrap
2014-12-17 11:08:20,2.7730835030675,extrap
2014-12-17 11:08:20,2.6504031983914,extrap
2014-12-17 11:08:20,2.32248637946829,extrap
2014-12-17 11:08:20,1.82852707682122,extrap
2014-12-17 11:08:20,1.25023234709191,extrap
2014-12-17 11:08:20,0.702057802080575,extrap
2014-12-17 11:08:20,0.298235456782917,extrap
2014-12-17 11:08:20,0.070534655143682,extrap
2014-12-17 11:08:20,-0.0890543110474511,extrap
2014-12-17 11:08:20,-0.302080775830684,extrap
2014-12-17 11:08:20,-0.650625426060512,extrap
2014-12-17 11:08:20,-1.00329641243232,extrap
2014-12-17 11:08:20,-1.15686010886919,extrap
2014-12-17 11:08:20,-0.925938093454756,extrap
2014-12-17 11:08:20,-0.393123555980052,extrap
2014-12-17 11:08:20,0.152707824628902,extrap
2014-12-17 11:08:20,0.419788330803397,extrap
2014-12-17 11:08:20,0.303127523822739,extrap
2014-12-17 11:08:20,0.0143333805734635,extrap
2014-12-17 11:08:20,-0.204318979738893,extrap
2014-12-17 11:08:20,-0.161771567775051,extrap
2014-12-17 11:08:20,0.0559973517671261,extrap
2014-12-17 11:08:20,0.269769578777599,extrap
2014-12-17 11:08:20,0.314758569570479,extrap
2014-12-17 11:08:20,0.243186346416144,extrap
2014-12-17 11:08:20,0.274336939501842,extrap
2014-12-17 11:08:20,0.629574509058887,extrap
2014-12-17 11:08:20,1.35866383033311,extrap
2014-12-17 11:08:20,2.2203858586591,extrap
2014-12-17 11:08:20,3.11766574006206,extrap
2014-12-17 11:08:20,3.7670203094208,extrap
2014-12-17 11:08:20,3.83625616343459,extrap
2014-12-17 11:08:20,3.36877213966971,extrap
2014-12-17 11:08:20,2.78357099694805,extrap
2014-12-17 11:08:20,2.36341379763759,extrap
2014-12-17 11:08:20,1.88556108098349,extrap
2014-12-17 11:08:20,1.36950752094826,extrap
2014-12-17 11:08:20,0.860174825219072,extrap
2014-12-17 11:08:20,0.445585011330476,extrap
2014-12-17 11:08:20,0.217934986111885,extrap
2014-12-17 11:08:20,0.223850887640008,extrap
2014-12-17 11:08:20,0.263464075744366,extrap
2014-12-17 11:08:20,0.0539450815965671,extrap
2014-12-17 11:08:20,-0.655336252641108,extrap
2014-12-17 11:08:20,-1.63224064478995,extrap
2014-12-17 11:08:20,-2.27297328997494,extrap
2014-12-17 11:08:20,-1.97089425071498,extrap
2014-12-17 11:08:20,-0.639089885454332,extrap
2014-12-17 11:08:20,0.92833029885003,extrap
2014-12-17 11:08:20,1.85190982506272,extrap
2014-12-17 11:08:20,1.46596954695379,extrap
2014-12-17 11:08:20,0.261163582315417,extrap
2014-12-17 11:08:20,-0.882695415570969,extrap
2014-12-17 11:08:20,-1.13639527389845,extrap
2014-12-17 11:08:20,-0.43370662837258,extrap
2014-12-17 11:08:20,0.704372765162406,extrap
2014-12-17 11:08:20,1.74465765776479,extrap
2014-12-17 11:08:20,2.37975708247192,extrap
2014-12-17 11:08:20,2.68501459104125,extrap
2014-12-17 11:08:20,2.77284711708361,extrap
2014-12-17 11:08:20,2.7469137696834,extrap
2014-12-17 11:08:20,2.66350555320887,extrap
2014-12-17 11:08:20,2.56297227009961,extrap
2014-12-17 11:08:20,2.4841881401269,extrap
2014-12-17 11:08:20,2.44412842215835,extrap
2014-12-17 11:08:20,2.44291072310391,extrap
2014-12-17 11:08:20,2.47988221188406,extrap
2014-12-17 11:08:20,2.52833122455691,extrap
2014-12-17 11:08:20,2.51737485082932,extrap
2014-12-17 11:08:20,2.37185155540097,extrap
2014-12-17 11:08:20,2.03500761808783,extrap
2014-12-17 11:08:20,1.54965819650404,extrap
2014-12-17 11:08:20,0.992129570363071,extrap
2014-12-17 11:08:20,0.437751352234741,extrap
2014-12-17 11:08:20,-0.053439130643923,extrap
2014-12-17 11:08:20,-0.433177173384133,extrap
2014-12-17 11:08:20,-0.654002817303366,extrap
2014-12-17 11:08:20,-0.707293139065601,extrap
2014-12-17 11:08:20,-0.650260020875119,extrap
2014-12-17 11:08:20,-0.546497394816889,extrap
2014-12-17 11:08:20,-0.450480547975316,extrap
2014-12-17 11:08:20,-0.367381825311582,extrap
2014-12-17 11:08:20,-0.285781222129322,extrap
2014-12-17 11:08:20,-0.194949388851986,extrap
2014-12-17 11:08:20,-0.0946780793092831,extrap
2014-12-17 11:08:20,0.00714188805077171,extrap
2014-12-17 11:08:20,0.102804565966037,extrap
2014-12-17 11:08:20,0.215025557089914,extrap
2014-12-17 11:08:20,0.418086771085844,extrap
2014-12-17 11:08:21,0.791265061362988,extrap
2014-12-17 11:08:21,1.3832289478501,extrap
2014-12-17 11:08:21,2.07708480218936,extrap
2014-12-17 11:08:21,2.70021703260485,extrap
2014-12-17 11:08:21,3.36690544163232,extrap
2014-12-17 11:08:21,3.83765483020068,extrap
2014-12-17 11:08:21,3.77436121794975,extrap
2014-12-17 11:08:21,3.23089597755665,extrap
2014-12-17 11:08:21,2.65311802461606,extrap
2014-12-17 11:08:21,2.33034684242132,extrap
2014-12-17 11:08:21,1.9848907040633,extrap
2014-12-17 11:08:21,1.63889752054481,extrap
2014-12-17 11:08:21,1.30668854466979,extrap
2014-12-17 11:08:21,0.99994395513388,extrap
2014-12-17 11:08:21,0.72677213641445,extrap
2014-12-17 11:08:21,0.441519235126085,extrap
2014-12-17 11:08:21,0.0571706403721971,extrap
2014-12-17 11:08:21,-0.512449378506032,extrap
2014-12-17 11:08:21,-1.20628437418251,extrap
2014-12-17 11:08:21,-1.71371074339053,extrap
2014-12-17 11:08:21,-1.69993068895691,extrap
2014-12-17 11:08:21,-0.942190487382502,extrap
2014-12-17 11:08:21,0.176255163609245,extrap
2014-12-17 11:08:21,1.06820626024781,extrap
2014-12-17 11:08:21,1.18714732408549,extrap
2014-12-17 11:08:21,0.597611575663777,extrap
2014-12-17 11:08:21,-0.165487167788595,extrap
2014-12-17 11:08:21,-0.55875517456932,extrap
2014-12-17 11:08:21,-0.318840555507254,extrap
2014-12-17 11:08:21,0.342921270798097,extrap
2014-12-17 11:08:21,1.16921454438479,extrap
2014-12-17 11:08:21,1.9281846196108,extrap
2014-12-17 11:08:21,2.52569740942889,extrap
2014-12-17 11:08:21,3.18446644256865,extrap
2014-12-17 11:08:21,3.53991554196183,extrap
2014-12-17 11:08:21,3.24612349072313,extrap
2014-12-17 11:08:21,2.74182029615415,extrap
2014-12-17 11:08:21,2.47075083439322,extrap
2014-12-17 11:08:21,2.23689328445899,extrap
2014-12-17 11:08:21,2.12395605506379,extrap
2014-12-17 11:08:21,2.21540246863902,extrap
2014-12-17 11:08:21,2.55050040486767,extrap
2014-12-17 11:08:21,3.10366715776394,extrap
2014-12-17 11:08:21,3.22549706313688,extrap
2014-12-17 11:08:21,2.71969645243235,extrap
2014-12-17 11:08:21,1.94233179889765,extrap
2014-12-17 11:08:21,1.06218458218159,extrap
2014-12-17 11:08:21,0.405668986140803,extrap
2014-12-17 11:08:21,0.114567321961234,extrap
2014-12-17 11:08:21,0.0177000742154997,extrap
2014-12-17 11:08:21,-0.0864271585245775,extrap
2014-12-17 11:08:21,-0.3535123624278,extrap
2014-12-17 11:08:21,-0.691538211131479,extrap
2014-12-17 11:08:21,-0.925115763892279,extrap
2014-12-17 11:08:21,-0.891494746962979,extrap
2014-12-17 11:08:21,-0.617991659204695,extrap
2014-12-17 11:08:21,-0.278244120630182,extrap
2014-12-17 11:08:21,-0.0483312561346645,extrap
2014-12-17 11:08:21,-0.00196838096402679,extrap
2014-12-17 11:08:21,-0.03934700258674,extrap
2014-12-17 11:08:21,-0.0438489325255783,extrap
2014-12-17 11:08:21,0.0774735675478584,extrap
2014-12-17 11:08:21,0.289533477713558,extrap
2014-12-17 11:08:21,0.514156999620675,extrap
2014-12-17 11:08:21,0.679538032527908,extrap
2014-12-17 11:08:21,0.809908766085476,extrap
2014-12-17 11:08:21,1.00341172441896,extrap
2014-12-17 11:08:21,1.35900286762309,extrap
2014-12-17 11:08:21,1.89146988151281,extrap
2014-12-17 11:08:21,2.47293030248372,extrap
2014-12-17 11:08:21,3.18116500020531,extrap
2014-12-17 11:08:21,3.74674307444694,extrap
2014-12-17 11:08:21,3.80594396649103,extrap
2014-12-17 11:08:21,3.35932770481778,extrap
2014-12-17 11:08:21,2.77172357684531,extrap
2014-12-17 11:08:21,2.2947052460453,extrap
2014-12-17 11:08:21,1.76401017767537,extrap
2014-12-17 11:08:21,1.25654668531432,extrap
2014-12-17 11:08:21,0.816217566982672,extrap
2014-12-17 11:08:21,0.430979340743915,extrap
2014-12-17 11:08:21,0.0833693170942222,extrap
2014-12-17 11:08:21,-0.24472083428989,extrap
2014-12-17 11:08:21,-0.574891750204312,extrap
2014-12-17 11:08:21,-0.929919445848235,extrap
2014-12-17 11:08:21,-1.32371044756487,extrap
2014-12-17 11:08:21,-1.63743416254177,extrap
2014-12-17 11:08:21,-1.65007357249737,extrap
2014-12-17 11:08:21,-1.14122408924943,extrap
2014-12-17 11:08:21,-0.141280250965552,extrap
2014-12-17 11:08:21,0.894088602297503,extrap
2014-12-17 11:08:21,1.46810080699201,extrap
2014-12-17 11:08:21,1.20703220490046,extrap
2014-12-17 11:08:21,0.402840280395295,extrap
2014-12-17 11:08:21,-0.428489825812429,extrap
2014-12-17 11:08:21,-0.79786251389378,extrap
2014-12-17 11:08:21,-0.621047335381498,extrap
2014-12-17 11:08:21,-0.125475926664117,extrap
2014-12-17 11:08:21,0.454507442041013,extrap
2014-12-17 11:08:21,0.969987005135141,extrap
2014-12-17 11:08:21,1.41685331059661,extrap
2014-12-17 11:08:22,1.8050234953197,extrap
2014-12-17 11:08:22,2.14213708454944,extrap
2014-12-17 11:08:22,2.42351387766748,extrap
2014-12-17 11:08:22,2.64032731982546,extrap
2014-12-17 11:08:22,2.78310295607519,extrap
2014-12-17 11:08:22,2.83271787219189,extrap
2014-12-17 11:08:22,2.76262137812566,extrap
2014-12-17 11:08:22,2.5464411031498,extrap
2014-12-17 11:08:22,2.18639095324962,extrap
2014-12-17 11:08:22,1.73314336289083,extrap
2014-12-17 11:08:22,1.24206506837681,extrap
2014-12-17 11:08:22,0.762723906262781,extrap
2014-12-17 11:08:22,0.313321147504493,extrap
2014-12-17 11:08:22,-0.0985080475857145,extrap
2014-12-17 11:08:22,-0.462857629844347,extrap
2014-12-17 11:08:22,-0.73618935735985,extrap
2014-12-17 11:08:22,-0.849041727791081,extrap
2014-12-17 11:08:22,-0.732464762223299,extrap
2014-12-17 11:08:22,-0.408654904448164,extrap
2014-12-17 11:08:22,-0.0543071175370587,extrap
2014-12-17 11:08:22,0.138918216013719,extrap
2014-12-17 11:08:22,0.0292401103409664,extrap
2014-12-17 11:08:22,-0.255341668844912,extrap
2014-12-17 11:08:22,-0.496035683608414,extrap
2014-12-17 11:08:22,-0.488213317648795,extrap
2014-12-17 11:08:22,-0.240183255793244,extrap
2014-12-17 11:08:22,0.0758283177120589,extrap
2014-12-17 11:08:22,0.285010822401869,extrap
2014-12-17 11:08:22,0.33882063881444,extrap
2014-12-17 11:08:22,0.4027440340128,extrap
2014-12-17 11:08:22,0.662999169684233,extrap
2014-12-17 11:08:22,1.25461218981508,extrap
2014-12-17 11:08:22,2.03570881742889,extrap
2014-12-17 11:08:22,2.77122055641748,extrap
2014-12-17 11:08:22,3.60677867670691,extrap
2014-12-17 11:08:22,4.03793353553589,extrap
2014-12-17 11:08:22,3.61017365349648,extrap
2014-12-17 11:08:22,2.87653017057157,extrap
2014-12-17 11:08:22,2.38707215267573,extrap
2014-12-17 11:08:22,1.84344756342804,extrap
2014-12-17 11:08:22,1.33120161895874,extrap
2014-12-17 11:08:22,0.92416063597806,extrap
2014-12-17 11:08:22,0.632711431236127,extrap
2014-12-17 11:08:22,0.445890972567229,extrap
2014-12-17 11:08:22,0.347376546904164,extrap
2014-12-17 11:08:22,0.240890933426941,extrap
2014-12-17 11:08:22,-0.0313914548405251,extrap
2014-12-17 11:08:22,-0.625877394115419,extrap
2014-12-17 11:08:22,-1.46671198932991,extrap
2014-12-17 11:08:22,-2.08434322342868,extrap
2014-12-17 11:08:22,-1.97108381058879,extrap
2014-12-17 11:08:22,-0.788594440249387,extrap
2014-12-17 11:08:22,0.885451746498412,extrap
2014-12-17 11:08:22,2.16508642847731,extrap
2014-12-17 11:08:22,2.226337901605,extrap
2014-12-17 11:08:22,1.17643574376995,extrap
2014-12-17 11:08:22,-0.160513899363026,extrap
2014-12-17 11:08:22,-0.947626613117859,extrap
2014-12-17 11:08:22,-0.786348008763959,extrap
2014-12-17 11:08:22,-0.0211665310271398,extrap
2014-12-17 11:08:22,0.931448911907545,extrap
2014-12-17 11:08:22,1.70904725180278,extrap
2014-12-17 11:08:22,2.24136286832471,extrap
2014-12-17 11:08:22,2.55647386981231,extrap
2014-12-17 11:08:22,2.68441394259701,extrap
2014-12-17 11:08:22,2.68368605243189,extrap
2014-12-17 11:08:22,2.63467978139895,extrap
2014-12-17 11:08:22,2.61790146605963,extrap
2014-12-17 11:08:22,2.67931329034452,extrap
2014-12-17 11:08:22,2.80632307836659,extrap
2014-12-17 11:08:22,3.2368015397104,extrap
2014-12-17 11:08:22,3.68629349274223,extrap
2014-12-17 11:08:22,3.72542215164411,extrap
2014-12-17 11:08:22,3.24612654390326,extrap
2014-12-17 11:08:22,2.46165151815449,extrap
2014-12-17 11:08:22,1.55425719394664,extrap
2014-12-17 11:08:22,0.595754569826762,extrap
2014-12-17 11:08:22,-0.147350396165187,extrap
2014-12-17 11:08:22,-0.537304947843574,extrap
2014-12-17 11:08:22,-0.654600539254632,extrap
2014-12-17 11:08:22,-0.600868737362219,extrap
2014-12-17 11:08:22,-0.472116917934147,extrap
2014-12-17 11:08:22,-0.333930899243498,extrap
2014-12-17 11:08:22,-0.241657752776201,extrap
2014-12-17 11:08:22,-0.246287392500856,extrap
2014-12-17 11:08:22,-0.333724332078591,extrap
2014-12-17 11:08:22,-0.439767700558062,extrap
2014-12-17 11:08:22,-0.499267671946271,extrap
2014-12-17 11:08:22,-0.473389088051205,extrap
2014-12-17 11:08:22,-0.367910324536126,extrap
2014-12-17 11:08:22,-0.192930267449869,extrap
2014-12-17 11:08:22,0.0461406071132044,extrap
2014-12-17 11:08:22,0.36924761418749,extrap
2014-12-17 11:08:22,0.804869274618926,extrap
2014-12-17 11:08:22,1.37628791904254,extrap
2014-12-17 11:08:22,2.02894074676124,extrap
2014-12-17 11:08:22,2.64834037269408,extrap
2014-12-17 11:08:22,3.41486455923932,extrap
2014-12-17 11:08:22,4.01079595893984,extrap
2014-12-17 11:08:22,3.98248390224141,extrap
2014-12-17 11:08:23,3.32384823411624,extrap
2014-12-17 11:08:23,2.47636539568443,extrap
2014-12-17 11:08:23,1.76471442901084,extrap
2014-12-17 11:08:23,1.08546323647975,extrap
2014-12-17 11:08:23,0.603600474595969,extrap
2014-12-17 11:08:23,0.335974877419625,extrap
2014-12-17 11:08:23,0.185391049982078,extrap
2014-12-17 11:08:23,0.0520863739144938,extrap
2014-12-17 11:08:23,-0.135323716805798,extrap
2014-12-17 11:08:23,-0.400118234907958,extrap
2014-12-17 11:08:23,-0.76091608489438,extrap
2014-12-17 11:08:23,-1.20233079436314,extrap
2014-12-17 11:08:23,-1.52503894912556,extrap
2014-12-17 11:08:23,-1.46780294012392,extrap
2014-12-17 11:08:23,-0.798844196415868,extrap
2014-12-17 11:08:23,0.272207088019715,extrap
2014-12-17 11:08:23,1.19593697465246,extrap
2014-12-17 11:08:23,1.41942836969534,extrap
2014-12-17 11:08:23,0.794954624285816,extrap
2014-12-17 11:08:23,-0.138389399420387,extrap
2014-12-17 11:08:23,-0.774980227664252,extrap
2014-12-17 11:08:23,-0.639215275795802,extrap
2014-12-17 11:08:23,0.0412691175150902,extrap
2014-12-17 11:08:23,0.802169477601744,extrap
2014-12-17 11:08:23,1.20619465489487,extrap
2014-12-17 11:08:23,1.22289832160303,extrap
2014-12-17 11:08:23,1.13502016987649,extrap
2014-12-17 11:08:23,1.23120760816015,extrap
2014-12-17 11:08:23,1.63389735370929,extrap
2014-12-17 11:08:23,2.18378927756228,extrap
2014-12-17 11:08:23,2.6942929563861,extrap
2014-12-17 11:08:23,3.32224804461183,extrap
2014-12-17 11:08:23,3.67236185695314,extrap
2014-12-17 11:08:23,3.37886010687001,extrap
2014-12-17 11:08:23,2.88158016513506,extrap
2014-12-17 11:08:23,2.59942181186466,extrap
2014-12-17 11:08:23,2.20629901045561,extrap
2014-12-17 11:08:23,1.69683028040653,extrap
2014-12-17 11:08:23,1.0939382868838,extrap
2014-12-17 11:08:23,0.468596484505587,extrap
2014-12-17 11:08:23,-0.103615001366808,extrap
2014-12-17 11:08:23,-0.551303183461094,extrap
2014-12-17 11:08:23,-0.825794930293782,extrap
2014-12-17 11:08:23,-0.886063221854302,extrap
2014-12-17 11:08:23,-0.698758224071619,extrap
2014-12-17 11:08:23,-0.34531518503809,extrap
2014-12-17 11:08:23,0.00446997225497514,extrap
2014-12-17 11:08:23,0.179924075768419,extrap
2014-12-17 11:08:23,0.118352305681782,extrap
2014-12-17 11:08:23,-0.0599105332202787,extrap
2014-12-17 11:08:23,-0.216800565918834,extrap
2014-12-17 11:08:23,-0.241081107978881,extrap
2014-12-17 11:08:23,-0.166625214716912,extrap
2014-12-17 11:08:23,-0.0761443969401322,extrap
2014-12-17 11:08:23,-0.0441468376730025,extrap
2014-12-17 11:08:23,-0.021834372752085,extrap
2014-12-17 11:08:23,0.134517396161796,extrap
2014-12-17 11:08:23,0.569405848065957,extrap
2014-12-17 11:08:23,1.29816497332142,extrap
2014-12-17 11:08:23,2.11717517802554,extrap
2014-12-17 11:08:23,2.80160627345973,extrap
2014-12-17 11:08:23,3.56562187535597,extrap
2014-12-17 11:08:23,3.94094607007077,extrap
2014-12-17 11:08:23,3.50064988836818,extrap
2014-12-17 11:08:23,2.83870286735179,extrap
2014-12-17 11:08:23,2.51859604628778,extrap
2014-12-17 11:08:23,2.14629971233589,extrap
2014-12-17 11:08:23,1.73579379721077,extrap
2014-12-17 11:08:23,1.31937347427718,extrap
2014-12-17 11:08:23,0.960379323084429,extrap
2014-12-17 11:08:23,0.725159120447765,extrap
2014-12-17 11:08:23,0.646618423398642,extrap
2014-12-17 11:08:23,0.576785156187079,extrap
2014-12-17 11:08:23,0.306814913764,extrap
2014-12-17 11:08:23,-0.349821578981187,extrap
2014-12-17 11:08:23,-1.24507320401181,extrap
2014-12-17 11:08:23,-1.97333142564377,extrap
2014-12-17 11:08:23,-2.12611772960265,extrap
2014-12-17 11:08:23,-1.58548193590665,extrap
2014-12-17 11:08:23,-0.725936389423659,extrap
2014-12-17 11:08:23,0.0303044363768743,extrap
2014-12-17 11:08:23,0.340945538385102,extrap
2014-12-17 11:08:23,0.295980695601174,extrap
2014-12-17 11:08:23,0.130895757236167,extrap
2014-12-17 11:08:23,0.0680353596671805,extrap
2014-12-17 11:08:23,0.131456394361008,extrap
2014-12-17 11:08:23,0.192565793258421,extrap
2014-12-17 11:08:23,0.120344215179912,extrap
2014-12-17 11:08:23,-0.100091351569286,extrap
2014-12-17 11:08:23,-0.286723644321087,extrap
2014-12-17 11:08:23,-0.238481685293596,extrap
2014-12-17 11:08:23,0.195447883549313,extrap
2014-12-17 11:08:23,0.894030026872554,extrap
2014-12-17 11:08:23,1.64474219556583,extrap
2014-12-17 11:08:23,2.24482913629834,extrap
2014-12-17 11:08:23,2.63871189279654,extrap
2014-12-17 11:08:23,2.88410669220272,extrap
2014-12-17 11:08:23,3.50315830510348,extrap
2014-12-17 11:08:23,3.91963959632296,extrap
2014-12-17 11:08:23,3.5111419763686,extrap
2014-12-17 11:08:24,2.77537060659115,extrap
2014-12-17 11:08:24,2.22490997759039,extrap
2014-12-17 11:08:24,1.51675143687829,extrap
2014-12-17 11:08:24,0.812977417468685,extrap
2014-12-17 11:08:24,0.267004671418454,extrap
2014-12-17 11:08:24,-0.0980181583958031,extrap
2014-12-17 11:08:24,-0.359228110408214,extrap
2014-12-17 11:08:24,-0.595553408074968,extrap
2014-12-17 11:08:24,-0.824881800794048,extrap
2014-12-17 11:08:24,-0.961627207481721,extrap
2014-12-17 11:08:24,-0.910179771924989,extrap
2014-12-17 11:08:24,-0.611537724685683,extrap
2014-12-17 11:08:24,-0.20471443801842,extrap
2014-12-17 11:08:24,0.104636879533722,extrap
2014-12-17 11:08:24,0.126409790408801,extrap
2014-12-17 11:08:24,-0.0957504183928486,extrap
2014-12-17 11:08:24,-0.338289234331273,extrap
2014-12-17 11:08:24,-0.374944261334156,extrap
2014-12-17 11:08:24,-0.128010383044416,extrap
2014-12-17 11:08:24,0.228404235992504,extrap
2014-12-17 11:08:24,0.495799667588122,extrap
2014-12-17 11:08:24,0.528470405023605,extrap
2014-12-17 11:08:24,0.466258074552542,extrap
2014-12-17 11:08:24,0.545101972667891,extrap
2014-12-17 11:08:24,0.983208262811997,extrap
2014-12-17 11:08:24,1.73236456222613,extrap
2014-12-17 11:08:24,2.53927153691852,extrap
2014-12-17 11:08:24,3.38932020570584,extrap
2014-12-17 11:08:24,3.98410017049909,extrap
2014-12-17 11:08:24,3.9473289163802,extrap
2014-12-17 11:08:24,3.31477960517376,extrap
2014-12-17 11:08:24,2.5342938897971,extrap
2014-12-17 11:08:24,1.92232090562925,extrap
2014-12-17 11:08:24,1.31421740591733,extrap
2014-12-17 11:08:24,0.811181684510047,extrap
2014-12-17 11:08:24,0.428769721847126,extrap
2014-12-17 11:08:24,0.116606567127375,extrap
2014-12-17 11:08:24,-0.177065863377564,extrap
2014-12-17 11:08:24,-0.479789379951795,extrap
2014-12-17 11:08:24,-0.778020874332562,extrap
2014-12-17 11:08:24,-1.05426128377851,extrap
2014-12-17 11:08:24,-1.27777226396964,extrap
2014-12-17 11:08:24,-1.3462472562419,extrap
2014-12-17 11:08:24,-1.1332942257786,extrap
2014-12-17 11:08:24,-0.530949680486216,extrap
2014-12-17 11:08:24,0.292737952473685,extrap
2014-12-17 11:08:24,0.957248389789989,extrap
2014-12-17 11:08:24,1.08042991063463,extrap
2014-12-17 11:08:24,0.576757075616289,extrap
2014-12-17 11:08:24,-0.136496652618795,extrap
2014-12-17 11:08:24,-0.593354454975026,extrap
2014-12-17 11:08:24,-0.427297165858497,extrap
2014-12-17 11:08:24,0.19022249799974,extrap
2014-12-17 11:08:24,0.906690811316235,extrap
2014-12-17 11:08:24,1.38862943125348,extrap
2014-12-17 11:08:24,1.5894499449417,extrap
2014-12-17 11:08:24,1.68342345968878,extrap
2014-12-17 11:08:24,1.84928240586385,extrap
2014-12-17 11:08:24,2.1713052380289,extrap
2014-12-17 11:08:24,2.5736550965746,extrap
2014-12-17 11:08:24,3.19439582432427,extrap
2014-12-17 11:08:24,3.74701517292635,extrap
2014-12-17 11:08:24,3.82779250949731,extrap
2014-12-17 11:08:24,3.36777890668768,extrap
2014-12-17 11:08:24,2.63286577784553,extrap
2014-12-17 11:08:24,1.84062794098811,extrap
2014-12-17 11:08:24,1.03358678780224,extrap
2014-12-17 11:08:24,0.452745905378829,extrap
2014-12-17 11:08:24,0.181431540254782,extrap
2014-12-17 11:08:24,0.0356976213465005,extrap
2014-12-17 11:08:24,-0.194291117695095,extrap
2014-12-17 11:08:24,-0.655631847379546,extrap
2014-12-17 11:08:24,-1.15609264062551,extrap
2014-12-17 11:08:24,-1.3892441859007,extrap
2014-12-17 11:08:24,-1.07549358330012,extrap
2014-12-17 11:08:24,-0.338079971672422,extrap
2014-12-17 11:08:24,0.389660499752853,extrap
2014-12-17 11:08:24,0.670192348167037,extrap
2014-12-17 11:08:24,0.358218874005397,extrap
2014-12-17 11:08:24,-0.196194786399721,extrap
2014-12-17 11:08:24,-0.595000527844439,extrap
2014-12-17 11:08:24,-0.523993545333851,extrap
2014-12-17 11:08:24,-0.122482026043038,extrap
2014-12-17 11:08:24,0.317590505483531,extrap
2014-12-17 11:08:24,0.523654832943073,extrap
2014-12-17 11:08:24,0.514782694980316,extrap
2014-12-17 11:08:24,0.534562882410843,extrap
2014-12-17 11:08:24,0.830151144880767,extrap
2014-12-17 11:08:24,1.47777657060666,extrap
2014-12-17 11:08:24,2.26383458738974,extrap
2014-12-17 11:08:24,3.09435228860834,extrap
2014-12-17 11:08:24,3.70391271001304,extrap
2014-12-17 11:08:24,3.78188284601251,extrap
2014-12-17 11:08:24,3.34075786800304,extrap
2014-12-17 11:08:24,2.71617117319884,extrap
2014-12-17 11:08:24,2.15955641826167,extrap
2014-12-17 11:08:24,1.60951313775841,extrap
2014-12-17 11:08:24,1.19307378255733,extrap
2014-12-17 11:08:24,0.953421760993517,extrap
2014-12-17 11:08:24,0.791611448470923,extrap
2014-12-17 11:08:25,0.594929964887168,extrap
2014-12-17 11:08:25,0.268539313006637,extrap
2014-12-17 11:08:25,-0.185712286266166,extrap
2014-12-17 11:08:25,-0.733435684248293,extrap
2014-12-17 11:08:25,-1.3311408162509,extrap
2014-12-17 11:08:25,-1.79951778101114,extrap
2014-12-17 11:08:25,-1.85469705072324,extrap
2014-12-17 11:08:25,-1.21440688008328,extrap
2014-12-17 11:08:25,0.071824217639423,extrap
2014-12-17 11:08:25,1.39201069981732,extrap
2014-12-17 11:08:25,2.07968036999053,extrap
2014-12-17 11:08:25,1.63747156933098,extrap
2014-12-17 11:08:25,0.482750777546638,extrap
2014-12-17 11:08:25,-0.659273907075157,extrap
2014-12-17 11:08:25,-1.1018110083745,extrap
2014-12-17 11:08:25,-0.737806048822724,extrap
2014-12-17 11:08:25,0.0936249305001305,extrap
2014-12-17 11:08:25,1.04330604938102,extrap
2014-12-17 11:08:25,1.87174504867227,extrap
2014-12-17 11:08:25,2.52536982429831,extrap
2014-12-17 11:08:25,3.24884965731571,extrap
2014-12-17 11:08:25,3.80566031623421,extrap
2014-12-17 11:08:25,3.8299568913151,extrap
2014-12-17 11:08:25,3.36805160048533,extrap
2014-12-17 11:08:25,2.87840097223108,extrap
2014-12-17 11:08:25,2.66832947129298,extrap
2014-12-17 11:08:25,2.49604537564019,extrap
2014-12-17 11:08:25,2.41496045208939,extrap
2014-12-17 11:08:25,2.41089209679841,extrap
2014-12-17 11:08:25,2.35508129284876,extrap
2014-12-17 11:08:25,2.10767063813429,extrap
2014-12-17 11:08:25,1.56707473014578,extrap
2014-12-17 11:08:25,0.838723503440471,extrap
2014-12-17 11:08:25,0.0977204330459411,extrap
2014-12-17 11:08:25,-0.486624277789167,extrap
2014-12-17 11:08:25,-0.832477527002471,extrap
2014-12-17 11:08:25,-0.925349637923691,extrap
2014-12-17 11:08:25,-0.753428492241642,extrap
2014-12-17 11:08:25,-0.378024076848388,extrap
2014-12-17 11:08:25,0.0155507623367811,extrap
2014-12-17 11:08:25,0.230002768129137,extrap
2014-12-17 11:08:25,0.120818389011073,extrap
2014-12-17 11:08:25,-0.171009631039758,extrap
2014-12-17 11:08:25,-0.408404621199146,extrap
2014-12-17 11:08:25,-0.3702079115981,extrap
2014-12-17 11:08:25,-0.0745199822142464,extrap
2014-12-17 11:08:25,0.276378830518316,extrap
2014-12-17 11:08:25,0.477390372091499,extrap
2014-12-17 11:08:25,0.471948792251481,extrap
2014-12-17 11:08:25,0.455259186779352,extrap
2014-12-17 11:08:25,0.646914314354115,extrap
2014-12-17 11:08:25,1.20943462101701,extrap
2014-12-17 11:08:25,1.99663329522395,extrap
2014-12-17 11:08:25,2.75842432689973,extrap
2014-12-17 11:08:25,3.65846619223443,extrap
2014-12-17 11:08:25,4.13446079881972,extrap
2014-12-17 11:08:25,3.67301904731038,extrap
2014-12-17 11:08:25,2.85518421274723,extrap
2014-12-17 11:08:25,2.266613660521,extrap
2014-12-17 11:08:25,1.60072369545195,extrap
2014-12-17 11:08:25,0.969008723050624,extrap
2014-12-17 11:08:25,0.466736130055124,extrap
2014-12-17 11:08:25,0.10140047199141,extrap
2014-12-17 11:08:25,-0.149049490983656,extrap
2014-12-17 11:08:25,-0.308472345535751,extrap
2014-12-17 11:08:25,-0.42769854360551,extrap
2014-12-17 11:08:25,-0.578299580275153,extrap
2014-12-17 11:08:25,-0.831074288566734,extrap
2014-12-17 11:08:25,-1.15574948765699,extrap
2014-12-17 11:08:25,-1.35072901973628,extrap
2014-12-17 11:08:25,-1.1978216151474,extrap
2014-12-17 11:08:25,-0.557260796531931,extrap
2014-12-17 11:08:25,0.286546791167281,extrap
2014-12-17 11:08:25,0.906443818008396,extrap
2014-12-17 11:08:25,0.906159053549736,extrap
2014-12-17 11:08:25,0.353169383177864,extrap
2014-12-17 11:08:25,-0.328058568937569,extrap
2014-12-17 11:08:25,-0.706778493301514,extrap
2014-12-17 11:08:25,-0.576851484625598,extrap
2014-12-17 11:08:25,-0.112861329075529,extrap
2014-12-17 11:08:25,0.473729679940605,extrap
2014-12-17 11:08:25,0.999917204372245,extrap
2014-12-17 11:08:25,1.43662754168847,extrap
2014-12-17 11:08:25,1.80659422507085,extrap
2014-12-17 11:08:25,2.13122945782376,extrap
2014-12-17 11:08:25,2.41158846170051,extrap
2014-12-17 11:08:25,2.63305482725367,extrap
2014-12-17 11:08:25,2.78078476184093,extrap
2014-12-17 11:08:25,2.85353885524277,extrap
2014-12-17 11:08:25,2.87313370414523,extrap
2014-12-17 11:08:25,2.86362533745605,extrap
2014-12-17 11:08:25,2.83378257585024,extrap
2014-12-17 11:08:25,2.70970475460674,extrap
2014-12-17 11:08:25,2.38966972516138,extrap
2014-12-17 11:08:25,1.78282056068692,extrap
2014-12-17 11:08:25,0.961186816333071,extrap
2014-12-17 11:08:25,0.122186810389569,extrap
2014-12-17 11:08:25,-0.534599297657841,extrap
2014-12-17 11:08:25,-0.891873332368644,extrap
2014-12-17 11:08:25,-0.971809895411027,extrap
2014-12-17 11:08:26,-0.810093547108578,extrap
2014-12-17 11:08:26,-0.45879581490662,extrap
2014-12-17 11:08:26,-0.058626226823528,extrap
2014-12-17 11:08:26,0.219873487278491,extrap
2014-12-17 11:08:26,0.219604047747905,extrap
2014-12-17 11:08:26,-0.0150431854679433,extrap
2014-12-17 11:08:26,-0.284561174478257,extrap
2014-12-17 11:08:26,-0.387060776230987,extrap
2014-12-17 11:08:26,-0.24512147664786,extrap
2014-12-17 11:08:26,0.007682058291617,extrap
2014-12-17 11:08:26,0.217335518802234,extrap
2014-12-17 11:08:26,0.272123119115486,extrap
2014-12-17 11:08:26,0.289124101132061,extrap
2014-12-17 11:08:26,0.462429006074138,extrap
2014-12-17 11:08:26,0.970126118333833,extrap
2014-12-17 11:08:26,1.75018303237055,extrap
2014-12-17 11:08:26,2.55571823763876,extrap
2014-12-17 11:08:26,3.37121393869022,extrap
2014-12-17 11:08:26,3.92858371205723,extrap
2014-12-17 11:08:26,3.89029871326181,extrap
2014-12-17 11:08:26,3.31425475704804,extrap
2014-12-17 11:08:26,2.65378461453087,extrap
2014-12-17 11:08:26,2.21521726403969,extrap
2014-12-17 11:08:26,1.76808753252521,extrap
2014-12-17 11:08:26,1.36062744091058,extrap
2014-12-17 11:08:26,1.01729715384436,extrap
2014-12-17 11:08:26,0.744257443541609,extrap
2014-12-17 11:08:26,0.546563178197476,extrap
2014-12-17 11:08:26,0.380125028350287,extrap
2014-12-17 11:08:26,0.117551374182673,extrap
2014-12-17 11:08:26,-0.376618437535104,extrap
2014-12-17 11:08:26,-1.16743758181366,extrap
2014-12-17 11:08:26,-1.93912133679279,extrap
2014-12-17 11:08:26,-2.24770933432312,extrap
2014-12-17 11:08:26,-1.68914256448323,extrap
2014-12-17 11:08:26,-0.457895714607714,extrap
2014-12-17 11:08:26,0.790780978262485,extrap
2014-12-17 11:08:26,1.39513767213014,extrap
2014-12-17 11:08:26,1.10776026496786,extrap
2014-12-17 11:08:26,0.383665346913516,extrap
2014-12-17 11:08:26,-0.254109517524649,extrap
2014-12-17 11:08:26,-0.37321252802173,extrap
2014-12-17 11:08:26,-0.031766864961557,extrap
2014-12-17 11:08:26,0.547040462872965,extrap
2014-12-17 11:08:26,1.14656224631737,extrap
2014-12-17 11:08:26,1.64986503224603,extrap
2014-12-17 11:08:26,2.0167742513033,extrap
2014-12-17 11:08:26,2.20970047699831,extrap
2014-12-17 11:08:26,2.23830294943905,extrap
2014-12-17 11:08:26,2.19233016304227,extrap
2014-12-17 11:08:26,2.16928841655671,extrap
2014-12-17 11:08:26,2.25144410117228,extrap
2014-12-17 11:08:26,2.43863011535888,extrap
2014-12-17 11:08:26,2.70293535865118,extrap
2014-12-17 11:08:26,3.3584800879355,extrap
2014-12-17 11:08:26,3.84618552265237,extrap
2014-12-17 11:08:26,3.56985473697262,extrap
2014-12-17 11:08:26,2.81944161046788,extrap
2014-12-17 11:08:26,1.96713780943005,extrap
2014-12-17 11:08:26,0.958548581871878,extrap
2014-12-17 11:08:26,0.0923082661997525,extrap
2014-12-17 11:08:26,-0.389009041283926,extrap
2014-12-17 11:08:26,-0.546062157043714,extrap
2014-12-17 11:08:26,-0.541565899222113,extrap
2014-12-17 11:08:26,-0.530660425567492,extrap
2014-12-17 11:08:26,-0.553932456533635,extrap
2014-12-17 11:08:26,-0.563786937309763,extrap
2014-12-17 11:08:26,-0.510862126997639,extrap
2014-12-17 11:08:26,-0.384601523851262,extrap
2014-12-17 11:08:26,-0.240225776903519,extrap
2014-12-17 11:08:26,-0.139327004988898,extrap
2014-12-17 11:08:26,-0.126340450763225,extrap
2014-12-17 11:08:26,-0.1529056283337,extrap
2014-12-17 11:08:26,-0.139432694927419,extrap
2014-12-17 11:08:26,-0.0124198986240309,extrap
2014-12-17 11:08:26,0.210188294963652,extrap
2014-12-17 11:08:26,0.440052824114194,extrap
2014-12-17 11:08:26,0.588051643694554,extrap
2014-12-17 11:08:26,0.644579272559813,extrap
2014-12-17 11:08:26,0.734815457877837,extrap
2014-12-17 11:08:26,0.996995848474243,extrap
2014-12-17 11:08:26,1.52806127041248,extrap
2014-12-17 11:08:26,2.20158659701649,extrap
2014-12-17 11:08:26,2.81597016170539,extrap
2014-12-17 11:08:26,3.51493400415676,extrap
2014-12-17 11:08:26,3.82220925795842,extrap
2014-12-17 11:08:26,3.30011778268371,extrap
2014-12-17 11:08:26,2.4304025743908,extrap
2014-12-17 11:08:26,1.72479328626384,extrap
2014-12-17 11:08:26,1.04203342870048,extrap
2014-12-17 11:08:26,0.592939239886491,extrap
2014-12-17 11:08:26,0.525020550724167,extrap
2014-12-17 11:08:26,0.643300892802353,extrap
2014-12-17 11:08:26,0.637543892592558,extrap
2014-12-17 11:08:26,0.220002014261272,extrap
2014-12-17 11:08:26,-0.559279620337674,extrap
2014-12-17 11:08:26,-1.39022569512469,extrap
2014-12-17 11:08:26,-1.95774200586801,extrap
2014-12-17 11:08:26,-2.07592513271277,extrap
2014-12-17 11:08:26,-1.7778575940138,extrap
2014-12-17 11:08:27,-1.1178338681418,extrap
2014-12-17 11:08:27,-0.185578822000184,extrap
2014-12-17 11:08:27,0.737537769957674,extrap
2014-12-17 11:08:27,1.30564569861819,extrap
2014-12-17 11:08:27,1.20091659759657,extrap
2014-12-17 11:08:27,0.525870531391704,extrap
2014-12-17 11:08:27,-0.293371140872596,extrap
2014-12-17 11:08:27,-0.825023301548425,extrap
2014-12-17 11:08:27,-0.843244563960632,extrap
2014-12-17 11:08:27,-0.471302670028441,extrap
2014-12-17 11:08:27,0.133715542386389,extrap
2014-12-17 11:08:27,0.825429881093381,extrap
2014-12-17 11:08:27,1.51537298536723,extrap
2014-12-17 11:08:27,2.13458213666327,extrap
2014-12-17 11:08:27,2.61604159057211,extrap
2014-12-17 11:08:27,3.13250348680851,extrap
2014-12-17 11:08:27,3.40074517470717,extrap
2014-12-17 11:08:27,3.14795315716738,extrap
2014-12-17 11:08:27,2.70041588243143,extrap
2014-12-17 11:08:27,2.40863508560749,extrap
2014-12-17 11:08:27,2.21051527819258,extrap
2014-12-17 11:08:27,2.19981074598906,extrap
2014-12-17 11:08:27,2.25460197710231,extrap
2014-12-17 11:08:27,2.18038687309725,extrap
2014-12-17 11:08:27,1.79661398949071,extrap
2014-12-17 11:08:27,1.1322893080615,extrap
2014-12-17 11:08:27,0.377734508287219,extrap
2014-12-17 11:08:27,-0.273411078541751,extrap
2014-12-17 11:08:27,-0.69186596944849,extrap
2014-12-17 11:08:27,-0.857438999794615,extrap
2014-12-17 11:08:27,-0.760505982390748,extrap
2014-12-17 11:08:27,-0.417086474490569,extrap
2014-12-17 11:08:27,0.0180915517422126,extrap
2014-12-17 11:08:27,0.343616112723481,extrap
2014-12-17 11:08:27,0.372911232953948,extrap
2014-12-17 11:08:27,0.14193502504205,extrap
2014-12-17 11:08:27,-0.142038619114594,extrap
2014-12-17 11:08:27,-0.268983437539533,extrap
2014-12-17 11:08:27,-0.15693599411568,extrap
2014-12-17 11:08:27,0.0589585469735474,extrap
2014-12-17 11:08:27,0.222533049791801,extrap
2014-12-17 11:08:27,0.222255280696915,extrap
2014-12-17 11:08:27,0.188009105140916,extrap
2014-12-17 11:08:27,0.330924256603751,extrap
2014-12-17 11:08:27,0.844826313701888,extrap
2014-12-17 11:08:27,1.66370840212272,extrap
2014-12-17 11:08:27,2.52154662035161,extrap
2014-12-17 11:08:27,3.32245263878298,extrap
2014-12-17 11:08:27,3.8349393924585,extrap
2014-12-17 11:08:27,3.79069276865942,extrap
2014-12-17 11:08:27,3.24938898646751,extrap
2014-12-17 11:08:27,2.59868439704577,extrap
2014-12-17 11:08:27,2.12274240192832,extrap
2014-12-17 11:08:27,1.72801305940282,extrap
2014-12-17 11:08:27,1.52204415697615,extrap
2014-12-17 11:08:27,1.47525128632117,extrap
2014-12-17 11:08:27,1.45248010510782,extrap
2014-12-17 11:08:27,1.3164198675909,extrap
2014-12-17 11:08:27,0.973058227800504,extrap
2014-12-17 11:08:27,0.401780881764301,extrap
2014-12-17 11:08:27,-0.410916218065894,extrap
2014-12-17 11:08:27,-1.42000140866048,extrap
2014-12-17 11:08:27,-2.26382016998438,extrap
2014-12-17 11:08:27,-2.47414843282086,extrap
2014-12-17 11:08:27,-1.62927188409423,extrap
2014-12-17 11:08:27,-0.00481832508415092,extrap
2014-12-17 11:08:27,1.58681625340146,extrap
2014-12-17 11:08:27,2.32603864894957,extrap
2014-12-17 11:08:27,1.90468810959582,extrap
2014-12-17 11:08:27,0.881511809761874,extrap
2014-12-17 11:08:27,-0.100770486738552,extrap
2014-12-17 11:08:27,-0.49958888320343,extrap
2014-12-17 11:08:27,-0.314050171967817,extrap
2014-12-17 11:08:27,0.274443668204349,extrap
2014-12-17 11:08:27,1.08348510599777,extrap
2014-12-17 11:08:27,1.91767592850079,extrap
2014-12-17 11:08:27,2.57161779585477,extrap
2014-12-17 11:08:27,2.841678021613,extrap
2014-12-17 11:08:27,2.6807321970097,extrap
2014-12-17 11:08:27,2.3069466009302,extrap
2014-12-17 11:08:27,1.96418475795989,extrap
2014-12-17 11:08:27,1.85973206022163,extrap
2014-12-17 11:08:27,2.0030207826575,extrap
2014-12-17 11:08:27,2.3368933167622,extrap
2014-12-17 11:08:27,2.79642355129574,extrap
2014-12-17 11:08:27,3.60242359666424,extrap
2014-12-17 11:08:27,3.67165631336919,extrap
2014-12-17 11:08:27,2.77020697742511,extrap
2014-12-17 11:08:27,1.66320868034663,extrap
2014-12-17 11:08:27,0.407408067949245,extrap
2014-12-17 11:08:27,-0.507178151711208,extrap
2014-12-17 11:08:27,-0.705642395668171,extrap
2014-12-17 11:08:27,-0.435775413767977,extrap
2014-12-17 11:08:27,-0.154930063598512,extrap
2014-12-17 11:08:27,-0.28917153994929,extrap
2014-12-17 11:08:27,-0.794055269055246,extrap
2014-12-17 11:08:27,-1.26294187001728,extrap
2014-12-17 11:08:27,-1.28362930583497,extrap
2014-12-17 11:08:27,-0.734357505834516,extrap
2014-12-17 11:08:27,0.0143174745638257,extrap
2014-12-17 11:08:28,0.54415163217824,extrap
2014-12-17 11:08:28,0.528944362342361,extrap
2014-12-17 11:08:28,0.140362832366782,extrap
2014-12-17 11:08:28,-0.282362310111932,extrap
2014-12-17 11:08:28,-0.418926113148087,extrap
2014-12-17 11:08:28,-0.234119915743805,extrap
2014-12-17 11:08:28,0.087786239087664,extrap
2014-12-17 11:08:28,0.358364493807204,extrap
2014-12-17 11:08:28,0.504378676393529,extrap
2014-12-17 11:08:28,0.647861821430943,extrap
2014-12-17 11:08:28,0.929763191960472,extrap
2014-12-17 11:08:28,1.45187562590849,extrap
2014-12-17 11:08:28,2.10419271818298,extrap
2014-12-17 11:08:28,2.70543672548712,extrap
2014-12-17 11:08:28,3.38246893498692,extrap
2014-12-17 11:08:28,3.87603874512448,extrap
2014-12-17 11:08:28,3.81902657137891,extrap
2014-12-17 11:08:28,3.25976449157138,extrap
2014-12-17 11:08:28,2.66202332630656,extrap
2014-12-17 11:08:28,2.31816890067103,extrap
2014-12-17 11:08:28,1.89995733542348,extrap
2014-12-17 11:08:28,1.41762805726445,extrap
2014-12-17 11:08:28,0.943805338126244,extrap
2014-12-17 11:08:28,0.572108366691304,extrap
2014-12-17 11:08:28,0.38475367540944,extrap
2014-12-17 11:08:28,0.293106812531336,extrap
2014-12-17 11:08:28,0.0770135505105362,extrap
2014-12-17 11:08:28,-0.483901194958406,extrap
2014-12-17 11:08:28,-1.36535716144863,extrap
2014-12-17 11:08:28,-2.12836895953377,extrap
2014-12-17 11:08:28,-2.29378100144418,extrap
2014-12-17 11:08:28,-1.52319760947838,extrap
2014-12-17 11:08:28,-0.239601150853032,extrap
2014-12-17 11:08:28,0.877774925640522,extrap
2014-12-17 11:08:28,1.19268436221783,extrap
2014-12-17 11:08:28,0.715036207224698,extrap
2014-12-17 11:08:28,-0.0478238926146437,extrap
2014-12-17 11:08:28,-0.578684414360953,extrap
2014-12-17 11:08:28,-0.58716839419696,extrap
2014-12-17 11:08:28,-0.167438277254375,extrap
2014-12-17 11:08:28,0.549088767661628,extrap
2014-12-17 11:08:28,1.42215718209247,extrap
2014-12-17 11:08:28,2.26367320147009,extrap
2014-12-17 11:08:28,2.86944365197057,extrap
2014-12-17 11:08:28,3.37842063809115,extrap
2014-12-17 11:08:28,2.8467249438828,extrap
2014-12-17 11:08:28,2.4737533629587,extrap
2014-12-17 11:08:28,2.15088950753039,extrap
2014-12-17 11:08:28,2.01679764913558,extrap
2014-12-17 11:08:28,2.07353019488124,extrap
2014-12-17 11:08:28,2.30990671405069,extrap
2014-12-17 11:08:28,2.68823908889066,extrap
2014-12-17 11:08:28,3.31540350269504,extrap
2014-12-17 11:08:28,3.36859509314477,extrap
2014-12-17 11:08:28,2.68983148702852,extrap
2014-12-17 11:08:28,1.87013575019343,extrap
2014-12-17 11:08:28,0.921544493125653,extrap
2014-12-17 11:08:28,0.130326645639004,extrap
2014-12-17 11:08:28,-0.344557919782409,extrap
2014-12-17 11:08:28,-0.559959512671767,extrap
2014-12-17 11:08:28,-0.593634527947083,extrap
2014-12-17 11:08:28,-0.518801186265436,extrap
2014-12-17 11:08:28,-0.384130475732977,extrap
2014-12-17 11:08:28,-0.230028128982152,extrap
2014-12-17 11:08:28,-0.0957007131052884,extrap
2014-12-17 11:08:28,-0.00231791755611094,extrap
2014-12-17 11:08:28,0.0428225672588462,extrap
2014-12-17 11:08:28,0.0330341652847932,extrap
2014-12-17 11:08:28,-0.0187028604278685,extrap
2014-12-17 11:08:28,-0.0660718038785614,extrap
2014-12-17 11:08:28,-0.059526841705519,extrap
2014-12-17 11:08:28,0.0341865416885324,extrap
2014-12-17 11:08:28,0.160208699551405,extrap
2014-12-17 11:08:28,0.234026156606238,extrap
2014-12-17 11:08:28,0.181263138680585,extrap
2014-12-17 11:08:28,0.0795653515593524,extrap
2014-12-17 11:08:28,0.123603469037219,extrap
2014-12-17 11:08:28,0.508976692917449,extrap
2014-12-17 11:08:28,1.27022730784209,extrap
2014-12-17 11:08:28,2.16889670075127,extrap
2014-12-17 11:08:28,3.08860689604662,extrap
2014-12-17 11:08:28,3.75089150421309,extrap
2014-12-17 11:08:28,3.83540413031528,extrap
2014-12-17 11:08:28,3.36138518412097,extrap
2014-12-17 11:08:28,2.68765131975907,extrap
2014-12-17 11:08:28,2.09003014828524,extrap
2014-12-17 11:08:28,1.53547328028662,extrap
2014-12-17 11:08:28,1.18334743273128,extrap
2014-12-17 11:08:28,1.08337091721346,extrap
2014-12-17 11:08:28,1.09939237789791,extrap
2014-12-17 11:08:28,1.0772478894962,extrap
2014-12-17 11:08:28,0.878887841175308,extrap
2014-12-17 11:08:28,0.453392490416924,extrap
2014-12-17 11:08:28,-0.220835329839554,extrap
2014-12-17 11:08:28,-1.14652951368449,extrap
2014-12-17 11:08:28,-2.04450939457256,extrap
2014-12-17 11:08:28,-2.41857864179615,extrap
2014-12-17 11:08:28,-1.773273493007,extrap
2014-12-17 11:08:28,-0.101699764447892,extrap
2014-12-17 11:08:28,1.77488270671129,extrap
2014-12-17 11:08:29,3.36659257659501,extrap
2014-12-17 11:08:29,2.74253678343709,extrap
2014-12-17 11:08:29,1.5523014798475,extrap
2014-12-17 11:08:29,0.172969608361999,extrap
2014-12-17 11:08:29,-0.643280181522488,extrap
2014-12-17 11:08:29,-0.69469916812406,extrap
2014-12-17 11:08:29,-0.203281944007927,extrap
2014-12-17 11:08:29,0.59839429403473,extrap
2014-12-17 11:08:29,1.50242027402621,extrap
2014-12-17 11:08:29,2.34270298950557,extrap
2014-12-17 11:08:29,3.08062517660903,extrap
2014-12-17 11:08:29,3.60926100738042,extrap
2014-12-17 11:08:29,3.79496734072921,extrap
2014-12-17 11:08:29,3.5745656395662,extrap
2014-12-17 11:08:29,3.16681538880488,extrap
2014-12-17 11:08:29,2.86094241828282,extrap
2014-12-17 11:08:29,2.90027242927736,extrap
2014-12-17 11:08:29,3.27554988712812,extrap
2014-12-17 11:08:29,3.65570708218479,extrap
2014-12-17 11:08:29,3.65203386408724,extrap
2014-12-17 11:08:29,3.13654865210816,extrap
2014-12-17 11:08:29,2.24200654344368,extrap
2014-12-17 11:08:29,1.13391641098519,extrap
2014-12-17 11:08:29,0.089932257259846,extrap
2014-12-17 11:08:29,-0.553256291133031,extrap
2014-12-17 11:08:29,-0.745517038910063,extrap
2014-12-17 11:08:29,-0.657307501150649,extrap
2014-12-17 11:08:29,-0.464049985119867,extrap
2014-12-17 11:08:29,-0.286282759957299,extrap
2014-12-17 11:08:29,-0.151512439026023,extrap
2014-12-17 11:08:29,-0.0782341723108264,extrap
2014-12-17 11:08:29,-0.0789577350193196,extrap
2014-12-17 11:08:29,-0.13381768313837,extrap
2014-12-17 11:08:29,-0.212052297148996,extrap
2014-12-17 11:08:29,-0.283093426111238,extrap
2014-12-17 11:08:29,-0.319392426776593,extrap
2014-12-17 11:08:29,-0.295725195555314,extrap
2014-12-17 11:08:29,-0.18734791084639,extrap
2014-12-17 11:08:29,-0.00205023832787873,extrap
2014-12-17 11:08:29,0.197205165625372,extrap
2014-12-17 11:08:29,0.342126254309553,extrap
2014-12-17 11:08:29,0.390425740436347,extrap
2014-12-17 11:08:29,0.440487325224228,extrap
2014-12-17 11:08:29,0.638035946082886,extrap
2014-12-17 11:08:29,1.11645389106017,extrap
2014-12-17 11:08:29,1.82391063560947,extrap
2014-12-17 11:08:29,2.56600025416225,extrap
2014-12-17 11:08:29,3.33422592435156,extrap
2014-12-17 11:08:29,3.86539668578529,extrap
2014-12-17 11:08:29,3.8275797766546,extrap
2014-12-17 11:08:29,3.22601134363177,extrap
2014-12-17 11:08:29,2.4030859567191,extrap
2014-12-17 11:08:29,1.64412756314578,extrap
2014-12-17 11:08:29,1.02382625536291,extrap
2014-12-17 11:08:29,0.771705118786957,extrap
2014-12-17 11:08:29,0.84588123157586,extrap
2014-12-17 11:08:29,0.995532304293909,extrap
2014-12-17 11:08:29,0.965927976305693,extrap
2014-12-17 11:08:29,0.61587390276248,extrap
2014-12-17 11:08:29,-0.00336169217037274,extrap
2014-12-17 11:08:29,-0.821866242046794,extrap
2014-12-17 11:08:29,-1.72568932905524,extrap
2014-12-17 11:08:29,-2.36267739104565,extrap
2014-12-17 11:08:29,-2.30049343438583,extrap
2014-12-17 11:08:29,-1.15680480537051,extrap
2014-12-17 11:08:29,0.701717752862557,extrap
2014-12-17 11:08:29,2.33184593158376,extrap
2014-12-17 11:08:29,2.78415120125524,extrap
2014-12-17 11:08:29,1.77694832106856,extrap
2014-12-17 11:08:29,0.160415992917459,extrap
2014-12-17 11:08:29,-1.10562966397862,extrap
2014-12-17 11:08:29,-1.24411589128459,extrap
2014-12-17 11:08:29,-0.466366835445981,extrap
2014-12-17 11:08:29,0.683659515412084,extrap
2014-12-17 11:08:29,1.68362660060082,extrap
2014-12-17 11:08:29,2.33846226998949,extrap
2014-12-17 11:08:29,2.70502000387167,extrap
2014-12-17 11:08:29,2.84668479174168,extrap
2014-12-17 11:08:29,2.83080985000742,extrap
2014-12-17 11:08:29,2.73147477186818,extrap
2014-12-17 11:08:29,2.62341069754364,extrap
2014-12-17 11:08:29,2.57175649402568,extrap
2014-12-17 11:08:29,2.58976589827901,extrap
2014-12-17 11:08:29,2.67323007295868,extrap
2014-12-17 11:08:29,2.81271980655424,extrap
2014-12-17 11:08:29,3.21461093493852,extrap
2014-12-17 11:08:29,2.85038760444807,extrap
2014-12-17 11:08:29,2.45395341701776,extrap
2014-12-17 11:08:29,1.70852425129675,extrap
2014-12-17 11:08:29,0.801705965408761,extrap
2014-12-17 11:08:29,-0.0585477454827221,extrap
2014-12-17 11:08:29,-0.686298834193549,extrap
2014-12-17 11:08:29,-1.014761208693,extrap
2014-12-17 11:08:29,-1.01724802492923,extrap
2014-12-17 11:08:29,-0.676967839474476,extrap
2014-12-17 11:08:29,-0.124738872444274,extrap
2014-12-17 11:08:29,0.394991870436551,extrap
2014-12-17 11:08:29,0.636853338585614,extrap
2014-12-17 11:08:29,0.510119375993661,extrap
2014-12-17 11:08:29,0.186195970912092,extrap
2014-12-17 11:08:30,-0.138119593384915,extrap
2014-12-17 11:08:20,-0.41,origin
2014-12-17 11:08:20,1.423,origin
2014-12-17 11:08:20,1.502,origin
2014-12-17 11:08:20,2.678,origin
2014-12-17 11:08:20,2.142,origin
2014-12-17 11:08:20,0.398,origin
2014-12-17 11:08:20,-0.331,origin
2014-12-17 11:08:20,-1.117,origin
2014-12-17 11:08:20,0.385,origin
2014-12-17 11:08:20,-0.213,origin
2014-12-17 11:08:20,0.314,origin
2014-12-17 11:08:20,0.477,origin
2014-12-17 11:08:20,3,origin
2014-12-17 11:08:20,3,origin
2014-12-17 11:08:20,1.527,origin
2014-12-17 11:08:20,0.209,origin
2014-12-17 11:08:20,-0.163,origin
2014-12-17 11:08:20,-2.193,origin
2014-12-17 11:08:20,1.875,origin
2014-12-17 11:08:20,-1.126,origin
2014-12-17 11:08:20,1.473,origin
2014-12-17 11:08:20,2.774,origin
2014-12-17 11:08:20,2.527,origin
2014-12-17 11:08:20,2.465,origin
2014-12-17 11:08:20,2.347,origin
2014-12-17 11:08:20,0.766,origin
2014-12-17 11:08:20,-0.607,origin
2014-12-17 11:08:20,-0.536,origin
2014-12-17 11:08:20,-0.251,origin
2014-12-17 11:08:20,0.075,origin
2014-12-17 11:08:21,0.841,origin
2014-12-17 11:08:21,2.891,origin
2014-12-17 11:08:21,3,origin
2014-12-17 11:08:21,1.95,origin
2014-12-17 11:08:21,0.887,origin
2014-12-17 11:08:21,-0.318,origin
2014-12-17 11:08:21,-1.657,origin
2014-12-17 11:08:21,1.23,origin
2014-12-17 11:08:21,-0.51,origin
2014-12-17 11:08:21,1.251,origin
2014-12-17 11:08:21,3,origin
2014-12-17 11:08:21,2.552,origin
2014-12-17 11:08:21,2.239,origin
2014-12-17 11:08:21,3,origin
2014-12-17 11:08:21,0.561,origin
2014-12-17 11:08:21,-0.105,origin
2014-12-17 11:08:21,-0.95,origin
2014-12-17 11:08:21,-0.096,origin
2014-12-17 11:08:21,-0.038,origin
2014-12-17 11:08:21,0.59,origin
2014-12-17 11:08:21,1.23,origin
2014-12-17 11:08:21,3,origin
2014-12-17 11:08:21,3,origin
2014-12-17 11:08:21,1.402,origin
2014-12-17 11:08:21,0.05,origin
2014-12-17 11:08:21,-1.084,origin
2014-12-17 11:08:21,-1.36,origin
2014-12-17 11:08:21,1.481,origin
2014-12-17 11:08:21,-0.653,origin
2014-12-17 11:08:21,0.285,origin
2014-12-17 11:08:22,1.841,origin
2014-12-17 11:08:22,2.707,origin
2014-12-17 11:08:22,2.628,origin
2014-12-17 11:08:22,1.193,origin
2014-12-17 11:08:22,-0.251,origin
2014-12-17 11:08:22,-0.795,origin
2014-12-17 11:08:22,0.142,origin
2014-12-17 11:08:22,-0.531,origin
2014-12-17 11:08:22,0.243,origin
2014-12-17 11:08:22,0.707,origin
2014-12-17 11:08:22,3,origin
2014-12-17 11:08:22,3,origin
2014-12-17 11:08:22,1.285,origin
2014-12-17 11:08:22,0.398,origin
2014-12-17 11:08:22,-0.406,origin
2014-12-17 11:08:22,-1.9,origin
2014-12-17 11:08:22,2.368,origin
2014-12-17 11:08:22,-0.816,origin
2014-12-17 11:08:22,1.021,origin
2014-12-17 11:08:22,2.628,origin
2014-12-17 11:08:22,2.615,origin
2014-12-17 11:08:22,3,origin
2014-12-17 11:08:22,2.87,origin
2014-12-17 11:08:22,0.038,origin
2014-12-17 11:08:22,-0.59,origin
2014-12-17 11:08:22,-0.23,origin
2014-12-17 11:08:22,-0.49,origin
2014-12-17 11:08:22,-0.172,origin
2014-12-17 11:08:22,1.017,origin
2014-12-17 11:08:22,3,origin
2014-12-17 11:08:23,3,origin
2014-12-17 11:08:23,0.862,origin
2014-12-17 11:08:23,0.096,origin
2014-12-17 11:08:23,-0.803,origin
2014-12-17 11:08:23,-1.28,origin
2014-12-17 11:08:23,1.456,origin
2014-12-17 11:08:23,-0.799,origin
2014-12-17 11:08:23,1.025,origin
2014-12-17 11:08:23,1.167,origin
2014-12-17 11:08:23,2.736,origin
2014-12-17 11:08:23,3,origin
2014-12-17 11:08:23,1.862,origin
2014-12-17 11:08:23,-0.155,origin
2014-12-17 11:08:23,-0.841,origin
2014-12-17 11:08:23,0.155,origin
2014-12-17 11:08:23,-0.226,origin
2014-12-17 11:08:23,-0.054,origin
2014-12-17 11:08:23,0.402,origin
2014-12-17 11:08:23,2.854,origin
2014-12-17 11:08:23,3,origin
2014-12-17 11:08:23,1.862,origin
2014-12-17 11:08:23,0.711,origin
2014-12-17 11:08:23,0.096,origin
2014-12-17 11:08:23,-2.163,origin
2014-12-17 11:08:23,0.084,origin
2014-12-17 11:08:23,0.084,origin
2014-12-17 11:08:23,0.163,origin
2014-12-17 11:08:23,-0.213,origin
2014-12-17 11:08:23,1.912,origin
2014-12-17 11:08:23,3,origin
2014-12-17 11:08:24,2.732,origin
2014-12-17 11:08:24,0.569,origin
2014-12-17 11:08:24,-0.523,origin
2014-12-17 11:08:24,-0.891,origin
2014-12-17 11:08:24,0.155,origin
2014-12-17 11:08:24,-0.398,origin
2014-12-17 11:08:24,0.51,origin
2014-12-17 11:08:24,0.669,origin
2014-12-17 11:08:24,3,origin
2014-12-17 11:08:24,3,origin
2014-12-17 11:08:24,1.096,origin
2014-12-17 11:08:24,-0.088,origin
2014-12-17 11:08:24,-1.08,origin
2014-12-17 11:08:24,-0.941,origin
2014-12-17 11:08:24,1.121,origin
2014-12-17 11:08:24,-0.607,origin
2014-12-17 11:08:24,1.142,origin
2014-12-17 11:08:24,1.782,origin
2014-12-17 11:08:24,3,origin
2014-12-17 11:08:24,3,origin
2014-12-17 11:08:24,0.59,origin
2014-12-17 11:08:24,-0.23,origin
2014-12-17 11:08:24,-1.339,origin
2014-12-17 11:08:24,0.657,origin
2014-12-17 11:08:24,-0.611,origin
2014-12-17 11:08:24,0.439,origin
2014-12-17 11:08:24,0.699,origin
2014-12-17 11:08:24,3,origin
2014-12-17 11:08:24,3,origin
2014-12-17 11:08:24,1.297,origin
2014-12-17 11:08:25,0.569,origin
2014-12-17 11:08:25,-0.971,origin
2014-12-17 11:08:25,-1.494,origin
2014-12-17 11:08:25,2.088,origin
2014-12-17 11:08:25,-0.95,origin
2014-12-17 11:08:25,0.766,origin
2014-12-17 11:08:25,3,origin
2014-12-17 11:08:25,3,origin
2014-12-17 11:08:25,2.427,origin
2014-12-17 11:08:25,2.067,origin
2014-12-17 11:08:25,-0.163,origin
2014-12-17 11:08:25,-0.833,origin
2014-12-17 11:08:25,0.234,origin
2014-12-17 11:08:25,-0.435,origin
2014-12-17 11:08:25,0.444,origin
2014-12-17 11:08:25,0.686,origin
2014-12-17 11:08:25,3,origin
2014-12-17 11:08:25,3,origin
2014-12-17 11:08:25,0.912,origin
2014-12-17 11:08:25,-0.222,origin
2014-12-17 11:08:25,-0.741,origin
2014-12-17 11:08:25,-1.155,origin
2014-12-17 11:08:25,0.996,origin
2014-12-17 11:08:25,-0.649,origin
2014-12-17 11:08:25,0.531,origin
2014-12-17 11:08:25,1.941,origin
2014-12-17 11:08:25,2.745,origin
2014-12-17 11:08:25,2.862,origin
2014-12-17 11:08:25,2.184,origin
2014-12-17 11:08:25,-0.368,origin
2014-12-17 11:08:26,-0.782,origin
2014-12-17 11:08:26,0.259,origin
2014-12-17 11:08:26,-0.385,origin
2014-12-17 11:08:26,0.23,origin
2014-12-17 11:08:26,0.619,origin
2014-12-17 11:08:26,3,origin
2014-12-17 11:08:26,3,origin
2014-12-17 11:08:26,1.598,origin
2014-12-17 11:08:26,0.598,origin
2014-12-17 11:08:26,-0.444,origin
2014-12-17 11:08:26,-2.142,origin
2014-12-17 11:08:26,1.318,origin
2014-12-17 11:08:26,-0.293,origin
2014-12-17 11:08:26,0.795,origin
2014-12-17 11:08:26,2.172,origin
2014-12-17 11:08:26,2.172,origin
2014-12-17 11:08:26,2.824,origin
2014-12-17 11:08:26,3,origin
2014-12-17 11:08:26,0.025,origin
2014-12-17 11:08:26,-0.531,origin
2014-12-17 11:08:26,-0.536,origin
2014-12-17 11:08:26,-0.134,origin
2014-12-17 11:08:26,-0.105,origin
2014-12-17 11:08:26,0.557,origin
2014-12-17 11:08:26,1.038,origin
2014-12-17 11:08:26,3,origin
2014-12-17 11:08:26,2.615,origin
2014-12-17 11:08:26,0.569,origin
2014-12-17 11:08:26,0.531,origin
2014-12-17 11:08:26,-1.833,origin
2014-12-17 11:08:27,-1.034,origin
2014-12-17 11:08:27,1.356,origin
2014-12-17 11:08:27,-0.72,origin
2014-12-17 11:08:27,0.201,origin
2014-12-17 11:08:27,2.347,origin
2014-12-17 11:08:27,3,origin
2014-12-17 11:08:27,2.201,origin
2014-12-17 11:08:27,2.071,origin
2014-12-17 11:08:27,-0.1,origin
2014-12-17 11:08:27,-0.736,origin
2014-12-17 11:08:27,0.398,origin
2014-12-17 11:08:27,-0.259,origin
2014-12-17 11:08:27,0.23,origin
2014-12-17 11:08:27,0.485,origin
2014-12-17 11:08:27,3,origin
2014-12-17 11:08:27,3,origin
2014-12-17 11:08:27,1.619,origin
2014-12-17 11:08:27,1.377,origin
2014-12-17 11:08:27,-0.506,origin
2014-12-17 11:08:27,-2.276,origin
2014-12-17 11:08:27,2.239,origin
2014-12-17 11:08:27,-0.172,origin
2014-12-17 11:08:27,0.582,origin
2014-12-17 11:08:27,2.812,origin
2014-12-17 11:08:27,1.941,origin
2014-12-17 11:08:27,2.511,origin
2014-12-17 11:08:27,3,origin
2014-12-17 11:08:27,-0.561,origin
2014-12-17 11:08:27,-0.142,origin
2014-12-17 11:08:27,-1.347,origin
2014-12-17 11:08:28,0.569,origin
2014-12-17 11:08:28,-0.385,origin
2014-12-17 11:08:28,0.293,origin
2014-12-17 11:08:28,0.971,origin
2014-12-17 11:08:28,2.891,origin
2014-12-17 11:08:28,3,origin
2014-12-17 11:08:28,1.854,origin
2014-12-17 11:08:28,0.473,origin
2014-12-17 11:08:28,-0.268,origin
2014-12-17 11:08:28,-2.259,origin
2014-12-17 11:08:28,1.126,origin
2014-12-17 11:08:28,-0.473,origin
2014-12-17 11:08:28,0.632,origin
2014-12-17 11:08:28,3,origin
2014-12-17 11:08:28,2.23,origin
2014-12-17 11:08:28,2.343,origin
2014-12-17 11:08:28,3,origin
2014-12-17 11:08:28,0.335,origin
2014-12-17 11:08:28,-0.59,origin
2014-12-17 11:08:28,-0.172,origin
2014-12-17 11:08:28,0.042,origin
2014-12-17 11:08:28,-0.054,origin
2014-12-17 11:08:28,0.23,origin
2014-12-17 11:08:28,0.347,origin
2014-12-17 11:08:28,3,origin
2014-12-17 11:08:28,3,origin
2014-12-17 11:08:28,1.259,origin
2014-12-17 11:08:28,1.067,origin
2014-12-17 11:08:28,-0.565,origin
2014-12-17 11:08:28,-2.1,origin
2014-12-17 11:08:29,3,origin
2014-12-17 11:08:29,-0.255,origin
2014-12-17 11:08:29,0.339,origin
2014-12-17 11:08:29,3,origin
2014-12-17 11:08:29,3,origin
2014-12-17 11:08:29,3,origin
2014-12-17 11:08:29,3,origin
2014-12-17 11:08:29,-0.23,origin
2014-12-17 11:08:29,-0.523,origin
2014-12-17 11:08:29,-0.075,origin
2014-12-17 11:08:29,-0.243,origin
2014-12-17 11:08:29,-0.23,origin
2014-12-17 11:08:29,0.351,origin
2014-12-17 11:08:29,0.791,origin
2014-12-17 11:08:29,3,origin
2014-12-17 11:08:29,3,origin
2014-12-17 11:08:29,0.87,origin
2014-12-17 11:08:29,1.008,origin
2014-12-17 11:08:29,-0.912,origin
2014-12-17 11:08:29,-1.983,origin
2014-12-17 11:08:29,2.824,origin
2014-12-17 11:08:29,-1.176,origin
2014-12-17 11:08:29,1.126,origin
2014-12-17 11:08:29,2.824,origin
2014-12-17 11:08:29,2.615,origin
2014-12-17 11:08:29,2.724,origin
2014-12-17 11:08:29,2.615,origin
2014-12-17 11:08:29,-0.134,origin
2014-12-17 11:08:29,-0.921,origin
2014-12-17 11:08:29,0.607,origin
