HEADER_TIME_STAMP,X_ACCELATION_METERS_PER_SECOND_SQUARED,group
2014-12-12 12:17:14,1.61,gt
2014-12-12 12:17:14,3.079,gt
2014-12-12 12:17:14,4.196,gt
2014-12-12 12:17:14,4.598,gt
2014-12-12 12:17:14,4.44,gt
2014-12-12 12:17:14,3.507,gt
2014-12-12 12:17:14,2.182,gt
2014-12-12 12:17:14,0.513,gt
2014-12-12 12:17:14,-1.358,gt
2014-12-12 12:17:14,-2.977,gt
2014-12-12 12:17:14,-4.188,gt
2014-12-12 12:17:14,-4.721,gt
2014-12-12 12:17:14,-4.507,gt
2014-12-12 12:17:14,-3.587,gt
2014-12-12 12:17:14,-2.176,gt
2014-12-12 12:17:14,-0.522,gt
2014-12-12 12:17:14,1.27,gt
2014-12-12 12:17:14,2.848,gt
2014-12-12 12:17:14,4.103,gt
2014-12-12 12:17:14,4.71,gt
2014-12-12 12:17:14,4.613,gt
2014-12-12 12:17:14,3.68,gt
2014-12-12 12:17:14,2.308,gt
2014-12-12 12:17:14,0.425,gt
2014-12-12 12:17:14,-1.299,gt
2014-12-12 12:17:14,-2.988,gt
2014-12-12 12:17:14,-4.047,gt
2014-12-12 12:17:14,-4.613,gt
2014-12-12 12:17:14,-4.343,gt
2014-12-12 12:17:14,-3.575,gt
2014-12-12 12:17:14,-2.314,gt
2014-12-12 12:17:14,-0.78,gt
2014-12-12 12:17:14,1.067,gt
2014-12-12 12:17:14,2.742,gt
2014-12-12 12:17:14,4.15,gt
2014-12-12 12:17:14,4.786,gt
2014-12-12 12:17:14,4.639,gt
2014-12-12 12:17:14,3.804,gt
2014-12-12 12:17:14,2.279,gt
2014-12-12 12:17:14,0.56,gt
2014-12-12 12:17:14,-1.226,gt
2014-12-12 12:17:14,-2.85,gt
2014-12-12 12:17:14,-3.947,gt
2014-12-12 12:17:14,-4.581,gt
2014-12-12 12:17:14,-4.592,gt
2014-12-12 12:17:14,-3.792,gt
2014-12-12 12:17:14,-2.463,gt
2014-12-12 12:17:14,-0.804,gt
2014-12-12 12:17:14,1.067,gt
2014-12-12 12:17:14,2.804,gt
2014-12-12 12:17:14,4.164,gt
2014-12-12 12:17:14,4.724,gt
2014-12-12 12:17:14,4.554,gt
2014-12-12 12:17:14,3.689,gt
2014-12-12 12:17:14,2.343,gt
2014-12-12 12:17:14,0.581,gt
2014-12-12 12:17:14,-1.026,gt
2014-12-12 12:17:14,-2.686,gt
2014-12-12 12:17:14,-3.912,gt
2014-12-12 12:17:14,-4.666,gt
2014-12-12 12:17:14,-4.613,gt
2014-12-12 12:17:14,-3.804,gt
2014-12-12 12:17:14,-2.569,gt
2014-12-12 12:17:14,-0.666,gt
2014-12-12 12:17:14,1.111,gt
2014-12-12 12:17:14,2.848,gt
2014-12-12 12:17:14,4.135,gt
2014-12-12 12:17:14,4.639,gt
2014-12-12 12:17:14,4.487,gt
2014-12-12 12:17:14,3.71,gt
2014-12-12 12:17:14,2.419,gt
2014-12-12 12:17:14,0.76,gt
2014-12-12 12:17:14,-1.006,gt
2014-12-12 12:17:14,-2.651,gt
2014-12-12 12:17:14,-3.977,gt
2014-12-12 12:17:15,-4.724,gt
2014-12-12 12:17:15,-4.777,gt
2014-12-12 12:17:15,-3.862,gt
2014-12-12 12:17:15,-2.554,gt
2014-12-12 12:17:15,-0.78,gt
2014-12-12 12:17:15,1.038,gt
2014-12-12 12:17:15,2.809,gt
2014-12-12 12:17:15,3.909,gt
2014-12-12 12:17:15,4.663,gt
2014-12-12 12:17:15,4.507,gt
2014-12-12 12:17:15,3.891,gt
2014-12-12 12:17:15,2.501,gt
2014-12-12 12:17:15,0.938,gt
2014-12-12 12:17:15,-0.903,gt
2014-12-12 12:17:15,-2.61,gt
2014-12-12 12:17:15,-3.921,gt
2014-12-12 12:17:15,-4.71,gt
2014-12-12 12:17:15,-4.692,gt
2014-12-12 12:17:15,-3.982,gt
2014-12-12 12:17:15,-2.49,gt
2014-12-12 12:17:15,-0.924,gt
2014-12-12 12:17:15,0.933,gt
2014-12-12 12:17:15,2.622,gt
2014-12-12 12:17:15,3.85,gt
2014-12-12 12:17:15,4.639,gt
2014-12-12 12:17:15,4.619,gt
2014-12-12 12:17:15,3.968,gt
2014-12-12 12:17:15,2.654,gt
2014-12-12 12:17:15,0.997,gt
2014-12-12 12:17:15,-0.921,gt
2014-12-12 12:17:15,-2.56,gt
2014-12-12 12:17:15,-3.853,gt
2014-12-12 12:17:15,-4.622,gt
2014-12-12 12:17:15,-4.698,gt
2014-12-12 12:17:15,-3.944,gt
2014-12-12 12:17:15,-2.639,gt
2014-12-12 12:17:15,-1.226,gt
2014-12-12 12:17:15,0.789,gt
2014-12-12 12:17:15,2.443,gt
2014-12-12 12:17:15,3.88,gt
2014-12-12 12:17:15,4.739,gt
2014-12-12 12:17:15,4.821,gt
2014-12-12 12:17:15,4.047,gt
2014-12-12 12:17:15,2.654,gt
2014-12-12 12:17:15,1.026,gt
2014-12-12 12:17:15,-0.865,gt
2014-12-12 12:17:15,-2.469,gt
2014-12-12 12:17:15,-3.745,gt
2014-12-12 12:17:15,-4.484,gt
2014-12-12 12:17:15,-4.575,gt
2014-12-12 12:17:15,-4.123,gt
2014-12-12 12:17:15,-2.765,gt
2014-12-12 12:17:15,-1.299,gt
2014-12-12 12:17:15,0.663,gt
2014-12-12 12:17:15,2.537,gt
2014-12-12 12:17:15,3.85,gt
2014-12-12 12:17:15,4.739,gt
2014-12-12 12:17:15,4.768,gt
2014-12-12 12:17:15,4.015,gt
2014-12-12 12:17:15,2.692,gt
2014-12-12 12:17:15,1.091,gt
2014-12-12 12:17:15,-0.742,gt
2014-12-12 12:17:15,-2.152,gt
2014-12-12 12:17:15,-3.648,gt
2014-12-12 12:17:15,-4.516,gt
2014-12-12 12:17:15,-4.774,gt
2014-12-12 12:17:15,-4.182,gt
2014-12-12 12:17:15,-2.93,gt
2014-12-12 12:17:15,-1.381,gt
2014-12-12 12:17:15,0.589,gt
2014-12-12 12:17:15,2.361,gt
2014-12-12 12:17:15,3.833,gt
2014-12-12 12:17:15,4.581,gt
2014-12-12 12:17:15,4.771,gt
2014-12-12 12:17:15,3.962,gt
2014-12-12 12:17:15,2.815,gt
2014-12-12 12:17:15,1.205,gt
2014-12-12 12:17:15,-0.428,gt
2014-12-12 12:17:15,-2.34,gt
2014-12-12 12:17:15,-3.554,gt
2014-12-12 12:17:16,-4.578,gt
2014-12-12 12:17:16,-4.701,gt
2014-12-12 12:17:16,-4.208,gt
2014-12-12 12:17:16,-2.918,gt
2014-12-12 12:17:16,-1.147,gt
2014-12-12 12:17:16,0.56,gt
2014-12-12 12:17:16,2.449,gt
2014-12-12 12:17:16,3.654,gt
2014-12-12 12:17:16,4.545,gt
2014-12-12 12:17:16,4.692,gt
2014-12-12 12:17:16,4.029,gt
2014-12-12 12:17:16,2.965,gt
2014-12-12 12:17:16,1.314,gt
2014-12-12 12:17:16,-0.428,gt
2014-12-12 12:17:16,-2.223,gt
2014-12-12 12:17:16,-3.639,gt
2014-12-12 12:17:16,-4.531,gt
2014-12-12 12:17:16,-4.721,gt
2014-12-12 12:17:16,-4.114,gt
2014-12-12 12:17:16,-2.924,gt
2014-12-12 12:17:16,-1.378,gt
2014-12-12 12:17:16,0.416,gt
2014-12-12 12:17:16,2.088,gt
2014-12-12 12:17:16,3.425,gt
2014-12-12 12:17:16,4.455,gt
2014-12-12 12:17:16,4.774,gt
2014-12-12 12:17:16,4.226,gt
2014-12-12 12:17:16,3.065,gt
2014-12-12 12:17:16,1.484,gt
2014-12-12 12:17:16,-0.346,gt
2014-12-12 12:17:16,-1.977,gt
2014-12-12 12:17:16,-3.372,gt
2014-12-12 12:17:16,-4.302,gt
2014-12-12 12:17:16,-4.625,gt
2014-12-12 12:17:16,-4.282,gt
2014-12-12 12:17:16,-3.24,gt
2014-12-12 12:17:16,-1.63,gt
2014-12-12 12:17:16,-0.015,gt
2014-12-12 12:17:16,2.026,gt
2014-12-12 12:17:16,3.422,gt
2014-12-12 12:17:16,4.413,gt
2014-12-12 12:17:16,4.695,gt
2014-12-12 12:17:16,4.249,gt
2014-12-12 12:17:16,3.205,gt
2014-12-12 12:17:16,1.733,gt
2014-12-12 12:17:16,0.147,gt
2014-12-12 12:17:16,-1.765,gt
2014-12-12 12:17:16,-3.229,gt
2014-12-12 12:17:16,-4.326,gt
2014-12-12 12:17:16,-4.698,gt
2014-12-12 12:17:16,-4.381,gt
2014-12-12 12:17:16,-3.273,gt
2014-12-12 12:17:16,-1.886,gt
2014-12-12 12:17:16,-0.167,gt
2014-12-12 12:17:16,1.575,gt
2014-12-12 12:17:16,3.109,gt
2014-12-12 12:17:16,4.176,gt
2014-12-12 12:17:16,4.757,gt
2014-12-12 12:17:16,4.34,gt
2014-12-12 12:17:16,3.522,gt
2014-12-12 12:17:16,2.032,gt
2014-12-12 12:17:16,0.384,gt
2014-12-12 12:17:16,-1.472,gt
2014-12-12 12:17:16,-2.924,gt
2014-12-12 12:17:16,-4.032,gt
2014-12-12 12:17:16,-4.563,gt
2014-12-12 12:17:16,-4.44,gt
2014-12-12 12:17:16,-3.587,gt
2014-12-12 12:17:16,-2.223,gt
2014-12-12 12:17:16,-0.534,gt
2014-12-12 12:17:16,1.346,gt
2014-12-12 12:17:16,2.988,gt
2014-12-12 12:17:16,4.182,gt
2014-12-12 12:17:16,4.663,gt
2014-12-12 12:17:16,4.469,gt
2014-12-12 12:17:16,3.469,gt
2014-12-12 12:17:16,2.194,gt
2014-12-12 12:17:16,0.537,gt
2014-12-12 12:17:16,-1.047,gt
2014-12-12 12:17:16,-2.768,gt
2014-12-12 12:17:17,-3.927,gt
2014-12-12 12:17:17,-4.642,gt
2014-12-12 12:17:17,-4.548,gt
2014-12-12 12:17:17,-3.751,gt
2014-12-12 12:17:17,-2.399,gt
2014-12-12 12:17:17,-0.71,gt
2014-12-12 12:17:17,0.991,gt
2014-12-12 12:17:17,2.628,gt
2014-12-12 12:17:17,3.897,gt
2014-12-12 12:17:17,4.563,gt
2014-12-12 12:17:17,4.569,gt
2014-12-12 12:17:17,3.774,gt
2014-12-12 12:17:17,2.598,gt
2014-12-12 12:17:17,0.695,gt
2014-12-12 12:17:17,-0.9,gt
2014-12-12 12:17:17,-2.581,gt
2014-12-12 12:17:17,-3.73,gt
2014-12-12 12:17:17,-4.434,gt
2014-12-12 12:17:17,-4.51,gt
2014-12-12 12:17:17,-3.988,gt
2014-12-12 12:17:17,-2.745,gt
2014-12-12 12:17:17,-1.185,gt
2014-12-12 12:17:17,0.839,gt
2014-12-12 12:17:17,2.487,gt
2014-12-12 12:17:17,3.783,gt
2014-12-12 12:17:17,4.525,gt
2014-12-12 12:17:17,4.525,gt
2014-12-12 12:17:17,3.971,gt
2014-12-12 12:17:17,2.651,gt
2014-12-12 12:17:17,1.411,gt
2014-12-12 12:17:17,-0.613,gt
2014-12-12 12:17:17,-2.085,gt
2014-12-12 12:17:17,-3.701,gt
2014-12-12 12:17:17,-4.537,gt
2014-12-12 12:17:17,-4.71,gt
2014-12-12 12:17:17,-4.103,gt
2014-12-12 12:17:17,-2.968,gt
2014-12-12 12:17:17,-1.469,gt
2014-12-12 12:17:17,0.223,gt
2014-12-12 12:17:17,2.094,gt
2014-12-12 12:17:17,3.54,gt
2014-12-12 12:17:17,4.525,gt
2014-12-12 12:17:17,4.842,gt
2014-12-12 12:17:17,4.194,gt
2014-12-12 12:17:17,3.109,gt
2014-12-12 12:17:17,1.358,gt
2014-12-12 12:17:17,-0.311,gt
2014-12-12 12:17:17,-2.117,gt
2014-12-12 12:17:17,-3.346,gt
2014-12-12 12:17:17,-4.282,gt
2014-12-12 12:17:17,-4.598,gt
2014-12-12 12:17:17,-4.328,gt
2014-12-12 12:17:17,-3.232,gt
2014-12-12 12:17:17,-1.78,gt
2014-12-12 12:17:17,0.158,gt
2014-12-12 12:17:17,2.117,gt
2014-12-12 12:17:17,3.455,gt
2014-12-12 12:17:17,4.457,gt
2014-12-12 12:17:17,4.639,gt
2014-12-12 12:17:17,4.22,gt
2014-12-12 12:17:17,3.082,gt
2014-12-12 12:17:17,1.839,gt
2014-12-12 12:17:17,-0.076,gt
2014-12-12 12:17:17,-1.674,gt
2014-12-12 12:17:17,-3.299,gt
2014-12-12 12:17:17,-4.355,gt
2014-12-12 12:17:17,-4.783,gt
2014-12-12 12:17:17,-4.411,gt
2014-12-12 12:17:17,-3.217,gt
2014-12-12 12:17:17,-1.812,gt
2014-12-12 12:17:17,0.026,gt
2014-12-12 12:17:17,1.724,gt
2014-12-12 12:17:17,3.109,gt
2014-12-12 12:17:17,4.238,gt
2014-12-12 12:17:17,4.633,gt
2014-12-12 12:17:17,4.44,gt
2014-12-12 12:17:17,3.466,gt
2014-12-12 12:17:17,1.818,gt
2014-12-12 12:17:17,0.144,gt
2014-12-12 12:17:17,-1.663,gt
2014-12-12 12:17:18,-3.117,gt
2014-12-12 12:17:18,-4.114,gt
2014-12-12 12:17:18,-4.569,gt
2014-12-12 12:17:18,-4.287,gt
2014-12-12 12:17:18,-3.484,gt
2014-12-12 12:17:18,-2.132,gt
2014-12-12 12:17:18,-0.375,gt
2014-12-12 12:17:18,1.352,gt
2014-12-12 12:17:18,3.155,gt
2014-12-12 12:17:18,4.194,gt
2014-12-12 12:17:18,4.724,gt
2014-12-12 12:17:18,4.358,gt
2014-12-12 12:17:18,3.575,gt
2014-12-12 12:17:18,2.205,gt
2014-12-12 12:17:18,0.557,gt
2014-12-12 12:17:18,-1.276,gt
2014-12-12 12:17:18,-2.774,gt
2014-12-12 12:17:18,-4.152,gt
2014-12-12 12:17:18,-4.777,gt
2014-12-12 12:17:18,-4.727,gt
2014-12-12 12:17:18,-3.654,gt
2014-12-12 12:17:18,-2.37,gt
2014-12-12 12:17:18,-0.534,gt
2014-12-12 12:17:18,1.402,gt
2014-12-12 12:17:18,2.924,gt
2014-12-12 12:17:18,4.103,gt
2014-12-12 12:17:18,4.613,gt
2014-12-12 12:17:18,4.425,gt
2014-12-12 12:17:18,3.677,gt
2014-12-12 12:17:18,2.372,gt
2014-12-12 12:17:18,0.698,gt
2014-12-12 12:17:18,-1.109,gt
2014-12-12 12:17:18,-2.789,gt
2014-12-12 12:17:18,-3.93,gt
2014-12-12 12:17:18,-4.607,gt
2014-12-12 12:17:18,-4.551,gt
2014-12-12 12:17:18,-3.897,gt
2014-12-12 12:17:18,-2.516,gt
2014-12-12 12:17:18,-0.944,gt
2014-12-12 12:17:18,0.93,gt
2014-12-12 12:17:18,2.707,gt
2014-12-12 12:17:18,3.93,gt
2014-12-12 12:17:18,4.739,gt
2014-12-12 12:17:18,4.589,gt
2014-12-12 12:17:18,3.912,gt
2014-12-12 12:17:18,2.49,gt
2014-12-12 12:17:18,0.809,gt
2014-12-12 12:17:18,-0.889,gt
2014-12-12 12:17:18,-2.504,gt
2014-12-12 12:17:18,-3.754,gt
2014-12-12 12:17:18,-4.584,gt
2014-12-12 12:17:18,-4.765,gt
2014-12-12 12:17:18,-4.012,gt
2014-12-12 12:17:18,-2.736,gt
2014-12-12 12:17:18,-1.12,gt
2014-12-12 12:17:18,0.953,gt
2014-12-12 12:17:18,2.56,gt
2014-12-12 12:17:18,3.924,gt
2014-12-12 12:17:18,4.566,gt
2014-12-12 12:17:18,4.522,gt
2014-12-12 12:17:18,3.868,gt
2014-12-12 12:17:18,2.654,gt
2014-12-12 12:17:18,1.261,gt
2014-12-12 12:17:18,-0.628,gt
2014-12-12 12:17:18,-2.223,gt
2014-12-12 12:17:18,-3.686,gt
2014-12-12 12:17:18,-4.551,gt
2014-12-12 12:17:18,-4.692,gt
2014-12-12 12:17:18,-3.977,gt
2014-12-12 12:17:18,-2.88,gt
2014-12-12 12:17:18,-1.255,gt
2014-12-12 12:17:18,0.37,gt
2014-12-12 12:17:18,2.279,gt
2014-12-12 12:17:18,3.598,gt
2014-12-12 12:17:18,4.54,gt
2014-12-12 12:17:18,4.757,gt
2014-12-12 12:17:18,4.094,gt
2014-12-12 12:17:18,3.003,gt
2014-12-12 12:17:18,1.249,gt
2014-12-12 12:17:18,-0.384,gt
2014-12-12 12:17:19,-2.094,gt
2014-12-12 12:17:19,-3.413,gt
2014-12-12 12:17:19,-4.284,gt
2014-12-12 12:17:19,-4.61,gt
2014-12-12 12:17:19,-4.337,gt
2014-12-12 12:17:19,-3.205,gt
2014-12-12 12:17:19,-1.748,gt
2014-12-12 12:17:19,0.255,gt
2014-12-12 12:17:19,2.044,gt
2014-12-12 12:17:19,3.396,gt
2014-12-12 12:17:19,4.387,gt
2014-12-12 12:17:19,4.636,gt
2014-12-12 12:17:19,4.196,gt
2014-12-12 12:17:19,3.182,gt
2014-12-12 12:17:19,1.865,gt
2014-12-12 12:17:19,-0.044,gt
2014-12-12 12:17:19,-1.718,gt
2014-12-12 12:17:19,-3.334,gt
2014-12-12 12:17:19,-4.381,gt
2014-12-12 12:17:19,-4.76,gt
2014-12-12 12:17:19,-4.361,gt
2014-12-12 12:17:19,-3.226,gt
2014-12-12 12:17:19,-1.754,gt
2014-12-12 12:17:19,-0.12,gt
2014-12-12 12:17:19,1.663,gt
2014-12-12 12:17:19,3.094,gt
2014-12-12 12:17:19,4.346,gt
2014-12-12 12:17:19,4.736,gt
2014-12-12 12:17:19,4.478,gt
2014-12-12 12:17:19,3.367,gt
2014-12-12 12:17:19,1.883,gt
2014-12-12 12:17:19,-0.003,gt
2014-12-12 12:17:19,-1.633,gt
2014-12-12 12:17:19,-3.246,gt
2014-12-12 12:17:19,-4.179,gt
2014-12-12 12:17:19,-4.622,gt
2014-12-12 12:17:19,-4.352,gt
2014-12-12 12:17:19,-3.501,gt
2014-12-12 12:17:19,-2.094,gt
2014-12-12 12:17:19,-0.358,gt
2014-12-12 12:17:19,1.484,gt
2014-12-12 12:17:19,3.191,gt
2014-12-12 12:17:19,4.39,gt
2014-12-12 12:17:19,4.85,gt
2014-12-12 12:17:19,4.463,gt
2014-12-12 12:17:19,3.51,gt
2014-12-12 12:17:19,1.848,gt
2014-12-12 12:17:19,0.161,gt
2014-12-12 12:17:19,-1.639,gt
2014-12-12 12:17:19,-3.067,gt
2014-12-12 12:17:19,-4.135,gt
2014-12-12 12:17:19,-4.698,gt
2014-12-12 12:17:19,-4.496,gt
2014-12-12 12:17:19,-3.569,gt
2014-12-12 12:17:19,-2.144,gt
2014-12-12 12:17:19,-0.232,gt
2014-12-12 12:17:19,1.674,gt
2014-12-12 12:17:19,3.229,gt
2014-12-12 12:17:19,4.381,gt
2014-12-12 12:17:19,4.707,gt
2014-12-12 12:17:19,4.352,gt
2014-12-12 12:17:19,3.384,gt
2014-12-12 12:17:19,1.953,gt
2014-12-12 12:17:19,0.39,gt
2014-12-12 12:17:19,-1.428,gt
2014-12-12 12:17:19,-2.968,gt
2014-12-12 12:17:19,-4.167,gt
2014-12-12 12:17:19,-4.736,gt
2014-12-12 12:17:19,-4.548,gt
2014-12-12 12:17:19,-3.598,gt
2014-12-12 12:17:19,-2.103,gt
2014-12-12 12:17:19,-0.282,gt
2014-12-12 12:17:19,1.587,gt
2014-12-12 12:17:19,3.091,gt
2014-12-12 12:17:19,4.202,gt
2014-12-12 12:17:19,4.622,gt
2014-12-12 12:17:19,4.352,gt
2014-12-12 12:17:19,3.51,gt
2014-12-12 12:17:19,2.196,gt
2014-12-12 12:17:19,0.49,gt
2014-12-12 12:17:20,-1.328,gt
2014-12-12 12:17:20,-2.95,gt
2014-12-12 12:17:20,-4.152,gt
2014-12-12 12:17:20,-4.692,gt
2014-12-12 12:17:20,-4.56,gt
2014-12-12 12:17:20,-3.54,gt
2014-12-12 12:17:20,-2.22,gt
2014-12-12 12:17:20,-0.569,gt
2014-12-12 12:17:20,1.235,gt
2014-12-12 12:17:20,2.707,gt
2014-12-12 12:17:20,4.044,gt
2014-12-12 12:17:20,4.701,gt
2014-12-12 12:17:20,4.636,gt
2014-12-12 12:17:20,3.724,gt
2014-12-12 12:17:20,2.34,gt
2014-12-12 12:17:20,0.543,gt
2014-12-12 12:17:20,-1.106,gt
2014-12-12 12:17:20,-2.663,gt
2014-12-12 12:17:20,-3.921,gt
2014-12-12 12:17:20,-4.613,gt
2014-12-12 12:17:20,-4.707,gt
2014-12-12 12:17:20,-3.886,gt
2014-12-12 12:17:20,-2.551,gt
2014-12-12 12:17:20,-0.842,gt
2014-12-12 12:17:20,1.114,gt
2014-12-12 12:17:20,2.757,gt
2014-12-12 12:17:20,4.12,gt
2014-12-12 12:17:20,4.654,gt
2014-12-12 12:17:20,4.504,gt
2014-12-12 12:17:20,3.654,gt
2014-12-12 12:17:20,2.478,gt
2014-12-12 12:17:20,0.739,gt
2014-12-12 12:17:20,-0.765,gt
2014-12-12 12:17:20,-2.493,gt
2014-12-12 12:17:20,-3.71,gt
2014-12-12 12:17:20,-4.595,gt
2014-12-12 12:17:20,-4.628,gt
2014-12-12 12:17:20,-3.877,gt
2014-12-12 12:17:20,-2.633,gt
2014-12-12 12:17:20,-0.988,gt
2014-12-12 12:17:20,0.815,gt
2014-12-12 12:17:20,2.446,gt
2014-12-12 12:17:20,3.765,gt
2014-12-12 12:17:20,4.51,gt
2014-12-12 12:17:20,4.607,gt
2014-12-12 12:17:20,4.032,gt
2014-12-12 12:17:20,2.695,gt
2014-12-12 12:17:20,1.185,gt
2014-12-12 12:17:20,-0.859,gt
2014-12-12 12:17:20,-2.343,gt
2014-12-12 12:17:20,-3.733,gt
2014-12-12 12:17:20,-4.446,gt
2014-12-12 12:17:20,-4.554,gt
2014-12-12 12:17:20,-4.018,gt
2014-12-12 12:17:20,-2.921,gt
2014-12-12 12:17:20,-1.457,gt
2014-12-12 12:17:20,0.513,gt
2014-12-12 12:17:20,2.299,gt
2014-12-12 12:17:20,3.716,gt
2014-12-12 12:17:20,4.566,gt
2014-12-12 12:17:20,4.736,gt
2014-12-12 12:17:20,3.968,gt
2014-12-12 12:17:20,2.924,gt
2014-12-12 12:17:20,1.22,gt
2014-12-12 12:17:20,-0.176,gt
2014-12-12 12:17:20,-2.164,gt
2014-12-12 12:17:20,-3.51,gt
2014-12-12 12:17:20,-4.487,gt
2014-12-12 12:17:20,-4.768,gt
2014-12-12 12:17:20,-4.326,gt
2014-12-12 12:17:20,-3.079,gt
2014-12-12 12:17:20,-1.428,gt
2014-12-12 12:17:20,0.337,gt
2014-12-12 12:17:20,2.299,gt
2014-12-12 12:17:20,3.677,gt
2014-12-12 12:17:20,4.548,gt
2014-12-12 12:17:20,4.801,gt
2014-12-12 12:17:20,4.132,gt
2014-12-12 12:17:20,3.065,gt
2014-12-12 12:17:20,1.493,gt
2014-12-12 12:17:21,-0.267,gt
2014-12-12 12:17:21,-2.041,gt
2014-12-12 12:17:21,-3.525,gt
2014-12-12 12:17:21,-4.519,gt
2014-12-12 12:17:21,-4.804,gt
2014-12-12 12:17:21,-4.208,gt
2014-12-12 12:17:21,-3.076,gt
2014-12-12 12:17:21,-1.375,gt
2014-12-12 12:17:21,0.331,gt
2014-12-12 12:17:21,2.235,gt
2014-12-12 12:17:21,3.54,gt
2014-12-12 12:17:21,4.457,gt
2014-12-12 12:17:21,4.698,gt
2014-12-12 12:17:21,4.196,gt
2014-12-12 12:17:21,3.065,gt
2014-12-12 12:17:21,1.604,gt
2014-12-12 12:17:21,-0.302,gt
2014-12-12 12:17:21,-2.076,gt
2014-12-12 12:17:21,-3.443,gt
2014-12-12 12:17:21,-4.434,gt
2014-12-12 12:17:21,-4.663,gt
2014-12-12 12:17:21,-4.179,gt
2014-12-12 12:17:21,-3.114,gt
2014-12-12 12:17:21,-1.449,gt
2014-12-12 12:17:21,-0.003,gt
2014-12-12 12:17:21,2.029,gt
2014-12-12 12:17:21,3.305,gt
2014-12-12 12:17:21,4.372,gt
2014-12-12 12:17:21,4.698,gt
2014-12-12 12:17:21,4.361,gt
2014-12-12 12:17:21,3.255,gt
2014-12-12 12:17:21,1.677,gt
2014-12-12 12:17:21,-0.161,gt
2014-12-12 12:17:21,-1.9,gt
2014-12-12 12:17:21,-3.258,gt
2014-12-12 12:17:21,-4.249,gt
2014-12-12 12:17:21,-4.642,gt
2014-12-12 12:17:21,-4.355,gt
2014-12-12 12:17:21,-3.337,gt
2014-12-12 12:17:21,-1.95,gt
2014-12-12 12:17:21,-0.015,gt
2014-12-12 12:17:21,1.833,gt
2014-12-12 12:17:21,3.364,gt
2014-12-12 12:17:21,4.472,gt
2014-12-12 12:17:21,4.73,gt
2014-12-12 12:17:21,4.317,gt
2014-12-12 12:17:21,3.056,gt
2014-12-12 12:17:21,1.853,gt
2014-12-12 12:17:21,0.018,gt
2014-12-12 12:17:21,-1.557,gt
2014-12-12 12:17:21,-3.065,gt
2014-12-12 12:17:21,-4.15,gt
2014-12-12 12:17:21,-4.636,gt
2014-12-12 12:17:21,-4.238,gt
2014-12-12 12:17:21,-3.375,gt
2014-12-12 12:17:21,-1.9,gt
2014-12-12 12:17:21,-0.226,gt
2014-12-12 12:17:21,1.434,gt
2014-12-12 12:17:21,3.047,gt
2014-12-12 12:17:21,4.079,gt
2014-12-12 12:17:21,4.604,gt
2014-12-12 12:17:21,4.49,gt
2014-12-12 12:17:21,3.537,gt
2014-12-12 12:17:21,2.021,gt
2014-12-12 12:17:21,0.337,gt
2014-12-12 12:17:21,-1.308,gt
2014-12-12 12:17:21,-2.997,gt
2014-12-12 12:17:21,-4,gt
2014-12-12 12:17:21,-4.566,gt
2014-12-12 12:17:21,-4.328,gt
2014-12-12 12:17:21,-3.663,gt
2014-12-12 12:17:21,-2.311,gt
2014-12-12 12:17:21,-0.613,gt
2014-12-12 12:17:21,1.155,gt
2014-12-12 12:17:21,2.9,gt
2014-12-12 12:17:21,4.135,gt
2014-12-12 12:17:21,4.642,gt
2014-12-12 12:17:21,4.487,gt
2014-12-12 12:17:21,3.507,gt
2014-12-12 12:17:21,2.296,gt
2014-12-12 12:17:22,0.625,gt
2014-12-12 12:17:22,-1.018,gt
2014-12-12 12:17:22,-2.554,gt
2014-12-12 12:17:22,-3.848,gt
2014-12-12 12:17:22,-4.578,gt
2014-12-12 12:17:14,-1.536,extrap
2014-12-12 12:17:14,0.0100403394000237,extrap
2014-12-12 12:17:14,1.38937742706378,extrap
2014-12-12 12:17:14,2.43530801125502,extrap
2014-12-12 12:17:14,4.0291638401324,extrap
2014-12-12 12:17:14,5.6711007947304,extrap
2014-12-12 12:17:14,6.4178590310858,extrap
2014-12-12 12:17:14,5.65368068692167,extrap
2014-12-12 12:17:14,4.07281582670622,extrap
2014-12-12 12:17:14,2.69701649659395,extrap
2014-12-12 12:17:14,1.97050790304443,extrap
2014-12-12 12:17:14,0.598649778373171,extrap
2014-12-12 12:17:14,-1.0759709046237,extrap
2014-12-12 12:17:14,-2.55593201245921,extrap
2014-12-12 12:17:14,-3.84161972108651,extrap
2014-12-12 12:17:14,-4.61150586224872,extrap
2014-12-12 12:17:14,-4.45611941146883,extrap
2014-12-12 12:17:14,-3.57499062840575,extrap
2014-12-12 12:17:14,-2.77663211836283,extrap
2014-12-12 12:17:14,-2.49458942153763,extrap
2014-12-12 12:17:14,-1.82851318790786,extrap
2014-12-12 12:17:14,-0.584033013183756,extrap
2014-12-12 12:17:14,0.960785138724819,extrap
2014-12-12 12:17:14,2.35417355875885,extrap
2014-12-12 12:17:14,4.03842713289802,extrap
2014-12-12 12:17:14,5.56799960862603,extrap
2014-12-12 12:17:14,6.19292228984415,extrap
2014-12-12 12:17:14,5.44933978526387,extrap
2014-12-12 12:17:14,4.01784992283751,extrap
2014-12-12 12:17:14,2.86516383532759,extrap
2014-12-12 12:17:14,2.39848334419542,extrap
2014-12-12 12:17:14,1.33187578433791,extrap
2014-12-12 12:17:14,-0.116611877438976,extrap
2014-12-12 12:17:14,-1.53014319568447,extrap
2014-12-12 12:17:14,-2.50099112581893,extrap
2014-12-12 12:17:14,-3.65964617152953,extrap
2014-12-12 12:17:14,-4.76565460374375,extrap
2014-12-12 12:17:14,-5.26920472240795,extrap
2014-12-12 12:17:14,-4.7956892373503,extrap
2014-12-12 12:17:14,-3.67150637257034,extrap
2014-12-12 12:17:14,-2.39827277823386,extrap
2014-12-12 12:17:14,-1.21853275981554,extrap
2014-12-12 12:17:14,0.365756314704838,extrap
2014-12-12 12:17:14,1.87612790536057,extrap
2014-12-12 12:17:14,2.83985457022804,extrap
2014-12-12 12:17:14,4.31797901227008,extrap
2014-12-12 12:17:14,6.02942931632286,extrap
2014-12-12 12:17:14,7.22946642208664,extrap
2014-12-12 12:17:14,7.202233720908,extrap
2014-12-12 12:17:14,5.89620817852295,extrap
2014-12-12 12:17:14,3.9242209948935,extrap
2014-12-12 12:17:14,1.92798995359535,extrap
2014-12-12 12:17:14,0.264369849902142,extrap
2014-12-12 12:17:14,-1.43145594381467,extrap
2014-12-12 12:17:14,-2.61138963897071,extrap
2014-12-12 12:17:14,-3.88198817076126,extrap
2014-12-12 12:17:14,-5.03937874008373,extrap
2014-12-12 12:17:14,-5.55874493508371,extrap
2014-12-12 12:17:14,-5.09332104120405,extrap
2014-12-12 12:17:14,-4.00854413307652,extrap
2014-12-12 12:17:14,-2.84790198263013,extrap
2014-12-12 12:17:14,-1.83371555943082,extrap
2014-12-12 12:17:14,-0.274632960050032,extrap
2014-12-12 12:17:14,1.33459809188365,extrap
2014-12-12 12:17:14,2.49293951081819,extrap
2014-12-12 12:17:14,4.09748820375547,extrap
2014-12-12 12:17:14,5.85886518081663,extrap
2014-12-12 12:17:14,7.07655439380616,extrap
2014-12-12 12:17:14,7.07817511028534,extrap
2014-12-12 12:17:14,5.83842263852445,extrap
2014-12-12 12:17:14,3.97904820497679,extrap
2014-12-12 12:17:14,2.14993432734732,extrap
2014-12-12 12:17:14,0.702365497245057,extrap
2014-12-12 12:17:14,-0.85926792201319,extrap
2014-12-12 12:17:14,-2.07214051171347,extrap
2014-12-12 12:17:14,-2.67746004410854,extrap
2014-12-12 12:17:14,-2.88661936891018,extrap
2014-12-12 12:17:14,-3.57621358884156,extrap
2014-12-12 12:17:14,-4.32822203151352,extrap
2014-12-12 12:17:14,-4.36221571824119,extrap
2014-12-12 12:17:14,-3.4924944486599,extrap
2014-12-12 12:17:14,-2.12810529595091,extrap
2014-12-12 12:17:14,-0.601488785810414,extrap
2014-12-12 12:17:14,1.04255557349548,extrap
2014-12-12 12:17:14,2.30161523210155,extrap
2014-12-12 12:17:14,2.86960167776805,extrap
2014-12-12 12:17:14,4.16624316322352,extrap
2014-12-12 12:17:14,5.75029769771638,extrap
2014-12-12 12:17:14,6.5644667028747,extrap
2014-12-12 12:17:14,5.86942294561762,extrap
2014-12-12 12:17:14,4.19797284113243,extrap
2014-12-12 12:17:14,2.40087752675062,extrap
2014-12-12 12:17:14,0.972474589068633,extrap
2014-12-12 12:17:14,-0.639129369387872,extrap
2014-12-12 12:17:14,-1.95040399595069,extrap
2014-12-12 12:17:14,-2.63146857234506,extrap
2014-12-12 12:17:14,-2.86907996967899,extrap
2014-12-12 12:17:15,-3.58029966369315,extrap
2014-12-12 12:17:15,-4.37299839925052,extrap
2014-12-12 12:17:15,-4.48442756175734,extrap
2014-12-12 12:17:15,-3.7324587931408,extrap
2014-12-12 12:17:15,-2.51556593593999,extrap
2014-12-12 12:17:15,-1.12864118846483,extrap
2014-12-12 12:17:15,0.468912911147253,extrap
2014-12-12 12:17:15,1.80455370696097,extrap
2014-12-12 12:17:15,2.53063734896714,extrap
2014-12-12 12:17:15,2.80991502911234,extrap
2014-12-12 12:17:15,3.97481176446762,extrap
2014-12-12 12:17:15,5.29697815924365,extrap
2014-12-12 12:17:15,5.46892102840671,extrap
2014-12-12 12:17:15,4.30233130860929,extrap
2014-12-12 12:17:15,2.72804925422566,extrap
2014-12-12 12:17:15,1.36465656511946,extrap
2014-12-12 12:17:15,-0.25766874425002,extrap
2014-12-12 12:17:15,-1.65641473373622,extrap
2014-12-12 12:17:15,-2.45208453571604,extrap
2014-12-12 12:17:15,-2.77678572935486,extrap
2014-12-12 12:17:15,-3.57746514076783,extrap
2014-12-12 12:17:15,-4.4597362352937,extrap
2014-12-12 12:17:15,-4.64490449507395,extrap
2014-12-12 12:17:15,-3.9517043253665,extrap
2014-12-12 12:17:15,-2.79631763374212,extrap
2014-12-12 12:17:15,-1.46784746995909,extrap
2014-12-12 12:17:15,0.150807732302372,extrap
2014-12-12 12:17:15,1.58077174273866,extrap
2014-12-12 12:17:15,2.42443049733204,extrap
2014-12-12 12:17:15,2.777464436334,extrap
2014-12-12 12:17:15,3.97368397654662,extrap
2014-12-12 12:17:15,5.30278232323549,extrap
2014-12-12 12:17:15,5.47536519661421,extrap
2014-12-12 12:17:15,4.33860278705023,extrap
2014-12-12 12:17:15,2.87626510061589,extrap
2014-12-12 12:17:15,1.71667945614859,extrap
2014-12-12 12:17:15,0.246811463852211,extrap
2014-12-12 12:17:15,-1.12597348789231,extrap
2014-12-12 12:17:15,-2.04658551512624,extrap
2014-12-12 12:17:15,-2.54971484779377,extrap
2014-12-12 12:17:15,-2.84610415219919,extrap
2014-12-12 12:17:15,-3.57730214867803,extrap
2014-12-12 12:17:15,-4.28334755045198,extrap
2014-12-12 12:17:15,-4.20696519904815,extrap
2014-12-12 12:17:15,-3.20599524071606,extrap
2014-12-12 12:17:15,-1.7534237574391,extrap
2014-12-12 12:17:15,-0.253262032006631,extrap
2014-12-12 12:17:15,1.15563944073904,extrap
2014-12-12 12:17:15,2.09763272908355,extrap
2014-12-12 12:17:15,2.58728161811842,extrap
2014-12-12 12:17:15,2.8501904581573,extrap
2014-12-12 12:17:15,3.68511330240884,extrap
2014-12-12 12:17:15,4.53965185743601,extrap
2014-12-12 12:17:15,4.49338795637073,extrap
2014-12-12 12:17:15,3.39731589863891,extrap
2014-12-12 12:17:15,1.87386643979947,extrap
2014-12-12 12:17:15,0.411620179104307,extrap
2014-12-12 12:17:15,-0.99752261423628,extrap
2014-12-12 12:17:15,-1.97791239714727,extrap
2014-12-12 12:17:15,-2.51218768566972,extrap
2014-12-12 12:17:15,-2.81403756248402,extrap
2014-12-12 12:17:15,-3.57527036392926,extrap
2014-12-12 12:17:15,-4.33250666190839,extrap
2014-12-12 12:17:15,-4.30743848929869,extrap
2014-12-12 12:17:15,-3.34347667333749,extrap
2014-12-12 12:17:15,-1.90577017019931,extrap
2014-12-12 12:17:15,-0.387615211988138,extrap
2014-12-12 12:17:15,1.08434546226563,extrap
2014-12-12 12:17:15,2.09956718373097,extrap
2014-12-12 12:17:15,2.61143601195527,extrap
2014-12-12 12:17:15,2.85232188486595,extrap
2014-12-12 12:17:15,3.71845748472417,extrap
2014-12-12 12:17:15,4.63890884777308,extrap
2014-12-12 12:17:15,4.64088405043774,extrap
2014-12-12 12:17:15,3.57774327763963,extrap
2014-12-12 12:17:15,2.12897313143101,extrap
2014-12-12 12:17:15,0.795878650965736,extrap
2014-12-12 12:17:15,-0.569055178596528,extrap
2014-12-12 12:17:15,-1.62176955353805,extrap
2014-12-12 12:17:15,-2.28168956399734,extrap
2014-12-12 12:17:15,-2.70783557407396,extrap
2014-12-12 12:17:15,-3.58370427409695,extrap
2014-12-12 12:17:15,-4.43089037970279,extrap
2014-12-12 12:17:15,-4.45245622915262,extrap
2014-12-12 12:17:15,-3.49774600023923,extrap
2014-12-12 12:17:15,-2.06236561245903,extrap
2014-12-12 12:17:15,-0.550925241814992,extrap
2014-12-12 12:17:15,0.960707052797171,extrap
2014-12-12 12:17:15,2.04679931591844,extrap
2014-12-12 12:17:15,2.59708867068317,extrap
2014-12-12 12:17:15,2.84139213372342,extrap
2014-12-12 12:17:15,3.75881768768252,extrap
2014-12-12 12:17:15,4.75262413676087,extrap
2014-12-12 12:17:15,4.79268380392266,extrap
2014-12-12 12:17:15,3.72820767205345,extrap
2014-12-12 12:17:15,2.28778520173118,extrap
2014-12-12 12:17:15,0.992544315623159,extrap
2014-12-12 12:17:15,-0.384495480863976,extrap
2014-12-12 12:17:15,-1.49443749372243,extrap
2014-12-12 12:17:15,-2.20458778756783,extrap
2014-12-12 12:17:16,-2.65870801968403,extrap
2014-12-12 12:17:16,-3.55538777653051,extrap
2014-12-12 12:17:16,-4.43045155460645,extrap
2014-12-12 12:17:16,-4.49916294831148,extrap
2014-12-12 12:17:16,-3.61345871498475,extrap
2014-12-12 12:17:16,-2.26196857454183,extrap
2014-12-12 12:17:16,-0.828966205083544,extrap
2014-12-12 12:17:16,0.671873008603256,extrap
2014-12-12 12:17:16,1.83143399488428,extrap
2014-12-12 12:17:16,2.47667530262911,extrap
2014-12-12 12:17:16,2.79325563576647,extrap
2014-12-12 12:17:16,3.77265535884292,extrap
2014-12-12 12:17:16,4.81469344954365,extrap
2014-12-12 12:17:16,4.87969675654111,extrap
2014-12-12 12:17:16,3.8442293654893,extrap
2014-12-12 12:17:16,2.50112109270879,extrap
2014-12-12 12:17:16,1.38761110168897,extrap
2014-12-12 12:17:16,0.123470231923476,extrap
2014-12-12 12:17:16,-1.0133935416663,extrap
2014-12-12 12:17:16,-1.86463723484675,extrap
2014-12-12 12:17:16,-2.48847159238064,extrap
2014-12-12 12:17:16,-3.48758843446689,extrap
2014-12-12 12:17:16,-4.41183934974211,extrap
2014-12-12 12:17:16,-4.5196905153577,extrap
2014-12-12 12:17:16,-3.70170712467922,extrap
2014-12-12 12:17:16,-2.48053373051032,extrap
2014-12-12 12:17:16,-1.23938142893769,extrap
2014-12-12 12:17:16,0.133716272805508,extrap
2014-12-12 12:17:16,1.31198385901242,extrap
2014-12-12 12:17:16,2.10287330610902,extrap
2014-12-12 12:17:16,2.60474529135497,extrap
2014-12-12 12:17:16,3.73231534246825,extrap
2014-12-12 12:17:16,4.86885048677466,extrap
2014-12-12 12:17:16,4.97356012716572,extrap
2014-12-12 12:17:16,3.94337003909479,extrap
2014-12-12 12:17:16,2.61289320982809,extrap
2014-12-12 12:17:16,1.54093827454738,extrap
2014-12-12 12:17:16,0.293513355221036,extrap
2014-12-12 12:17:16,-0.863221004944124,extrap
2014-12-12 12:17:16,-1.74844062340069,extrap
2014-12-12 12:17:16,-2.40376036376257,extrap
2014-12-12 12:17:16,-2.90659149333364,extrap
2014-12-12 12:17:16,-3.75439390506765,extrap
2014-12-12 12:17:16,-4.27651815015758,extrap
2014-12-12 12:17:16,-3.74850209792977,extrap
2014-12-12 12:17:16,-2.60327654692692,extrap
2014-12-12 12:17:16,-1.36766312930113,extrap
2014-12-12 12:17:16,0.0391085196533352,extrap
2014-12-12 12:17:16,1.27215316081961,extrap
2014-12-12 12:17:16,2.09155223083454,extrap
2014-12-12 12:17:16,2.58816715273647,extrap
2014-12-12 12:17:16,3.74400168885561,extrap
2014-12-12 12:17:16,4.92935415259282,extrap
2014-12-12 12:17:16,5.06580442407396,extrap
2014-12-12 12:17:16,4.04303038231289,extrap
2014-12-12 12:17:16,2.718838011693,extrap
2014-12-12 12:17:16,1.65913312075661,extrap
2014-12-12 12:17:16,0.386561847324027,extrap
2014-12-12 12:17:16,-0.814846905718139,extrap
2014-12-12 12:17:16,-1.72616816434112,extrap
2014-12-12 12:17:16,-2.37761729918212,extrap
2014-12-12 12:17:16,-2.8589969549433,extrap
2014-12-12 12:17:16,-3.68278983096827,extrap
2014-12-12 12:17:16,-4.21838409325232,extrap
2014-12-12 12:17:16,-3.77315855923572,extrap
2014-12-12 12:17:16,-2.75169448960359,extrap
2014-12-12 12:17:16,-1.63803071211514,extrap
2014-12-12 12:17:16,-0.304104360396469,extrap
2014-12-12 12:17:16,0.941148381583712,extrap
2014-12-12 12:17:16,1.84906059764374,extrap
2014-12-12 12:17:16,2.45157713479133,extrap
2014-12-12 12:17:16,2.86221974385872,extrap
2014-12-12 12:17:16,3.90373074226748,extrap
2014-12-12 12:17:16,4.62945771194013,extrap
2014-12-12 12:17:16,4.01712269907455,extrap
2014-12-12 12:17:16,2.84036237027012,extrap
2014-12-12 12:17:16,1.91826956956863,extrap
2014-12-12 12:17:16,0.756401319499451,extrap
2014-12-12 12:17:16,-0.41451491877141,extrap
2014-12-12 12:17:16,-1.3951726094102,extrap
2014-12-12 12:17:16,-2.16454257483956,extrap
2014-12-12 12:17:16,-2.76439382757164,extrap
2014-12-12 12:17:16,-3.69571119933266,extrap
2014-12-12 12:17:16,-4.30340733237634,extrap
2014-12-12 12:17:16,-3.87759520231715,extrap
2014-12-12 12:17:16,-2.85726263125349,extrap
2014-12-12 12:17:16,-1.75240648080281,extrap
2014-12-12 12:17:16,-0.394384976200911,extrap
2014-12-12 12:17:16,0.895078481401105,extrap
2014-12-12 12:17:16,1.8358278451191,extrap
2014-12-12 12:17:16,2.43671945351853,extrap
2014-12-12 12:17:16,2.82936103019615,extrap
2014-12-12 12:17:16,3.70269577842892,extrap
2014-12-12 12:17:16,4.53107046516351,extrap
2014-12-12 12:17:16,4.458084986949,extrap
2014-12-12 12:17:16,3.3991090530937,extrap
2014-12-12 12:17:16,2.04125818545951,extrap
2014-12-12 12:17:16,0.876528432501099,extrap
2014-12-12 12:17:16,-0.321808717874411,extrap
2014-12-12 12:17:16,-1.33223975149413,extrap
2014-12-12 12:17:17,-2.1118662851456,extrap
2014-12-12 12:17:17,-2.708764195134,extrap
2014-12-12 12:17:17,-3.61889194936435,extrap
2014-12-12 12:17:17,-4.39181640506979,extrap
2014-12-12 12:17:17,-4.31892389165067,extrap
2014-12-12 12:17:17,-3.32622427897329,extrap
2014-12-12 12:17:17,-1.97433124208712,extrap
2014-12-12 12:17:17,-0.690117368237699,extrap
2014-12-12 12:17:17,0.592848146124488,extrap
2014-12-12 12:17:17,1.6035147190865,extrap
2014-12-12 12:17:17,2.29695044326602,extrap
2014-12-12 12:17:17,2.76572683527591,extrap
2014-12-12 12:17:17,3.7209268449842,extrap
2014-12-12 12:17:17,4.6234486908592,extrap
2014-12-12 12:17:17,4.59129223423568,extrap
2014-12-12 12:17:17,3.56231032113134,extrap
2014-12-12 12:17:17,2.29415650632915,extrap
2014-12-12 12:17:17,1.29888832046598,extrap
2014-12-12 12:17:17,0.192783976399689,extrap
2014-12-12 12:17:17,-0.862672730967504,extrap
2014-12-12 12:17:17,-1.78564386486432,extrap
2014-12-12 12:17:17,-2.55191340955839,extrap
2014-12-12 12:17:17,-3.61198778296429,extrap
2014-12-12 12:17:17,-4.49154795424366,extrap
2014-12-12 12:17:17,-4.46301416433734,extrap
2014-12-12 12:17:17,-3.46556026344476,extrap
2014-12-12 12:17:17,-2.10513444612016,extrap
2014-12-12 12:17:17,-0.832934680499509,extrap
2014-12-12 12:17:17,0.464633446178615,extrap
2014-12-12 12:17:17,1.51019512993516,extrap
2014-12-12 12:17:17,2.22731948905035,extrap
2014-12-12 12:17:17,2.71213018544279,extrap
2014-12-12 12:17:17,3.72053072593179,extrap
2014-12-12 12:17:17,4.68963597395488,extrap
2014-12-12 12:17:17,4.69427274126242,extrap
2014-12-12 12:17:17,3.6579559658262,extrap
2014-12-12 12:17:17,2.35291510484239,extrap
2014-12-12 12:17:17,1.30455862032158,extrap
2014-12-12 12:17:17,0.141302215918409,extrap
2014-12-12 12:17:17,-0.936708874807407,extrap
2014-12-12 12:17:17,-1.82880050092384,extrap
2014-12-12 12:17:17,-2.53558528101404,extrap
2014-12-12 12:17:17,-3.51748171145885,extrap
2014-12-12 12:17:17,-4.35183471931441,extrap
2014-12-12 12:17:17,-4.37329132539208,extrap
2014-12-12 12:17:17,-3.52874036373892,extrap
2014-12-12 12:17:17,-2.37729344237344,extrap
2014-12-12 12:17:17,-1.31413933248736,extrap
2014-12-12 12:17:17,-0.140356338654358,extrap
2014-12-12 12:17:17,0.94226440869506,extrap
2014-12-12 12:17:17,1.82631478006848,extrap
2014-12-12 12:17:17,2.51832907023495,extrap
2014-12-12 12:17:17,3.69271196187237,extrap
2014-12-12 12:17:17,4.76565679921627,extrap
2014-12-12 12:17:17,4.80734931022418,extrap
2014-12-12 12:17:17,3.76489310435626,extrap
2014-12-12 12:17:17,2.46228240251479,extrap
2014-12-12 12:17:17,1.45332345587057,extrap
2014-12-12 12:17:17,0.31210362340183,extrap
2014-12-12 12:17:17,-0.774939073900629,extrap
2014-12-12 12:17:17,-1.69439015779744,extrap
2014-12-12 12:17:17,-2.43751252737133,extrap
2014-12-12 12:17:17,-3.47318907271433,extrap
2014-12-12 12:17:17,-4.36714629561004,extrap
2014-12-12 12:17:17,-4.43628631662656,extrap
2014-12-12 12:17:17,-3.61865290794814,extrap
2014-12-12 12:17:17,-2.47338562580485,extrap
2014-12-12 12:17:17,-1.39584881548264,extrap
2014-12-12 12:17:17,-0.190513959965136,extrap
2014-12-12 12:17:17,0.9179916756432,extrap
2014-12-12 12:17:17,1.79678186912208,extrap
2014-12-12 12:17:17,2.46952102491857,extrap
2014-12-12 12:17:17,3.67553281695597,extrap
2014-12-12 12:17:17,4.80999950606606,extrap
2014-12-12 12:17:17,4.89753761114494,extrap
2014-12-12 12:17:17,3.86485357496461,extrap
2014-12-12 12:17:17,2.54077181789663,extrap
2014-12-12 12:17:17,1.48435838718111,extrap
2014-12-12 12:17:17,0.281029353876261,extrap
2014-12-12 12:17:17,-0.839019525772397,extrap
2014-12-12 12:17:17,-1.72960565729992,extrap
2014-12-12 12:17:17,-2.41587342500845,extrap
2014-12-12 12:17:17,-3.45072246313108,extrap
2014-12-12 12:17:17,-4.38906794751155,extrap
2014-12-12 12:17:17,-4.50945502794584,extrap
2014-12-12 12:17:17,-3.71807902983306,extrap
2014-12-12 12:17:17,-2.54880497321022,extrap
2014-12-12 12:17:17,-1.38447338045499,extrap
2014-12-12 12:17:17,-0.0702759022340689,extrap
2014-12-12 12:17:17,1.1031195464808,extrap
2014-12-12 12:17:17,1.94731095611252,extrap
2014-12-12 12:17:17,2.52429760780795,extrap
2014-12-12 12:17:17,3.68943702599357,extrap
2014-12-12 12:17:17,4.83550341781426,extrap
2014-12-12 12:17:17,4.95017656921195,extrap
2014-12-12 12:17:17,3.94773288458945,extrap
2014-12-12 12:17:17,2.66901657185938,extrap
2014-12-12 12:17:17,1.67048400443366,extrap
2014-12-12 12:17:17,0.484088553725194,extrap
2014-12-12 12:17:17,-0.659996206166078,extrap
2014-12-12 12:17:18,-1.59163685841356,extrap
2014-12-12 12:17:18,-2.3181245424924,extrap
2014-12-12 12:17:18,-2.87936610348486,extrap
2014-12-12 12:17:18,-3.74163444595222,extrap
2014-12-12 12:17:18,-4.26203977740242,extrap
2014-12-12 12:17:18,-3.75458169532288,extrap
2014-12-12 12:17:18,-2.67147245432998,extrap
2014-12-12 12:17:18,-1.54025011224069,extrap
2014-12-12 12:17:18,-0.222307148017864,extrap
2014-12-12 12:17:18,0.989156233518432,extrap
2014-12-12 12:17:18,1.87402811266302,extrap
2014-12-12 12:17:18,2.47413777907329,extrap
2014-12-12 12:17:18,2.8899730856552,extrap
2014-12-12 12:17:18,3.89846645885117,extrap
2014-12-12 12:17:18,4.58195088360551,extrap
2014-12-12 12:17:18,3.95658189275009,extrap
2014-12-12 12:17:18,2.78391467806287,extrap
2014-12-12 12:17:18,1.86950712904481,extrap
2014-12-12 12:17:18,0.736799369733669,extrap
2014-12-12 12:17:18,-0.404413898801959,extrap
2014-12-12 12:17:18,-1.37985959501213,extrap
2014-12-12 12:17:18,-2.17004713633926,extrap
2014-12-12 12:17:18,-2.7976341409902,extrap
2014-12-12 12:17:18,-3.74532386171554,extrap
2014-12-12 12:17:18,-4.34012034846259,extrap
2014-12-12 12:17:18,-3.86233189501824,extrap
2014-12-12 12:17:18,-2.77454660948577,extrap
2014-12-12 12:17:18,-1.61617317910242,extrap
2014-12-12 12:17:18,-0.2357053164937,extrap
2014-12-12 12:17:18,1.03955394350676,extrap
2014-12-12 12:17:18,1.94004556562624,extrap
2014-12-12 12:17:18,2.5026368687928,extrap
2014-12-12 12:17:18,2.86544912337059,extrap
2014-12-12 12:17:18,3.88212441436063,extrap
2014-12-12 12:17:18,4.60940029521333,extrap
2014-12-12 12:17:18,4.01936504230243,extrap
2014-12-12 12:17:18,2.87416255362466,extrap
2014-12-12 12:17:18,1.97961674711632,extrap
2014-12-12 12:17:18,0.829316691031266,extrap
2014-12-12 12:17:18,-0.348406020810768,extrap
2014-12-12 12:17:18,-1.35080337290897,extrap
2014-12-12 12:17:18,-2.14115600548071,extrap
2014-12-12 12:17:18,-2.74894230405307,extrap
2014-12-12 12:17:18,-3.63924670824614,extrap
2014-12-12 12:17:18,-4.21178415268309,extrap
2014-12-12 12:17:18,-3.82145555117047,extrap
2014-12-12 12:17:18,-2.90744222792659,extrap
2014-12-12 12:17:18,-1.95798982801,extrap
2014-12-12 12:17:18,-0.754716589626089,extrap
2014-12-12 12:17:18,0.455774724774249,extrap
2014-12-12 12:17:18,1.45051157846463,extrap
2014-12-12 12:17:18,2.19536253515938,extrap
2014-12-12 12:17:18,2.74672932516009,extrap
2014-12-12 12:17:18,3.74639797401169,extrap
2014-12-12 12:17:18,4.64658144701216,extrap
2014-12-12 12:17:18,4.57497108898375,extrap
2014-12-12 12:17:18,3.46925056354027,extrap
2014-12-12 12:17:18,2.07712104270516,extrap
2014-12-12 12:17:18,0.925399163112179,extrap
2014-12-12 12:17:18,-0.269007513199331,extrap
2014-12-12 12:17:18,-1.29294104203931,extrap
2014-12-12 12:17:18,-2.09041411559858,extrap
2014-12-12 12:17:18,-2.69553546992986,extrap
2014-12-12 12:17:18,-3.57761562206683,extrap
2014-12-12 12:17:18,-4.32163186817939,extrap
2014-12-12 12:17:18,-4.27046456074723,extrap
2014-12-12 12:17:18,-3.36827111638379,extrap
2014-12-12 12:17:18,-2.16061393773474,extrap
2014-12-12 12:17:18,-1.04300674104848,extrap
2014-12-12 12:17:18,0.137773176917789,extrap
2014-12-12 12:17:18,1.1771054389719,extrap
2014-12-12 12:17:18,2.00556792890275,extrap
2014-12-12 12:17:18,2.64603479202927,extrap
2014-12-12 12:17:18,3.74381256792351,extrap
2014-12-12 12:17:18,4.72909327521226,extrap
2014-12-12 12:17:18,4.6989406019458,extrap
2014-12-12 12:17:18,3.59563184062884,extrap
2014-12-12 12:17:18,2.20663160408771,extrap
2014-12-12 12:17:18,1.07891798180293,extrap
2014-12-12 12:17:18,-0.117441138996898,extrap
2014-12-12 12:17:18,-1.16597861891343,extrap
2014-12-12 12:17:18,-1.9885972740688,extrap
2014-12-12 12:17:18,-2.61939292823349,extrap
2014-12-12 12:17:18,-3.55319386260425,extrap
2014-12-12 12:17:18,-4.35938344230862,extrap
2014-12-12 12:17:18,-4.35344872981238,extrap
2014-12-12 12:17:18,-3.4663608062158,extrap
2014-12-12 12:17:18,-2.24455563116453,extrap
2014-12-12 12:17:18,-1.08660992760513,extrap
2014-12-12 12:17:18,0.14675542829179,extrap
2014-12-12 12:17:18,1.21720640370675,extrap
2014-12-12 12:17:18,2.02990320395596,extrap
2014-12-12 12:17:18,2.62791992955218,extrap
2014-12-12 12:17:18,3.712034310133,extrap
2014-12-12 12:17:18,4.71719130410896,extrap
2014-12-12 12:17:18,4.73048411231333,extrap
2014-12-12 12:17:18,3.6975457838025,extrap
2014-12-12 12:17:18,2.4225759152336,extrap
2014-12-12 12:17:18,1.44398710674663,extrap
2014-12-12 12:17:18,0.335457762851338,extrap
2014-12-12 12:17:19,-0.734776928804807,extrap
2014-12-12 12:17:19,-1.66797850217925,extrap
2014-12-12 12:17:19,-2.44463149074007,extrap
2014-12-12 12:17:19,-3.53797439353368,extrap
2014-12-12 12:17:19,-4.47408187716485,extrap
2014-12-12 12:17:19,-4.51864606991957,extrap
2014-12-12 12:17:19,-3.59910024132798,extrap
2014-12-12 12:17:19,-2.30463938137995,extrap
2014-12-12 12:17:19,-1.06756397962226,extrap
2014-12-12 12:17:19,0.247679854259375,extrap
2014-12-12 12:17:19,1.35646991736163,extrap
2014-12-12 12:17:19,2.12968689397525,extrap
2014-12-12 12:17:19,2.6485709765213,extrap
2014-12-12 12:17:19,3.70163122495155,extrap
2014-12-12 12:17:19,4.7218457511418,extrap
2014-12-12 12:17:19,4.7687265287691,extrap
2014-12-12 12:17:19,3.77704031182067,extrap
2014-12-12 12:17:19,2.55695946543065,extrap
2014-12-12 12:17:19,1.64106230666016,extrap
2014-12-12 12:17:19,0.558422838114017,extrap
2014-12-12 12:17:19,-0.531601735400659,extrap
2014-12-12 12:17:19,-1.51361069234297,extrap
2014-12-12 12:17:19,-2.34292259329223,extrap
2014-12-12 12:17:19,-3.44789852811956,extrap
2014-12-12 12:17:19,-4.3849444703409,extrap
2014-12-12 12:17:19,-4.47034229224248,extrap
2014-12-12 12:17:19,-3.65410919414869,extrap
2014-12-12 12:17:19,-2.51997799676063,extrap
2014-12-12 12:17:19,-1.47554284731667,extrap
2014-12-12 12:17:19,-0.292353054258276,extrap
2014-12-12 12:17:19,0.823100578613945,extrap
2014-12-12 12:17:19,1.73471822883084,extrap
2014-12-12 12:17:19,2.44154238712698,extrap
2014-12-12 12:17:19,3.6299420911202,extrap
2014-12-12 12:17:19,4.72655551219205,extrap
2014-12-12 12:17:19,4.81083126283201,extrap
2014-12-12 12:17:19,3.84263351324483,extrap
2014-12-12 12:17:19,2.66221461252067,extrap
2014-12-12 12:17:19,1.81562344995116,extrap
2014-12-12 12:17:19,0.784428073720984,extrap
2014-12-12 12:17:19,-0.304347269960792,extrap
2014-12-12 12:17:19,-1.33739089039835,extrap
2014-12-12 12:17:19,-2.23281880932138,extrap
2014-12-12 12:17:19,-3.31890399246712,extrap
2014-12-12 12:17:19,-4.20712425821064,extrap
2014-12-12 12:17:19,-4.31202466747778,extrap
2014-12-12 12:17:19,-3.62971677084712,extrap
2014-12-12 12:17:19,-2.73789669444702,extrap
2014-12-12 12:17:19,-2.01352479312926,extrap
2014-12-12 12:17:19,-1.09999703829684,extrap
2014-12-12 12:17:19,-0.0581569240772187,extrap
2014-12-12 12:17:19,1.03393119377843,extrap
2014-12-12 12:17:19,2.0504583876652,extrap
2014-12-12 12:17:19,2.85740919516528,extrap
2014-12-12 12:17:19,4.05465475143084,extrap
2014-12-12 12:17:19,4.7301934011744,extrap
2014-12-12 12:17:19,3.97996148146173,extrap
2014-12-12 12:17:19,2.76168767700295,extrap
2014-12-12 12:17:19,2.01803781591579,extrap
2014-12-12 12:17:19,1.09165087675555,extrap
2014-12-12 12:17:19,0.0500089645391995,extrap
2014-12-12 12:17:19,-1.02822225335285,extrap
2014-12-12 12:17:19,-2.02682893963272,extrap
2014-12-12 12:17:19,-2.82172579944543,extrap
2014-12-12 12:17:19,-3.69778700793872,extrap
2014-12-12 12:17:19,-4.1435560086489,extrap
2014-12-12 12:17:19,-3.66603696472235,extrap
2014-12-12 12:17:19,-2.81547491114518,extrap
2014-12-12 12:17:19,-2.13301273982375,extrap
2014-12-12 12:17:19,-1.25962330333774,extrap
2014-12-12 12:17:19,-0.241107048113176,extrap
2014-12-12 12:17:19,0.859949559883567,extrap
2014-12-12 12:17:19,1.91247237728916,extrap
2014-12-12 12:17:19,2.76792274724594,extrap
2014-12-12 12:17:19,3.98665152464774,extrap
2014-12-12 12:17:19,4.68298329214908,extrap
2014-12-12 12:17:19,3.98850589802443,extrap
2014-12-12 12:17:19,2.85638727085827,extrap
2014-12-12 12:17:19,2.21395852002314,extrap
2014-12-12 12:17:19,1.38158480356915,extrap
2014-12-12 12:17:19,0.386959553092303,extrap
2014-12-12 12:17:19,-0.723755967352397,extrap
2014-12-12 12:17:19,-1.81270497751887,extrap
2014-12-12 12:17:19,-2.71362519868221,extrap
2014-12-12 12:17:19,-3.66012915142831,extrap
2014-12-12 12:17:19,-4.14500348314401,extrap
2014-12-12 12:17:19,-3.69692841788287,extrap
2014-12-12 12:17:19,-2.89577593815538,extrap
2014-12-12 12:17:19,-2.30039936559714,extrap
2014-12-12 12:17:19,-1.51703091210065,extrap
2014-12-12 12:17:19,-0.552041915681185,extrap
2014-12-12 12:17:19,0.568640554626884,extrap
2014-12-12 12:17:19,1.70031007101545,extrap
2014-12-12 12:17:19,2.65385908219584,extrap
2014-12-12 12:17:19,3.90492058161171,extrap
2014-12-12 12:17:19,4.89643665594696,extrap
2014-12-12 12:17:19,4.78614479450307,extrap
2014-12-12 12:17:19,3.63489648546163,extrap
2014-12-12 12:17:19,2.40662913118689,extrap
2014-12-12 12:17:19,1.69896179714493,extrap
2014-12-12 12:17:20,0.782302835847795,extrap
2014-12-12 12:17:20,-0.350162929850134,extrap
2014-12-12 12:17:20,-1.54539440525443,extrap
2014-12-12 12:17:20,-2.5782540015229,extrap
2014-12-12 12:17:20,-3.64367900038922,extrap
2014-12-12 12:17:20,-4.3854949777264,extrap
2014-12-12 12:17:20,-4.29327885986807,extrap
2014-12-12 12:17:20,-3.4452263673795,extrap
2014-12-12 12:17:20,-2.50813371041306,extrap
2014-12-12 12:17:20,-1.8856006832277,extrap
2014-12-12 12:17:20,-1.03002884809829,extrap
2014-12-12 12:17:20,0.104779440385626,extrap
2014-12-12 12:17:20,1.36461138674714,extrap
2014-12-12 12:17:20,2.48701295851393,extrap
2014-12-12 12:17:20,3.85596253529755,extrap
2014-12-12 12:17:20,4.91224294847348,extrap
2014-12-12 12:17:20,4.83510091578042,extrap
2014-12-12 12:17:20,3.71668178507643,extrap
2014-12-12 12:17:20,2.56201520412845,extrap
2014-12-12 12:17:20,1.98321504318043,extrap
2014-12-12 12:17:20,1.16717117245892,extrap
2014-12-12 12:17:20,0.044407192701774,extrap
2014-12-12 12:17:20,-1.24173229051423,extrap
2014-12-12 12:17:20,-2.41085215315815,extrap
2014-12-12 12:17:20,-3.5734784634668,extrap
2014-12-12 12:17:20,-4.37087402336199,extrap
2014-12-12 12:17:20,-4.31321185444262,extrap
2014-12-12 12:17:20,-3.50333964569437,extrap
2014-12-12 12:17:20,-2.63679818483543,extrap
2014-12-12 12:17:20,-2.12789273125654,extrap
2014-12-12 12:17:20,-1.37109014318446,extrap
2014-12-12 12:17:20,-0.264642887461268,extrap
2014-12-12 12:17:20,1.06283921035408,extrap
2014-12-12 12:17:20,2.30641755983285,extrap
2014-12-12 12:17:20,3.74912154181561,extrap
2014-12-12 12:17:20,4.84076395233064,extrap
2014-12-12 12:17:20,4.80098694637431,extrap
2014-12-12 12:17:20,3.73615196670805,extrap
2014-12-12 12:17:20,2.63936731957683,extrap
2014-12-12 12:17:20,2.11638842601731,extrap
2014-12-12 12:17:20,1.36405973653845,extrap
2014-12-12 12:17:20,0.28498998866291,extrap
2014-12-12 12:17:20,-1.01555138567818,extrap
2014-12-12 12:17:20,-2.24840524288459,extrap
2014-12-12 12:17:20,-3.4940825942372,extrap
2014-12-12 12:17:20,-4.36637713500381,extrap
2014-12-12 12:17:20,-4.35013963685125,extrap
2014-12-12 12:17:20,-3.54210553251435,extrap
2014-12-12 12:17:20,-2.65087588763818,extrap
2014-12-12 12:17:20,-2.11016685425821,extrap
2014-12-12 12:17:20,-1.3524278250754,extrap
2014-12-12 12:17:20,-0.29155588951928,extrap
2014-12-12 12:17:20,0.984736475506654,extrap
2014-12-12 12:17:20,2.20161787051067,extrap
2014-12-12 12:17:20,3.62105824386142,extrap
2014-12-12 12:17:20,4.70944041905486,extrap
2014-12-12 12:17:20,4.71462847426479,extrap
2014-12-12 12:17:20,3.73332826431164,extrap
2014-12-12 12:17:20,2.71106102370201,extrap
2014-12-12 12:17:20,2.22594839573794,extrap
2014-12-12 12:17:20,1.51568636891652,extrap
2014-12-12 12:17:20,0.470881141161327,extrap
2014-12-12 12:17:20,-0.83809827080059,extrap
2014-12-12 12:17:20,-2.11132483172322,extrap
2014-12-12 12:17:20,-3.35007855609798,extrap
2014-12-12 12:17:20,-4.20266504398961,extrap
2014-12-12 12:17:20,-4.22121702115395,extrap
2014-12-12 12:17:20,-3.53039196447219,extrap
2014-12-12 12:17:20,-2.82737029769016,extrap
2014-12-12 12:17:20,-2.52165815549327,extrap
2014-12-12 12:17:20,-1.97017252510695,extrap
2014-12-12 12:17:20,-0.979211332543238,extrap
2014-12-12 12:17:20,0.42396994454665,extrap
2014-12-12 12:17:20,1.87685270440989,extrap
2014-12-12 12:17:20,3.43445316302729,extrap
2014-12-12 12:17:20,4.5776107516155,extrap
2014-12-12 12:17:20,4.63178563542484,extrap
2014-12-12 12:17:20,3.7214708677625,extrap
2014-12-12 12:17:20,2.77021723878775,extrap
2014-12-12 12:17:20,2.34699941080799,extrap
2014-12-12 12:17:20,1.71993098754799,extrap
2014-12-12 12:17:20,0.741029690952584,extrap
2014-12-12 12:17:20,-0.574459650756254,extrap
2014-12-12 12:17:20,-1.91611651838483,extrap
2014-12-12 12:17:20,-3.22527096075274,extrap
2014-12-12 12:17:20,-4.13507359684729,extrap
2014-12-12 12:17:20,-4.19700503713054,extrap
2014-12-12 12:17:20,-3.53913735382379,extrap
2014-12-12 12:17:20,-2.8661520120884,extrap
2014-12-12 12:17:20,-2.5991652338241,extrap
2014-12-12 12:17:20,-2.11136356163907,extrap
2014-12-12 12:17:20,-1.19104828842337,extrap
2014-12-12 12:17:20,0.19365622200479,extrap
2014-12-12 12:17:20,1.68567246620969,extrap
2014-12-12 12:17:20,2.87708943426959,extrap
2014-12-12 12:17:20,4.22055939618587,extrap
2014-12-12 12:17:20,4.85088488980072,extrap
2014-12-12 12:17:20,3.98873520691592,extrap
2014-12-12 12:17:20,2.85374145930858,extrap
2014-12-12 12:17:20,2.54221097692787,extrap
2014-12-12 12:17:21,2.03971905438075,extrap
2014-12-12 12:17:21,1.14860273820118,extrap
2014-12-12 12:17:21,-0.184193027405696,extrap
2014-12-12 12:17:21,-1.63535335656175,extrap
2014-12-12 12:17:21,-2.82111229629789,extrap
2014-12-12 12:17:21,-3.82561884370988,extrap
2014-12-12 12:17:21,-4.21252912923651,extrap
2014-12-12 12:17:21,-3.64304176282506,extrap
2014-12-12 12:17:21,-2.85647714712517,extrap
2014-12-12 12:17:21,-2.49626053161522,extrap
2014-12-12 12:17:21,-1.95596551095004,extrap
2014-12-12 12:17:21,-1.06652527664866,extrap
2014-12-12 12:17:21,0.228716229628787,extrap
2014-12-12 12:17:21,1.63269926602555,extrap
2014-12-12 12:17:21,2.77896828828513,extrap
2014-12-12 12:17:21,4.20361515539972,extrap
2014-12-12 12:17:21,5.30471530774011,extrap
2014-12-12 12:17:21,5.15770152843469,extrap
2014-12-12 12:17:21,3.90914366893926,extrap
2014-12-12 12:17:21,2.77657561037439,extrap
2014-12-12 12:17:21,2.4395497566275,extrap
2014-12-12 12:17:21,1.66148719849509,extrap
2014-12-12 12:17:21,0.305504500800593,extrap
2014-12-12 12:17:21,-1.28760656749633,extrap
2014-12-12 12:17:21,-2.6629876375602,extrap
2014-12-12 12:17:21,-3.80970000356016,extrap
2014-12-12 12:17:21,-4.26486244008907,extrap
2014-12-12 12:17:21,-3.69489895641855,extrap
2014-12-12 12:17:21,-2.90294181015748,extrap
2014-12-12 12:17:21,-2.59067321431501,extrap
2014-12-12 12:17:21,-2.13380751353604,extrap
2014-12-12 12:17:21,-1.33260192467519,extrap
2014-12-12 12:17:21,-0.0708026889603985,extrap
2014-12-12 12:17:21,1.37984594943251,extrap
2014-12-12 12:17:21,2.63497250068613,extrap
2014-12-12 12:17:21,4.1041257766507,extrap
2014-12-12 12:17:21,5.2002442933671,extrap
2014-12-12 12:17:21,5.0563575679096,extrap
2014-12-12 12:17:21,3.82057675361586,extrap
2014-12-12 12:17:21,2.65606307346228,extrap
2014-12-12 12:17:21,2.23506869402125,extrap
2014-12-12 12:17:21,1.46687865475524,extrap
2014-12-12 12:17:21,0.217754908145773,extrap
2014-12-12 12:17:21,-1.25543875966366,extrap
2014-12-12 12:17:21,-2.55842927235042,extrap
2014-12-12 12:17:21,-3.75447035429647,extrap
2014-12-12 12:17:21,-4.51134338404514,extrap
2014-12-12 12:17:21,-4.381555114387,extrap
2014-12-12 12:17:21,-3.51774902613816,extrap
2014-12-12 12:17:21,-2.67272399154553,extrap
2014-12-12 12:17:21,-2.26652594490827,extrap
2014-12-12 12:17:21,-1.52746285053496,extrap
2014-12-12 12:17:21,-0.306805373551757,extrap
2014-12-12 12:17:21,1.16293400002402,extrap
2014-12-12 12:17:21,2.48756942210405,extrap
2014-12-12 12:17:21,3.99216620826842,extrap
2014-12-12 12:17:21,5.10232191905791,extrap
2014-12-12 12:17:21,4.99122100613035,extrap
2014-12-12 12:17:21,3.81303941612964,extrap
2014-12-12 12:17:21,2.70297509813672,extrap
2014-12-12 12:17:21,2.32147309970777,extrap
2014-12-12 12:17:21,1.61509285311681,extrap
2014-12-12 12:17:21,0.418336366711685,extrap
2014-12-12 12:17:21,-1.05827842397909,extrap
2014-12-12 12:17:21,-2.41298054276341,extrap
2014-12-12 12:17:21,-3.64883341697535,extrap
2014-12-12 12:17:21,-4.43502018743351,extrap
2014-12-12 12:17:21,-4.34424456791121,extrap
2014-12-12 12:17:21,-3.53939929999844,extrap
2014-12-12 12:17:21,-2.7734495077593,extrap
2014-12-12 12:17:21,-2.46452466037248,extrap
2014-12-12 12:17:21,-1.82334323543328,extrap
2014-12-12 12:17:21,-0.6477998128531,extrap
2014-12-12 12:17:21,0.871519067392365,extrap
2014-12-12 12:17:21,2.30556625365729,extrap
2014-12-12 12:17:21,3.86071845479526,extrap
2014-12-12 12:17:21,4.98325735752532,extrap
2014-12-12 12:17:21,4.90718187176986,extrap
2014-12-12 12:17:21,3.80462720621318,extrap
2014-12-12 12:17:21,2.78583569449391,extrap
2014-12-12 12:17:21,2.49542930031735,extrap
2014-12-12 12:17:21,1.89007880019388,extrap
2014-12-12 12:17:21,0.753069712521342,extrap
2014-12-12 12:17:21,-0.757599016790288,extrap
2014-12-12 12:17:21,-2.21319054494475,extrap
2014-12-12 12:17:21,-3.5416827183095,extrap
2014-12-12 12:17:21,-4.39345272656219,extrap
2014-12-12 12:17:21,-4.34000990534969,extrap
2014-12-12 12:17:21,-3.55356839554422,extrap
2014-12-12 12:17:21,-2.80702846275254,extrap
2014-12-12 12:17:21,-2.53866470995296,extrap
2014-12-12 12:17:21,-1.97067157192007,extrap
2014-12-12 12:17:21,-0.875832139336042,extrap
2014-12-12 12:17:21,0.624888301786275,extrap
2014-12-12 12:17:21,2.11190782088644,extrap
2014-12-12 12:17:21,3.48494985986372,extrap
2014-12-12 12:17:21,4.37324566369081,extrap
2014-12-12 12:17:21,4.33172062942922,extrap
2014-12-12 12:17:21,3.51843421132687,extrap
2014-12-12 12:17:21,2.69459867743608,extrap
2014-12-12 12:17:22,2.37020894630697,extrap
2014-12-12 12:17:22,2.06934655135174,extrap
2014-12-12 12:17:14,-1.536,origin
2014-12-12 12:17:14,2.695,origin
2014-12-12 12:17:14,3,origin
2014-12-12 12:17:14,1.9,origin
2014-12-12 12:17:14,-3,origin
2014-12-12 12:17:14,-3,origin
2014-12-12 12:17:14,-1.699,origin
2014-12-12 12:17:14,2.841,origin
2014-12-12 12:17:14,3,origin
2014-12-12 12:17:14,2.239,origin
2014-12-12 12:17:14,-2.142,origin
2014-12-12 12:17:14,-3,origin
2014-12-12 12:17:14,-2.155,origin
2014-12-12 12:17:14,2.561,origin
2014-12-12 12:17:14,3,origin
2014-12-12 12:17:14,2.753,origin
2014-12-12 12:17:14,-2.322,origin
2014-12-12 12:17:14,-3,origin
2014-12-12 12:17:14,-2.544,origin
2014-12-12 12:17:14,2.268,origin
2014-12-12 12:17:14,3,origin
2014-12-12 12:17:14,2.724,origin
2014-12-12 12:17:14,-1.891,origin
2014-12-12 12:17:14,-3,origin
2014-12-12 12:17:14,-2.67,origin
2014-12-12 12:17:14,2.184,origin
2014-12-12 12:17:14,3,origin
2014-12-12 12:17:14,2.824,origin
2014-12-12 12:17:14,-1.891,origin
2014-12-12 12:17:15,-3,origin
2014-12-12 12:17:15,-2.862,origin
2014-12-12 12:17:15,1.812,origin
2014-12-12 12:17:15,3,origin
2014-12-12 12:17:15,3,origin
2014-12-12 12:17:15,-1.736,origin
2014-12-12 12:17:15,-3,origin
2014-12-12 12:17:15,-3,origin
2014-12-12 12:17:15,1.736,origin
2014-12-12 12:17:15,3,origin
2014-12-12 12:17:15,3,origin
2014-12-12 12:17:15,-1.356,origin
2014-12-12 12:17:15,-3,origin
2014-12-12 12:17:15,-3,origin
2014-12-12 12:17:15,1.464,origin
2014-12-12 12:17:15,3,origin
2014-12-12 12:17:15,3,origin
2014-12-12 12:17:15,-1.385,origin
2014-12-12 12:17:15,-3,origin
2014-12-12 12:17:15,-3,origin
2014-12-12 12:17:15,1.561,origin
2014-12-12 12:17:15,3,origin
2014-12-12 12:17:15,3,origin
2014-12-12 12:17:15,-1.113,origin
2014-12-12 12:17:15,-3,origin
2014-12-12 12:17:15,-3,origin
2014-12-12 12:17:15,1.611,origin
2014-12-12 12:17:15,3,origin
2014-12-12 12:17:15,3,origin
2014-12-12 12:17:15,-1.096,origin
2014-12-12 12:17:16,-3,origin
2014-12-12 12:17:16,-3,origin
2014-12-12 12:17:16,1.498,origin
2014-12-12 12:17:16,3,origin
2014-12-12 12:17:16,3,origin
2014-12-12 12:17:16,-0.728,origin
2014-12-12 12:17:16,-3,origin
2014-12-12 12:17:16,-3,origin
2014-12-12 12:17:16,1.096,origin
2014-12-12 12:17:16,3,origin
2014-12-12 12:17:16,3,origin
2014-12-12 12:17:16,-0.711,origin
2014-12-12 12:17:16,-3,origin
2014-12-12 12:17:16,-3,origin
2014-12-12 12:17:16,1.188,origin
2014-12-12 12:17:16,3,origin
2014-12-12 12:17:16,3,origin
2014-12-12 12:17:16,-0.799,origin
2014-12-12 12:17:16,-3,origin
2014-12-12 12:17:16,-3,origin
2014-12-12 12:17:16,0.996,origin
2014-12-12 12:17:16,3,origin
2014-12-12 12:17:16,3,origin
2014-12-12 12:17:16,-0.54,origin
2014-12-12 12:17:16,-3,origin
2014-12-12 12:17:16,-3,origin
2014-12-12 12:17:16,1.096,origin
2014-12-12 12:17:16,3,origin
2014-12-12 12:17:16,3,origin
2014-12-12 12:17:16,-0.594,origin
2014-12-12 12:17:17,-3,origin
2014-12-12 12:17:17,-3,origin
2014-12-12 12:17:17,0.946,origin
2014-12-12 12:17:17,3,origin
2014-12-12 12:17:17,3,origin
2014-12-12 12:17:17,-0.218,origin
2014-12-12 12:17:17,-3,origin
2014-12-12 12:17:17,-3,origin
2014-12-12 12:17:17,0.971,origin
2014-12-12 12:17:17,3,origin
2014-12-12 12:17:17,3,origin
2014-12-12 12:17:17,-0.427,origin
2014-12-12 12:17:17,-3,origin
2014-12-12 12:17:17,-3,origin
2014-12-12 12:17:17,0.502,origin
2014-12-12 12:17:17,3,origin
2014-12-12 12:17:17,3,origin
2014-12-12 12:17:17,-0.398,origin
2014-12-12 12:17:17,-3,origin
2014-12-12 12:17:17,-3,origin
2014-12-12 12:17:17,0.611,origin
2014-12-12 12:17:17,3,origin
2014-12-12 12:17:17,3,origin
2014-12-12 12:17:17,-0.598,origin
2014-12-12 12:17:17,-3,origin
2014-12-12 12:17:17,-3,origin
2014-12-12 12:17:17,0.929,origin
2014-12-12 12:17:17,3,origin
2014-12-12 12:17:17,3,origin
2014-12-12 12:17:17,-0.552,origin
2014-12-12 12:17:18,-3,origin
2014-12-12 12:17:18,-3,origin
2014-12-12 12:17:18,0.95,origin
2014-12-12 12:17:18,3,origin
2014-12-12 12:17:18,3,origin
2014-12-12 12:17:18,-0.435,origin
2014-12-12 12:17:18,-3,origin
2014-12-12 12:17:18,-3,origin
2014-12-12 12:17:18,1.142,origin
2014-12-12 12:17:18,3,origin
2014-12-12 12:17:18,3,origin
2014-12-12 12:17:18,-0.523,origin
2014-12-12 12:17:18,-3,origin
2014-12-12 12:17:18,-3,origin
2014-12-12 12:17:18,0.703,origin
2014-12-12 12:17:18,3,origin
2014-12-12 12:17:18,3,origin
2014-12-12 12:17:18,-0.59,origin
2014-12-12 12:17:18,-3,origin
2014-12-12 12:17:18,-3,origin
2014-12-12 12:17:18,0.531,origin
2014-12-12 12:17:18,3,origin
2014-12-12 12:17:18,3,origin
2014-12-12 12:17:18,-0.586,origin
2014-12-12 12:17:18,-3,origin
2014-12-12 12:17:18,-3,origin
2014-12-12 12:17:18,0.699,origin
2014-12-12 12:17:18,3,origin
2014-12-12 12:17:18,3,origin
2014-12-12 12:17:18,-0.268,origin
2014-12-12 12:17:19,-3,origin
2014-12-12 12:17:19,-3,origin
2014-12-12 12:17:19,0.971,origin
2014-12-12 12:17:19,3,origin
2014-12-12 12:17:19,3,origin
2014-12-12 12:17:19,-0.192,origin
2014-12-12 12:17:19,-3,origin
2014-12-12 12:17:19,-3,origin
2014-12-12 12:17:19,0.557,origin
2014-12-12 12:17:19,3,origin
2014-12-12 12:17:19,3,origin
2014-12-12 12:17:19,-0.1,origin
2014-12-12 12:17:19,-3,origin
2014-12-12 12:17:19,-3,origin
2014-12-12 12:17:19,-0.192,origin
2014-12-12 12:17:19,3,origin
2014-12-12 12:17:19,3,origin
2014-12-12 12:17:19,0.113,origin
2014-12-12 12:17:19,-3,origin
2014-12-12 12:17:19,-3,origin
2014-12-12 12:17:19,-0.234,origin
2014-12-12 12:17:19,3,origin
2014-12-12 12:17:19,3,origin
2014-12-12 12:17:19,0.31,origin
2014-12-12 12:17:19,-3,origin
2014-12-12 12:17:19,-3,origin
2014-12-12 12:17:19,-0.406,origin
2014-12-12 12:17:19,3,origin
2014-12-12 12:17:19,3,origin
2014-12-12 12:17:20,0.569,origin
2014-12-12 12:17:20,-3,origin
2014-12-12 12:17:20,-3,origin
2014-12-12 12:17:20,-0.753,origin
2014-12-12 12:17:20,3,origin
2014-12-12 12:17:20,3,origin
2014-12-12 12:17:20,0.828,origin
2014-12-12 12:17:20,-3,origin
2014-12-12 12:17:20,-3,origin
2014-12-12 12:17:20,-0.975,origin
2014-12-12 12:17:20,3,origin
2014-12-12 12:17:20,3,origin
2014-12-12 12:17:20,0.908,origin
2014-12-12 12:17:20,-3,origin
2014-12-12 12:17:20,-3,origin
2014-12-12 12:17:20,-0.833,origin
2014-12-12 12:17:20,3,origin
2014-12-12 12:17:20,3,origin
2014-12-12 12:17:20,0.941,origin
2014-12-12 12:17:20,-3,origin
2014-12-12 12:17:20,-3,origin
2014-12-12 12:17:20,-1.377,origin
2014-12-12 12:17:20,3,origin
2014-12-12 12:17:20,3,origin
2014-12-12 12:17:20,1.054,origin
2014-12-12 12:17:20,-3,origin
2014-12-12 12:17:20,-3,origin
2014-12-12 12:17:20,-1.431,origin
2014-12-12 12:17:20,3,origin
2014-12-12 12:17:20,3,origin
2014-12-12 12:17:21,1.31,origin
2014-12-12 12:17:21,-3,origin
2014-12-12 12:17:21,-3,origin
2014-12-12 12:17:21,-1.155,origin
2014-12-12 12:17:21,3,origin
2014-12-12 12:17:21,3,origin
2014-12-12 12:17:21,1.678,origin
2014-12-12 12:17:21,-3,origin
2014-12-12 12:17:21,-3,origin
2014-12-12 12:17:21,-1.28,origin
2014-12-12 12:17:21,3,origin
2014-12-12 12:17:21,3,origin
2014-12-12 12:17:21,1.347,origin
2014-12-12 12:17:21,-3,origin
2014-12-12 12:17:21,-3,origin
2014-12-12 12:17:21,-1.343,origin
2014-12-12 12:17:21,3,origin
2014-12-12 12:17:21,3,origin
2014-12-12 12:17:21,1.368,origin
2014-12-12 12:17:21,-3,origin
2014-12-12 12:17:21,-3,origin
2014-12-12 12:17:21,-1.519,origin
2014-12-12 12:17:21,3,origin
2014-12-12 12:17:21,3,origin
2014-12-12 12:17:21,1.531,origin
2014-12-12 12:17:21,-2.992,origin
2014-12-12 12:17:21,-3,origin
2014-12-12 12:17:21,-1.561,origin
2014-12-12 12:17:21,3,origin
2014-12-12 12:17:21,3,origin
2014-12-12 12:17:22,1.921,origin
